Id,BackendName,NameAr,NameEn,DescriptionAr,DescriptionEn,DisplayOrder,ParentId
06FC6DB6-F9E7-44E7-8A83-D6A90F365374, Architecture and Landscape ,العمارة والمناظر الطبيعية, Architecture and Landscape ,"","",2,53068239-3437-9508-3860-820022132875
0F871E46-DD63-4E11-84E1-67070DEEAC4A, Artificial Intelligence for Business, الذكاء الاصطناعي للأعمال, Artificial Intelligence for Business,"","",3,EF4B99A8-A131-49EB-A044-14B5F227BDC9
08C43179-07EA-4B3B-B884-D9C20E5BA8D1, Cyber Security and Forensic Computing,الأمن السيبراني والحوسبة الجنائية, Cyber Security and Forensic Computing,"","",11,EF4B99A8-A131-49EB-A044-14B5F227BDC9
0246B1F3-FD7F-460F-82BD-429A07CA31D9, Engineering Management,الإدارة الهندسية, Engineering Management,"","",12,A4E63C31-2522-498F-A2D1-160A4DE0C61F
0461FAC0-A9F4-45E5-AD03-02A50EEEDE45, International and Comparative Law ,القانون الدولي والمقارن, International and Comparative Law ,"","",14,53068239-3437-9508-3860-820022132875
02C2C319-EC6A-4BD0-AC87-A1450959453A, Marine technology with marine engineering,التكنولوجيا البحرية مع الهندسة البحرية, Marine technology with marine engineering,"","",18,EF4B99A8-A131-49EB-A044-14B5F227BDC9
0C1A2997-E137-4BE0-9CFB-F6FF0814F430, Mechatronics and Robotic Systems,الميكاترونكس والأنظمة الروبوتية, Mechatronics and Robotic Systems,"","",20,EF4B99A8-A131-49EB-A044-14B5F227BDC9
89798286-4261-9056-4345-838957121837,Academic Bridge Program,برنامج الجسر الأكاديمي,Academic Bridge Program,"","",32,
0385F69C-A761-42B8-9C24-2F490E4AB449,Academic Bridge Program,الجسر الأكاديمي,Academic Bridge Program,"","",33,89798286-4261-9056-4345-838957121837
062DE665-6710-4953-BEDF-16260F7E43B4,Academic Research,البحث الأكاديمي,Academic Research,"","",34,0EDE5489-BDF4-4838-9C6C-4E39B0B00E06
E48B8C61-6883-4B82-AF30-37D6D264267B,Accountancy,المحاسبة,Accountancy,"","",35,FE8830F7-D320-422C-90BE-2593BB1B9B89
FE8830F7-D320-422C-90BE-2593BB1B9B89,Accounting,محاسبة,Accounting,"","",36,
42B731EA-29D6-44C2-BFD7-E4EE60D65BCC,Accounting,محاسبة,Accounting,"","",37,FE8830F7-D320-422C-90BE-2593BB1B9B89
0AB2C31A-083D-42C3-BC52-C47C0C31814D,Accounting and Computer Science,المحاسبة وعلوم الكمبيوتر,Accounting and Computer Science,"","",38,53068239-3437-9508-3860-820022132875
01C3698D-6EB3-4886-AA42-AE1C0FE5E5BD,Accounting and FiNULLce,المحاسبة والمالية,Accounting and FiNULLce,"","",40,53068239-3437-9508-3860-820022132875
2CD5F603-2DCC-455D-B93D-A4F996432F83,Acoustics & vibration,الصوتيات والاهتزاز,Acoustics & vibration,"","",41,5DB7DE56-F67A-48CD-9089-46FB4E84D197
EF4D0470-7C30-419C-8E42-F9C3F9993E27,Acting,التمثيل,Acting,"","",42,27F76109-CE90-4F0B-A56C-AE5943612575
09BCCBF0-2AC7-4997-BDC8-63CA09918B80,Actuarial Mathematics ,الرياضيات الاكتوارية,Actuarial Mathematics ,"","",43,9589CFD6-4CBF-4FA8-B1EC-ABC0BF11F7EC
B9DE009E-F607-47FC-AA9D-28DE8FBDF214,Actuarial science,العلوم الاكتوارية,Actuarial science,"","",44,9589CFD6-4CBF-4FA8-B1EC-ABC0BF11F7EC
0E5EB6E6-D43B-4B83-8CB0-247A03C59F04,Acupuncture,الوخز بالإبر,Acupuncture,"","",46,B2B987EF-278C-4E27-AC79-6AAD152BF4DF
049E08EC-E225-48A9-974A-7E5E07F8DFDB,Administrative Assistant and Secretarial Science,مساعد إداري وعلوم السكرتارية,Administrative Assistant and Secretarial Science,"","",47,E9281E81-96F0-474B-B6D4-9F264FC2FC72
0CD5C4C0-DAB6-472B-8F64-BD960B4E7243,Adult Literacy,محو الأمية للكبار,Adult Literacy,"","",48,0EDE5489-BDF4-4838-9C6C-4E39B0B00E06
E4515AE6-9C51-4364-BFF0-BC9FBA4EF6F7,Adult nursing,تمريض الكبار,Adult nursing,"","",49,CE505D71-B5F7-494E-AB4D-BDE190745D96
0198767C-B268-4B49-9ED6-D8CA017E4A4F,Advanced Care Paramedicine,الاسعاف والرعاية الصحية المتقدمة,Advanced Care Paramedicine,"","",50,E35FB37B-2402-4603-9776-33D0D4848B9B
388B7846-7E8E-488A-984F-C351763D0EBF,Advertising,دعاية,Advertising,"","",51,43817EFA-BADD-419E-8D15-1E388A7AB85F
DA240A4B-C6D8-4DC0-9D20-1F2332E4E235,Aerodynamics,الديناميكا الهوائية,Aerodynamics,"","",52,413C8F0F-01A1-4339-B3A5-A42C2989B803
7E3FCB59-128C-4CD6-9E3F-F186DD600703,Aeronautical and Aerospace Engineering,هندسة الطيران,Aeronautical and Aerospace Engineering,"","",55,413C8F0F-01A1-4339-B3A5-A42C2989B803
09F9EBB2-2CB9-4D05-A31C-8B5D0A2E84D4,Aeronautical and Aerospace Engineering Technology,تكنولوجيا هندسة الطيران والفضاء,Aeronautical and Aerospace Engineering Technology,"","",56,413C8F0F-01A1-4339-B3A5-A42C2989B803
0AA06DA8-8365-453C-8A08-F15809DE168A,Aeronautical and Manufacturing Engineering,هندسة الطيران والتصنيع,Aeronautical and Manufacturing Engineering,"","",57,EF4B99A8-A131-49EB-A044-14B5F227BDC9
413C8F0F-01A1-4339-B3A5-A42C2989B803,Aerospace engineering and Technology,هندسة وتكنولوجيا الفضاء الجوي,Aerospace engineering and Technology,"","",58,
04C0A29B-40D1-412D-932E-0B400E2DCE5A,Aerospace Medicine,طب الطيران,Aerospace Medicine,"","",59,8E3B4DAF-9BCE-452A-A000-81355FF7FCE3
673EFDD3-4CA1-41C5-9586-38463C8302E4,Affective neuroscience,علم الأعصاب العاطفي,Affective neuroscience,"","",60,0BA9E910-CF12-4040-B5FC-6D18F9A6D765
2E4768E6-D9EC-47B7-B965-24E9590AC78E,Affective psychology,علم النفس العاطفي,Affective psychology,"","",61,0BA9E910-CF12-4040-B5FC-6D18F9A6D765
2771C5B3-1D76-4FE2-94EE-C04F19D7B84F,African studies,الدراسات الأفريقية,African studies,"","",62,42572058-C798-4E0F-A9D2-58E3B2926C85
0BB38059-2497-41B6-9397-5BE9048CB41C,Agricultural and Horticultural Plant Breeding,تربية النباتات الزراعية والبستنة,Agricultural and Horticultural Plant Breeding,"","",63,14702637-5298-9375-6717-257512837849
0E4B13C2-1F34-4B55-A7F9-C655074835C8,Agricultural Animal Breeding,تربية الحيوانات الزراعية,Agricultural Animal Breeding,"","",64,9D89556F-9EE5-4D31-9883-6A16F8EF09DE
09900F13-9EC3-4C23-A808-624A042F9A3B,Agricultural Business Management ,إدارة الأعمال الزراعية,Agricultural Business Management ,"","",65,6075F702-3633-401F-9F28-5B4C802FA648
4C7B8FB6-26C6-471E-B1CF-35A985CDEBE4,Agricultural economics,الاقتصاد الزراعي,Agricultural economics,"","",66,1C167EB2-E4A2-45A5-B2BF-085DB83518DA
02E93CCB-3446-409C-8226-4AF62C1372A8,Agricultural engineering,الهندسة الزراعية,Agricultural engineering,"","",67,F0986833-4BE7-4B76-91B6-356BDA766CE1
C3C8BDEE-5A86-4504-8052-30EB88E0A60B,Agricultural Engineering and Technology nec,الهندسة الزراعية والتكنولوجيا غير المصنّفة في موضع آخر,Agricultural Engineering and Technology nec,"","",68,413C8F0F-01A1-4339-B3A5-A42C2989B803
F6B0BBE8-5DB3-4344-A777-78574AEF0DB2,Agricultural geography,الجغرافيا الزراعية,Agricultural geography,"","",69,344586BA-A3D0-4075-ACC6-44E7FA38A3C7
C98CEA11-CC6C-4CCB-AEA7-CB03CE3802F2,Agricultural irrigation & drainage,الري والصرف الزراعي,Agricultural irrigation & drainage,"","",70,9D89556F-9EE5-4D31-9883-6A16F8EF09DE
42D729E2-664C-4D1F-B713-68C0EC374F91,Agricultural machinery,الآلات الزراعية,Agricultural machinery,"","",71,9D89556F-9EE5-4D31-9883-6A16F8EF09DE
0BD6CAFD-EAC2-4B89-9FC9-109A02FBC5B9,Agricultural Mechanization,الميكنة الزراعية,Agricultural Mechanization,"","",72,EF4B99A8-A131-49EB-A044-14B5F227BDC9
D5EDC503-3520-44CB-BA86-0A36FA2A5C50,Agricultural pests & diseases,الآفات والأمراض الزراعية,Agricultural pests & diseases,"","",73,9D89556F-9EE5-4D31-9883-6A16F8EF09DE
60E28C15-735C-438C-954A-1704212F3EC0,Agricultural technology,التكنولوجيا الزراعية,Agricultural technology,"","",74,9D89556F-9EE5-4D31-9883-6A16F8EF09DE
0E6C1D7C-28F5-4922-820E-D2340DBA6275,"Agricultural,Biological Engineering and Bioengineering.",الهندسة الزراعية والبيولوجية والهندسة الحيوية,"Agricultural,Biological Engineering and Bioengineering.","","",75,EF4B99A8-A131-49EB-A044-14B5F227BDC9
9D89556F-9EE5-4D31-9883-6A16F8EF09DE,Agriculture,زراعة,Agriculture,"","",76,
35414A94-4DEB-4C0E-BFCC-7F69C0C65EA9,Agriculture,زراعة,Agriculture,"","",77,9D89556F-9EE5-4D31-9883-6A16F8EF09DE
08B37522-9EA6-4D1C-8D84-596C03C7F5A9,Agriculture and Forestry,الزراعة والغابات,Agriculture and Forestry,"","",78,EF4B99A8-A131-49EB-A044-14B5F227BDC9
014DCAF1-B013-4DA9-9585-701FAA6F3DAB,Air combat engineering,هندسة القتال الجوي,Air combat engineering,"","",79,413C8F0F-01A1-4339-B3A5-A42C2989B803
2DF4978B-109D-4DFA-BC94-719CDA70B4A4,Air Force Studies,دراسات القوة الجوية,Air Force Studies,"","",80,605F0873-4D76-4FC5-A357-FE7C18869824
D42008B1-8714-4397-BD1A-682588D11A29,Air freight transport engineering,هندسة النقل الجوي,Air freight transport engineering,"","",81,413C8F0F-01A1-4339-B3A5-A42C2989B803
242715B8-755E-4C91-AF1A-09D603CEB081,Air passenger transport engineering,هندسة نقل الركاب الجوي,Air passenger transport engineering,"","",82,413C8F0F-01A1-4339-B3A5-A42C2989B803
C3283C2C-0168-4DB3-8599-F67A7506D835,Air Science,علوم الهواء,Air Science,"","",83,413C8F0F-01A1-4339-B3A5-A42C2989B803
43DCEFCA-0EBD-4519-86F2-E496AE0605AD,Air Traffic Control,مراقبة الحركة الجوية,Air Traffic Control,"","",84,413C8F0F-01A1-4339-B3A5-A42C2989B803
2B7A0FA8-B990-49EE-8E52-A94259B23589,Air travel,السفر الجوي,Air travel,"","",85,96D55527-8E7C-4FB8-8487-F27A5DAC0FAD
791A0EFA-D2C8-4D9F-8ECC-76E7C8DDF555,Aircraft Maintenance Engineering,هندسة صيانة الطائرات,Aircraft Maintenance Engineering,"","",86,413C8F0F-01A1-4339-B3A5-A42C2989B803
003F07E8-16FF-4151-9C33-0E13091646B0,Aircraft MainteNULLce Technology,تكنولوجيا صيانة الطائرات,Aircraft MainteNULLce Technology,"","",87,413C8F0F-01A1-4339-B3A5-A42C2989B803
DCD80BCE-50A3-4D3B-A209-38E78D06DAFF,Aircraft Operation,تشغيل الطائرات,Aircraft Operation,"","",88,413C8F0F-01A1-4339-B3A5-A42C2989B803
E388214F-5933-4E2A-A91F-67D629D7BA38,Airport Operations,عمليات المطار,Airport Operations,"","",89,96D55527-8E7C-4FB8-8487-F27A5DAC0FAD
0EAF0B85-612C-4A82-85CD-5E4D00C675CF,Airport Security,أمن المطارات,Airport Security,"","",90,53068239-3437-9508-3860-820022132875
068A37FF-FBEC-4EAD-B7EA-28420F1BD314,Albanian Language,اللغة الألبانية,Albanian Language,"","",91,A49540BA-CF94-4C4F-ACBA-2CFF003B6DFA
070A454B-4140-4472-94C0-25BC0C170B3E,Allergies and Immunology,علم المناعة والحساسية,Allergies and Immunology,"","",92,9234841C-6F26-4470-963E-8594BC2CF961
005B3759-BDCB-4824-B312-EB8505C80A8F,"Allied Health Diagnostic, Intervention, and Treatment Professions",مهن التشخيص والتدخل والعلاج الصحية المساندة,"Allied Health Diagnostic, Intervention, and Treatment Professions","","",93,E35FB37B-2402-4603-9776-33D0D4848B9B
0A5A8B6E-5C35-49A4-9159-1FF9CD394A22,Alternative medicine & therapies,الطب البديل والعلاجات,Alternative medicine & therapies,"","",94,B2B987EF-278C-4E27-AC79-6AAD152BF4DF
2EFAE6B8-1F8F-4363-8588-F205E9F00CAF,Amenity horticulture,البستنة الراحة,Amenity horticulture,"","",95,9D89556F-9EE5-4D31-9883-6A16F8EF09DE
042A98F6-7165-4DD6-8547-20AA0FA9DFDF,American Sign Language,لغة الإشارة الأمريكية,American Sign Language,"","",96,A49540BA-CF94-4C4F-ACBA-2CFF003B6DFA
0EBD288A-727E-4FC5-8AB5-FE6E070649F3,American Studies,الدراسات الأمريكية,American Studies,"","",97,97EA1354-7504-4C00-B170-E993193B678E
8821C7D5-DE9B-40DD-8BBB-4E81E4706B26,Anaesthesiology,التخدير,Anaesthesiology,"","",98,8E3B4DAF-9BCE-452A-A000-81355FF7FCE3
AF33D46B-EE27-46AF-A23B-8CC8AF3ED428,Analogue circuit engineering,هندسة الدوائر التناظرية,Analogue circuit engineering,"","",99,5E0CFB10-3F40-44DE-BB4B-DBCCEF779F34
08E91D1E-1379-42DC-91E4-2CFA0A838586,Analysis and Functional Analysis.,التحليل الوظيفي,Analysis and Functional Analysis.,"","",100,FDD8F156-4D12-4C75-8683-57C918C454F1
DCFCD664-F2BD-46CD-AD6B-7F0318C18ECD,Analytical chemistry,الكيمياء التحليلية,Analytical chemistry,"","",101,B1BDE659-5A76-41D5-A0C6-4A2FB34444A2
8E828BBD-85A8-4BB5-8D32-B84E392B3E1A,Anarchism,الأناركية,Anarchism,"","",102,C3022B9C-4CFB-4E3E-AFE6-897C73A1036E
4B63D4D8-6B94-4519-81AF-A56B42A1E559,Anatomy,تشريح,Anatomy,"","",103,A038E0EA-4410-40C2-9FAB-039786715382
2B299E15-CA5A-4E85-B804-CE0AFDD8D3D1,"Anatomy, physiology & pathology",التشريح وعلم وظائف الأعضاء وعلم الأمراض,"Anatomy, physiology & pathology","","",104,A038E0EA-4410-40C2-9FAB-039786715382
A038E0EA-4410-40C2-9FAB-039786715382,"Anatomy, physiology & pathology",التشريح وعلم وظائف الأعضاء وعلم الأمراض,"Anatomy, physiology & pathology","","",105,
3189EE7F-342E-44B3-98CF-B8F8BB938BC7,Ancient history,التاريخ القديم,Ancient history,"","",106,BDE37404-BF32-4148-B8C6-CB6DCDF96EE9
0F0CC72C-A707-4A4D-899E-555C09AE478F,Ancient Studiesand Civilization,الدراسات القديمة والحضارة,Ancient Studiesand Civilization,"","",107,53068239-3437-9508-3860-820022132875
0E621EF4-B08E-40C8-B044-B71A09C91978,Anesthesia Technician,فني التخدير,Anesthesia Technician,"","",108,8E3B4DAF-9BCE-452A-A000-81355FF7FCE3
597541FC-370C-4EAD-A531-C6B7935B2D62,Animal anatomy,تشريح الحيوان,Animal anatomy,"","",109,44AF3AB9-7B6D-4DB3-BC97-5655FA0FC007
7ECCDA63-06D8-41DB-888F-A00F70617317,Animal biotechnology,التكنولوجيا الحيوية الحيوانية,Animal biotechnology,"","",110,A307014E-4A8E-4468-9DFE-8A70904F8FC1
B3885242-2775-4E79-97C8-E6C2ED9247BC,Animal health,صحة الحيوان,Animal health,"","",111,44AF3AB9-7B6D-4DB3-BC97-5655FA0FC007
56099B90-7D9D-4F73-BC81-C1761CDFD0D2,Animal nutrition,تغذية الحيوان,Animal nutrition,"","",112,44AF3AB9-7B6D-4DB3-BC97-5655FA0FC007
F0FABEC8-E916-4B77-ABDF-E9E6E30A68AA,Animal pathology,أمراض الحيوان,Animal pathology,"","",113,44AF3AB9-7B6D-4DB3-BC97-5655FA0FC007
AA6A1202-D06C-40FE-850A-F93A82F0F563,Animal pharmacology,صيدلة الحيوان,Animal pharmacology,"","",114,44AF3AB9-7B6D-4DB3-BC97-5655FA0FC007
FF76DF34-7646-46C2-B5AA-AB5278EBA593,Animal pharmacy,صيدلية الحيوان,Animal pharmacy,"","",115,44AF3AB9-7B6D-4DB3-BC97-5655FA0FC007
92E72CC1-3665-4A39-B675-298FA23C2E69,Animal physiology,فسيولوجيا الحيوان,Animal physiology,"","",116,44AF3AB9-7B6D-4DB3-BC97-5655FA0FC007
1AA14C84-66F5-4966-8FBE-D6258FDA47AA,Animal psychology,علم نفس الحيوان,Animal psychology,"","",117,0BA9E910-CF12-4040-B5FC-6D18F9A6D765
44AF3AB9-7B6D-4DB3-BC97-5655FA0FC007,Animal science,علم الحيوان,Animal science,"","",118,
EE8EC894-ACAD-4FAC-B03A-5464C4C17857,Animal science,علم الحيوان,Animal science,"","",119,44AF3AB9-7B6D-4DB3-BC97-5655FA0FC007
B67916AF-7ACD-4E80-BB41-FCADE462366F,Animal toxicology,علم السموم الحيوانية,Animal toxicology,"","",120,44AF3AB9-7B6D-4DB3-BC97-5655FA0FC007
056AB847-F84C-4010-8D68-6C250388FAC3,Animal Training,تدريب الحيوان,Animal Training,"","",121,9D89556F-9EE5-4D31-9883-6A16F8EF09DE
BB9B5393-1819-4289-819F-42D0F0DEF81B,Animal welfare,الرفق بالحيوان,Animal welfare,"","",122,44AF3AB9-7B6D-4DB3-BC97-5655FA0FC007
8F97D0E5-444F-491E-875A-59BBF69F217C,Animation techniques,تقنيات الرسوم المتحركة,Animation techniques,"","",123,6569B223-81EB-4A45-B60D-7875E6019300
8BA3A372-95A9-4557-A027-4287786682DF,Anthropology,الأنثروبولوجيا,Anthropology,"","",124,DDFBE911-31BD-4240-984F-282B08516D24
DDFBE911-31BD-4240-984F-282B08516D24,Anthropology,الأنثروبولوجيا,Anthropology,"","",125,
0FF6073A-B905-4193-BBA8-D04B0BBEFC17,Anthropology and International Development,الأنثروبولوجيا والتنمية الدولية,Anthropology and International Development,"","",126,53068239-3437-9508-3860-820022132875
05EC6027-BD99-4485-9145-D29D02E07612,Appliance Installation and Repair Technology,تكنولوجيا تركيب وإصلاح الأجهزة,Appliance Installation and Repair Technology,"","",127,1445B371-EACD-45A1-8ACA-2318DF9F9893
097EFFA9-A647-4EF9-AA22-D2CF0F0C213A,Applied Anatomy,التشريح التطبيقي,Applied Anatomy,"","",128,A038E0EA-4410-40C2-9FAB-039786715382
0925E354-0BA0-442E-AD8B-4BAF46857582,Applied biological sciences,العلوم البيولوجية التطبيقية,Applied biological sciences,"","",129,FA47FBE8-D331-427A-97DB-DC122FCD9BDA
6232AC33-EEE3-4351-BCFB-F47D5DF867B2,Applied biology,علم الأحياء التطبيقي,Applied biology,"","",130,BAE3B5D3-F58F-4607-A5FB-49ABD245282E
20804D61-0778-4C18-94D5-931664895269,Applied botany,علم النبات التطبيقي,Applied botany,"","",131,114C82E2-3F3A-4B10-97B8-7EFFD801A55F
F8E6512C-2ABC-4F5E-9F51-3B82DF81783A,Applied cell biology,بيولوجيا الخلية التطبيقية,Applied cell biology,"","",132,BAE3B5D3-F58F-4607-A5FB-49ABD245282E
DA1CFCAF-F322-43B1-8EE7-0A1A570A0B56,Applied chemistry,الكيمياء التطبيقية,Applied chemistry,"","",133,B1BDE659-5A76-41D5-A0C6-4A2FB34444A2
7DD142EA-C91D-4059-8462-96E1D2B13EB7,Applied criminology,علم الجريمة التطبيقي,Applied criminology,"","",134,97EA1354-7504-4C00-B170-E993193B678E
770E81DA-469D-406E-8AD9-ED633D28E657,Applied economics,الاقتصاد التطبيقي,Applied economics,"","",135,1C167EB2-E4A2-45A5-B2BF-085DB83518DA
3F88ACF7-71A0-465B-AC68-B48DEFBF251E,Applied engineering,الهندسة التطبيقية,Applied engineering,"","",136,F0986833-4BE7-4B76-91B6-356BDA766CE1
ECD4ABD8-549B-4476-B9B5-4652885D1C6B,Applied environmental sciences,العلوم البيئية التطبيقية,Applied environmental sciences,"","",137,F0D691B4-D2C4-433E-A45D-BAF5B1D1A9AE
09DBECD1-686D-44F8-A488-0E2B0F74185C,Applied Ethics,الأخلاقيات التطبيقية,Applied Ethics,"","",138,AF7BBC76-E253-457C-931F-1E6AD491DE55
D356810C-5BE2-46D7-A7CD-7196C48F55AE,Applied genetics,الوراثة التطبيقية,Applied genetics,"","",139,52BC99F6-76CC-4C90-9A98-4603E9DF2FF1
0DCEDA7E-A5CF-4CF1-8194-A4DF07676A06,Applied Geography and Geographic Information Systems,الجغرافيا التطبيقية ونظم المعلومات الجغرافية,Applied Geography and Geographic Information Systems,"","",140,53068239-3437-9508-3860-820022132875
89363DDA-DB6E-4784-89DC-ABC1875F911E,Applied geology,الجيولوجيا التطبيقية,Applied geology,"","",141,3A626880-24E5-4381-96E7-BFC68C0637E9
06992D25-9F1D-4452-86DA-0E63090E4960,Applied Horticulture,البستنة التطبيقية,Applied Horticulture,"","",142,EFE759D4-60B8-4FC8-AEC6-F25147373EC1
57736009-47FE-48C7-911D-6022FFDDD13E,Applied linguistics,اللغويات التطبيقية,Applied linguistics,"","",143,A49540BA-CF94-4C4F-ACBA-2CFF003B6DFA
61E9BDFE-6BF4-4B0C-BF48-C6891EB698C0,Applied mathematics,الرياضيات التطبيقية,Applied mathematics,"","",144,FDD8F156-4D12-4C75-8683-57C918C454F1
251B0B5F-9CC4-4979-ABE5-CFB4CAB63838,Applied metallurgy,علم المعادن التطبيقية,Applied metallurgy,"","",145,9ADB06D0-05C3-4C11-9CC1-41ABE36205E7
76E21FBC-D3D8-4CBD-A0B4-E3A98184BD84,Applied microbiology,علم الأحياء الدقيقة التطبيقي,Applied microbiology,"","",146,9234841C-6F26-4470-963E-8594BC2CF961
5AEB6634-E8D5-4F5C-93C6-1E877A0328A6,"Applied molecular biology, biophysics & biochemistry",البيولوجيا الجزيئية التطبيقية والفيزياء الحيوية والكيمياء الحيوية,"Applied molecular biology, biophysics & biochemistry","","",147,D697718A-D4C8-4388-9FFD-CEEFEF2C9572
C7F4B55F-9ED4-475F-8E5C-5D43124C6D53,Applied physics,الفيزياء التطبيقية,Applied physics,"","",148,79BED130-E352-4C2F-A2AB-DFC8239151C0
4FDA6BE6-5A2F-4522-96B8-80938D571377,Applied psychology,علم النفس التطبيقي,Applied psychology,"","",149,0BA9E910-CF12-4040-B5FC-6D18F9A6D765
288F509D-C399-4174-868E-B37CDDBD1412,Applied sociology,علم الاجتماع التطبيقي,Applied sociology,"","",150,97EA1354-7504-4C00-B170-E993193B678E
A65355D4-2216-45F0-ACD7-85EE1AB79209,Applied statistics,الإحصائيات التطبيقية,Applied statistics,"","",152,E0DDB537-F0A8-4F65-88E5-EDE72D109AEC
0EE5D215-0401-4238-8322-BCD10DAEC9C6,Applied telecommunications and network engineering ,هندسة الاتصالات التطبيقية والشبكات,Applied telecommunications and network engineering ,"","",153,5E0CFB10-3F40-44DE-BB4B-DBCCEF779F34
8A9EB77D-328E-4444-BCD8-1E5FB00742F6,Aquaculture,تربية الأحياء المائية,Aquaculture,"","",154,9D89556F-9EE5-4D31-9883-6A16F8EF09DE
09C02005-B88C-47AF-BEA6-51620714D448,Arab World Studies ,دراسات العالم العربي,Arab World Studies ,"","",155,97EA1354-7504-4C00-B170-E993193B678E
DB4B485F-F7D7-4D2C-8064-9E8D715A8CC7,Arabic Lanuage,اللغة العربية,Arabic Lanuage,"","",156,A49540BA-CF94-4C4F-ACBA-2CFF003B6DFA
0FC1274E-E7E5-4927-9722-DE6C38279A61,Arabic Linguistics,اللغويات العربية,Arabic Linguistics,"","",157,A49540BA-CF94-4C4F-ACBA-2CFF003B6DFA
585D9CD7-0321-49E4-A129-D8BFF57AC199,Arabic literature,الأدب العربي,Arabic literature,"","",158,A49540BA-CF94-4C4F-ACBA-2CFF003B6DFA
7CEDAE34-154E-4A0E-A780-E386B065BAB1,Arable & fruit farming,زراعة الأراضي الصالحة للزراعة والفواكه,Arable & fruit farming,"","",159,9D89556F-9EE5-4D31-9883-6A16F8EF09DE
3775574C-8A24-4FF9-BE08-0D99CB4DDF18,Archaeological science,علم الآثار,Archaeological science,"","",160,2E16E0DA-608E-4B96-B9D7-B000923DF19C
0703B120-5657-49CB-B151-01AC0A220FEB,Archaeology and Anthropology,علم الآثار والأنثروبولوجيا,Archaeology and Anthropology,"","",162,53068239-3437-9508-3860-820022132875
0B5940F4-CE2D-4B0B-9337-60FF013A1A64,Architectural design,التصميم المعماري,Architectural design,"","",163,91E66B15-E39A-4A1C-B74B-357EA365F7AC
A1A528C1-F60B-446A-B415-1B3A3F22321F,Architectural design theory,نظرية التصميم المعماري,Architectural design theory,"","",164,91E66B15-E39A-4A1C-B74B-357EA365F7AC
9C292C88-56E6-4CBF-AB87-0C2749B064EC,Architectural Engineering,الهندسة المعمارية,Architectural Engineering,"","",165,7AC72166-ABD1-47B7-88C5-BC63F6C17435
7AC72166-ABD1-47B7-88C5-BC63F6C17435,Architectural Engineering,الهندسة المعمارية,Architectural Engineering,"","",166,
07F651CF-EBFC-4C81-A196-85CD04EC031F,Architectural Engineering Technology,تكنولوجيا الهندسة المعمارية,Architectural Engineering Technology,"","",167,7AC72166-ABD1-47B7-88C5-BC63F6C17435
0A134DC5-6D95-44E4-B80E-1F0F02F5CDF5,Architectural Environment Engineering   ,هندسة البيئة المعمارية,Architectural Environment Engineering   ,"","",168,EF4B99A8-A131-49EB-A044-14B5F227BDC9
09EE9990-0221-49ED-9E9B-D0890DEA826F,Architectural History,التاريخ المعماري,Architectural History,"","",170,BDE37404-BF32-4148-B8C6-CB6DCDF96EE9
A542AB6E-1952-4C1A-A135-9ECB92438ED2,Architectural technology,التكنولوجيا المعمارية,Architectural technology,"","",171,91E66B15-E39A-4A1C-B74B-357EA365F7AC
05CB5731-6986-460B-A43B-0D130D9AD5EE,Architectural Technology and Design  ,التكنولوجيا المعمارية والتصميم,Architectural Technology and Design  ,"","",172,EF4B99A8-A131-49EB-A044-14B5F227BDC9
91E66B15-E39A-4A1C-B74B-357EA365F7AC,Architecture,بنيان,Architecture,"","",173,
7FC76622-7AB7-426D-9523-F622EC6F7215,Architecture,بنيان,Architecture,"","",174,91E66B15-E39A-4A1C-B74B-357EA365F7AC
F1AF13DD-B3E1-4BE3-A0B2-24617C27936A,Architecture and Urban Planning,الهندسة المعمارية والتخطيط الحضري,Architecture and Urban Planning,"","",175,EF4B99A8-A131-49EB-A044-14B5F227BDC9
06FB6F06-8EBE-4A66-A60C-134F04D20697,"Architecture, Urbanism and Building Sciences ",العمارة والعمران وعلوم البناء,"Architecture, Urbanism and Building Sciences ","","",176,EF4B99A8-A131-49EB-A044-14B5F227BDC9
612F46C6-6246-41B3-A4B3-FBA4FF5B1972,Archive studies,أرشفة الدراسات,Archive studies,"","",177,FC71437F-9178-4500-8DD9-4D416565B168
046B2AB8-096C-435D-8096-7836080B9720,Area Studies,دراسة المنطقة,Area Studies,"","",178,97EA1354-7504-4C00-B170-E993193B678E
5422C29F-B16E-48CA-8D73-B1EC31A60CA6,Army Studies,دراسات الجيش,Army Studies,"","",179,605F0873-4D76-4FC5-A357-FE7C18869824
39342B8D-D13B-418A-B3F3-FC67F47FF80A,Aromatherapy,العلاج بالروائح,Aromatherapy,"","",180,B2B987EF-278C-4E27-AC79-6AAD152BF4DF
0477C96C-DE88-4EFE-BAFB-CA0D03F7B164,Art Education,تربية فنية,Art Education,"","",181,6CB67E60-E96A-4EF1-85E6-FBFDCA9460E9
C6F2E677-90AA-407B-9735-8FBDFA294CDD,Artificial intelligence,الذكاء الاصطناعي,Artificial intelligence,"","",182,
CFC86EDD-5AFD-49ED-B6D9-6A9814054B1F,Artificial intelligence,الذكاء الاصطناعي,Artificial intelligence,"","",183,C6F2E677-90AA-407B-9735-8FBDFA294CDD
0B4A7A83-5E05-47B1-8950-FEF80AE4A29C,Artificial Intelligence and Robotics,الذكاء الاصطناعي والروبوتات,Artificial Intelligence and Robotics,"","",184,EF4B99A8-A131-49EB-A044-14B5F227BDC9
058A4AB9-2CD9-4686-AC79-A50E0533E339,Arts in Digital Culture ,الفنون في الثقافة الرقمية,Arts in Digital Culture ,"","",185,56463547-1778-6080-6803-396575136009
03CEA7B8-CE7C-4B3D-B78D-B5C4026625DB,Arts in Digital Humanities and Societies,الفنون في الدراسات الرقمية للعلوم الإنسانية والمجتمعات,Arts in Digital Humanities and Societies,"","",186,56463547-1778-6080-6803-396575136009
0715ED3F-6D7F-426C-BB4B-F9600A0918D8,Arts in Interdisciplinary Studies,الآداب في الدراسات متعددة التخصصات,Arts in Interdisciplinary Studies,"","",187,927C60FE-2C0B-45F1-ACA4-06CD3A5D7EB7
0A5371E5-F215-4EDF-AEB7-8CD90F4EF2EA,Arts in Modern Criticism,آداب النقد الحديث,Arts in Modern Criticism,"","",189,53068239-3437-9508-3860-820022132875
D3819D50-72C9-4725-A55E-AE7A3185C3B9,Asian religious texts,النصوص الدينية الآسيوية,Asian religious texts,"","",190,7E272DDE-3A15-43D0-AD21-1800E8A9A48B
CC9259AF-A6C9-4516-BEFB-A479ACB73C15,Asmita sub Major,Asmita sub Major,Asmita sub Major,"","",191,AF83C0B0-82F7-45D6-878B-66CCB327990E
AF83C0B0-82F7-45D6-878B-66CCB327990E,Asmita Test,Asmita Test,Asmita Test,"","",192,
0498865E-3A89-46E3-A688-EE71074ABDB3,Assistive Technology and Rehabiliation Engineering,التكنولوجيا المساعدة وهندسة إعادة التأهيل,Assistive Technology and Rehabiliation Engineering,"","",193,EF4B99A8-A131-49EB-A044-14B5F227BDC9
0856208C-8134-4114-89F2-290A0892B0F1,Associate Diploma,الدبلوم المشارك,Associate Diploma,"","",194,72039078-5123-8018-7821-976435904294
2EBAE745-A0FD-4B55-8A1B-2FA618C2E159,Astronautical engineering,هندسة الملاحة الفضائية,Astronautical engineering,"","",195,413C8F0F-01A1-4339-B3A5-A42C2989B803
E232CA41-9B5E-4F45-B7A6-C840F53B651E,Astronomy,علم الفلك,Astronomy,"","",196,2E16E0DA-608E-4B96-B9D7-B000923DF19C
E61C2457-A322-4688-91B8-06D491DF4FE1,Astronomy observation,مراقبة علم الفلك,Astronomy observation,"","",197,2E16E0DA-608E-4B96-B9D7-B000923DF19C
74FA1F97-500A-4CDC-AF18-E8B38A14F1A2,Astronomy theory,نظرية علم الفلك,Astronomy theory,"","",198,2E16E0DA-608E-4B96-B9D7-B000923DF19C
95B93BE0-F7A4-4CB9-8D56-1E3E4CDE9173,Astrophysics,الفيزياء الفلكية,Astrophysics,"","",199,2E16E0DA-608E-4B96-B9D7-B000923DF19C
F910B9A5-38FA-45CD-8446-A619B3A5C4EE,Atmosphere-ocean interactions,تفاعلات الغلاف الجوي والمحيطات,Atmosphere-ocean interactions,"","",200,F0D691B4-D2C4-433E-A45D-BAF5B1D1A9AE
0FFBB010-C380-4A56-994D-84E80B8603A5,Atmospheric Chemistry and Climatology,كيمياء الغلاف الجوي وعلم المناخ,Atmospheric Chemistry and Climatology,"","",201,EF4B99A8-A131-49EB-A044-14B5F227BDC9
816D82CA-A3DB-441A-AFAE-FD503398F413,Atmospheric physics,فيزياء الغلاف الجوي,Atmospheric physics,"","",202,79BED130-E352-4C2F-A2AB-DFC8239151C0
09FE2766-C610-4600-84DA-DF330ACDB532,Atmospheric Sciences and Meteorology,علوم الغلاف الجوي والأرصاد الجوية,Atmospheric Sciences and Meteorology,"","",203,EF4B99A8-A131-49EB-A044-14B5F227BDC9
03DB07A7-638A-4180-9E2B-22D20A60D00A,Atomic and Molecular Physics,الفيزياء الذرية والجزيئية,Atomic and Molecular Physics,"","",204,79BED130-E352-4C2F-A2AB-DFC8239151C0
D16D7DE5-0981-4AA5-91A1-1D71ED5A1DC7,Atomic engineering,الهندسة الذرية,Atomic engineering,"","",205,26647CD5-C4EA-4A04-AB6B-CA0CD29794E8
6E3EC274-2B2D-401B-8C51-66C157FCDE4D,Audio technology,تكنولوجيا الصوت,Audio technology,"","",206,1445B371-EACD-45A1-8ACA-2318DF9F9893
D84146B8-2B14-49B2-98A8-581BC2682234,Audio typing,الكتابة الصوتية,Audio typing,"","",207,E9281E81-96F0-474B-B6D4-9F264FC2FC72
71441C8E-0462-4BA8-8EA7-B300428D6B1A,Audiology,علم السمع,Audiology,"","",208,5E7A14B4-6733-4477-8E95-FD49EA9612BA
008BDC04-0F7C-4681-A606-35A60FB639AA,Audiology and Speech-Language Pathology,السمعيات وعلم أمراض النطق واللغة,Audiology and Speech-Language Pathology,"","",210,14702637-5298-9375-6717-257512837849
098EF953-17CE-499E-A856-3C100229488E,Auditing,التدقيق,Auditing,"","",211,FE8830F7-D320-422C-90BE-2593BB1B9B89
983044C8-D2E0-40B2-A207-B95F64ED55CB,Auditing of accounts,تدقيق الحسابات,Auditing of accounts,"","",212,FE8830F7-D320-422C-90BE-2593BB1B9B89
DEE85381-41C1-423D-A211-8C679EEEDF8F,Aural & oral sciences,العلوم السمعية والشفوية,Aural & oral sciences,"","",213,5E7A14B4-6733-4477-8E95-FD49EA9612BA
5E7A14B4-6733-4477-8E95-FD49EA9612BA,Aural & oral sciences,العلوم السمعية والشفوية,Aural & oral sciences,"","",214,
067665AA-5C5A-43DE-A454-C3E203CF6C32,Austrian law,القانون النمساوي,Austrian law,"","",215,57E7370E-497B-4BD3-9E14-CF574151EB6F
882DF8AD-E771-43D8-A929-8C86B50F10CE,Autocracy,الاستبداد,Autocracy,"","",216,C3022B9C-4CFB-4E3E-AFE6-897C73A1036E
3EE2AF07-1B80-41D2-A1A8-818FC55AF4AD,Automated engineering design,التصميم الهندسي الآلي,Automated engineering design,"","",217,A4E63C31-2522-498F-A2D1-160A4DE0C61F
08C299A6-BA69-4F14-A3A7-8CAB5479CAFB,Automated reasoning,الاستدلال الآلي,Automated reasoning,"","",218,C6F2E677-90AA-407B-9735-8FBDFA294CDD
E5A8A6A3-BBD8-4577-87A5-F3901019D889,Automotive engineering,هندسة السيارات,Automotive engineering,"","",219,5DB7DE56-F67A-48CD-9089-46FB4E84D197
004563DB-CCE7-4AB6-B1A1-49A90A55AFDE,Aviation management,إدارة الطيران,Aviation management,"","",220,6075F702-3633-401F-9F28-5B4C802FA648
047B30B5-930D-4C67-BE5E-F8AB09017056,Aviation Science and Technology and Aeronautics,علوم وتكنولوجيا الطيران والملاحة الجوية,Aviation Science and Technology and Aeronautics,"","",221,413C8F0F-01A1-4339-B3A5-A42C2989B803
82C01549-61D2-4403-B69F-0CC769313E0B,Aviation studies,دراسات الطيران,Aviation studies,"","",222,413C8F0F-01A1-4339-B3A5-A42C2989B803
6166CCDF-6B91-432D-8CB0-83F5F575D1D5,Avionics,الكترونيات الطيران,Avionics,"","",223,413C8F0F-01A1-4339-B3A5-A42C2989B803
0E94CC70-B9DD-4380-BC57-685504D57E19,Avionics MainteNULLce Technology,تكنولوجيا صيانة إلكترونيات الطيران,Avionics MainteNULLce Technology,"","",224,1445B371-EACD-45A1-8ACA-2318DF9F9893
F6CF4123-6143-4282-B15B-2BEB852CF6DA,Bacteriology,علم الجراثيم,Bacteriology,"","",225,9234841C-6F26-4470-963E-8594BC2CF961
B9D73503-7690-402E-A0EA-5929FF92A07E,Ballet,الباليه,Ballet,"","",226,3E3CD1C2-E37B-459A-89F8-957EB309D9E6
9CAD62D0-4AAF-4D38-BB7A-C15FEC70B43A,Banking,الخدمات المصرفية,Banking,"","",227,9589CFD6-4CBF-4FA8-B1EC-ABC0BF11F7EC
08DCAF2F-DEEC-4BE3-B9F2-A3580A7069A7,Banking and FiNULLce,البنوك والتمويل,Banking and FiNULLce,"","",229,53068239-3437-9508-3860-820022132875
0F8E0153-73AF-4B61-86FD-27FD0D26644A,"Banking, Corporate, FiNULLce, and Securities Law",قانون البنوك والشركات والتمويل والأوراق المالية,"Banking, Corporate, FiNULLce, and Securities Law","","",231,53068239-3437-9508-3860-820022132875
285A4133-9078-455E-BEB5-1BD15B0CB6DA,Basketry,صناعة السلال,Basketry,"","",232,7695196F-70D0-4244-9B41-DD496FF40793
CBBC4543-D985-4C26-ABDB-4DAEB01340E6,Beauty therapies,علاجات التجميل,Beauty therapies,"","",233,B2B987EF-278C-4E27-AC79-6AAD152BF4DF
00E87552-8C6A-4682-8CAD-F191049C45B8,Behavioral Sciences,العلوم السلوكية,Behavioral Sciences,"","",234,53068239-3437-9508-3860-820022132875
896F157C-9E82-4A14-86D9-97C3BA9A699B,Behavioural biology,البيولوجيا السلوكية,Behavioural biology,"","",235,BAE3B5D3-F58F-4607-A5FB-49ABD245282E
0EA17772-3822-4045-8AA1-4BA806BFF947,Bengali Language,اللغة البنغالية,Bengali Language,"","",236,A49540BA-CF94-4C4F-ACBA-2CFF003B6DFA
A13E8A53-1A61-46C8-8D00-F5353A076CBB,Biochemical engineering,الهندسة البيوكيميائية,Biochemical engineering,"","",237,26647CD5-C4EA-4A04-AB6B-CA0CD29794E8
04AB5FB9-6899-4FF3-86CF-36E10FF61D99,Biochemistry with Genetics,الكيمياء الحيوية مع علم الوراثة,Biochemistry with Genetics,"","",238,EF4B99A8-A131-49EB-A044-14B5F227BDC9
1719B8DE-80F6-43BE-9DA6-1919F2756EAC,Biodiversity,التنوع البيولوجي,Biodiversity,"","",239,BAE3B5D3-F58F-4607-A5FB-49ABD245282E
609ABCC5-42C4-4E52-AA0A-F8F3DBB00A64,Bioelectronics & bioelectricity,الالكترونيات الحيوية والكهرباء الحيوية,Bioelectronics & bioelectricity,"","",240,A4E63C31-2522-498F-A2D1-160A4DE0C61F
D6338C4D-46EC-4407-86BD-E9B0AB5BD24F,"Bioengineering, biomedical engineering & clinical engineering",الهندسة الحيوية والهندسة الطبية الحيوية والهندسة السريرية,"Bioengineering, biomedical engineering & clinical engineering","","",242,A4E63C31-2522-498F-A2D1-160A4DE0C61F
AC39393B-AC51-434D-A987-31B6C5DFF132,Biogeochemical cycles,الدورات البيوجيوكيميائية,Biogeochemical cycles,"","",243,F0D691B4-D2C4-433E-A45D-BAF5B1D1A9AE
95E55AB9-A97C-446E-AE61-840A0E3C3191,Biogeography,الجغرافيا الحيوية,Biogeography,"","",244,A565B2D4-44FD-42E8-B7AE-CA5E82A64AAB
1A35E20A-715F-4EFD-A108-95739660CA22,Bioinformatics,المعلوماتية الحيوية,Bioinformatics,"","",245,7AE3CD27-7536-4DC4-A8CF-0F85D2ED3C98
063F980F-6B28-4164-BDD0-3A7B0DFA3566,Biological and Environmental Sciences ,العلوم البيولوجية والبيئية,Biological and Environmental Sciences ,"","",246,EF4B99A8-A131-49EB-A044-14B5F227BDC9
0747FB8D-999F-48CE-BA4B-542B0733C052,Biological and Medical Sciences,العلوم البيولوجية والطبية,Biological and Medical Sciences,"","",247,EF4B99A8-A131-49EB-A044-14B5F227BDC9
09B29CBB-81AD-401F-85FE-BD340B566507,Biological and Physical Sciences,العلوم البيولوجية والفيزيائية,Biological and Physical Sciences,"","",248,EF4B99A8-A131-49EB-A044-14B5F227BDC9
BBC64394-8DC9-418D-B690-1381BBA31638,Biological chemistry,الكيمياء البيولوجية,Biological chemistry,"","",249,D697718A-D4C8-4388-9FFD-CEEFEF2C9572
4F1065D8-FDA9-42AD-8895-70BB3C87BB59,Biological engineering,الهندسة البيولوجية,Biological engineering,"","",250,F0986833-4BE7-4B76-91B6-356BDA766CE1
7BF94ED4-A6B0-4E6C-9F46-9296A7B2FD12,Biological heritage site management,إدارة مواقع التراث البيولوجي,Biological heritage site management,"","",251,9D89556F-9EE5-4D31-9883-6A16F8EF09DE
CC0B4282-AAF4-4BBE-8691-EFD3BBB4C723,Biological science,العلوم البيولوجية,Biological science,"","",252,D697718A-D4C8-4388-9FFD-CEEFEF2C9572
01390729-E653-445A-8EDC-E5D5E669019C,Biology,علم الأحياء,Biology,"","",254,BAE3B5D3-F58F-4607-A5FB-49ABD245282E
BAE3B5D3-F58F-4607-A5FB-49ABD245282E,Biology,علم الأحياء,Biology,"","",255,
AE5625D5-1E1B-4166-B193-0E5ACCC10075,Biomaterials,المواد الحيوية,Biomaterials,"","",256,A4E63C31-2522-498F-A2D1-160A4DE0C61F
3523FAF8-6EFC-4E67-83C9-C2B5D0AFF879,Biomechanics & prosthetics (non-clinical),الميكانيكا الحيوية والأطراف الصناعية (غير السريرية),Biomechanics & prosthetics (non-clinical),"","",257,49C41DF6-30BD-4A7A-8EE4-201F6CCEAFD8
1270FD67-1C49-43EA-A039-8A08684B1055,Biomechanics (including fluid & solid mechanics),الميكانيكا الحيوية (بما في ذلك ميكانيكا السوائل والصلبة),Biomechanics (including fluid & solid mechanics),"","",258,A4E63C31-2522-498F-A2D1-160A4DE0C61F
DA75491E-A00E-4EF8-93DD-121A2F6A95AA,Biomedical sciences,العلوم الطبية الحيوية,Biomedical sciences,"","",260,D697718A-D4C8-4388-9FFD-CEEFEF2C9572
029B8524-B345-4DEC-9214-D13C030FF795,Biomedical Technology,التكنولوجيا الطبية الحيوية,Biomedical Technology,"","",261,D697718A-D4C8-4388-9FFD-CEEFEF2C9572
1873C039-52D9-46C2-9189-FFF5738BCCFB,Biometry,القياسات الحيوية,Biometry,"","",262,BAE3B5D3-F58F-4607-A5FB-49ABD245282E
72CEEF0A-7038-4C2B-B925-1BCAFF5CCE61,Biomolecular chemistry,الكيمياء الحيوية الجزيئية,Biomolecular chemistry,"","",263,B1BDE659-5A76-41D5-A0C6-4A2FB34444A2
512082F5-29F8-4091-B7B1-B1D6D5D8E812,Biomolecular science,العلوم الجزيئية الحيوية,Biomolecular science,"","",264,D697718A-D4C8-4388-9FFD-CEEFEF2C9572
2295CE5C-42E6-4075-A9E7-85345C940BE8,Bio-organic chemistry,الكيمياء العضوية الحيوية,Bio-organic chemistry,"","",265,B1BDE659-5A76-41D5-A0C6-4A2FB34444A2
A893F6E4-FD3B-42B8-AAA1-0EE688A3152A,Biophysical science,العلوم الفيزيائية الحيوية,Biophysical science,"","",266,D697718A-D4C8-4388-9FFD-CEEFEF2C9572
1653DF96-1F6A-4493-BACD-1D25BB403720,Bioprocess engineering,هندسة العمليات الحيوية,Bioprocess engineering,"","",267,26647CD5-C4EA-4A04-AB6B-CA0CD29794E8
08EA5F7F-01DD-40CA-B563-E67E0062AD56,Biopsychology,علم النفس الحيوي,Biopsychology,"","",268,14702637-5298-9375-6717-257512837849
F77DC759-C2EF-43EA-8BF4-A727A68C657F,Biosensors,أجهزة الاستشعار الحيوية,Biosensors,"","",269,A4E63C31-2522-498F-A2D1-160A4DE0C61F
A307014E-4A8E-4468-9DFE-8A70904F8FC1,Biotechnology,التكنولوجيا الحيوية,Biotechnology,"","",270,
6E96C5D8-81E6-4EB1-9F64-EF9D8B9DE4DD,Biotechnology,التكنولوجيا الحيوية,Biotechnology,"","",271,A307014E-4A8E-4468-9DFE-8A70904F8FC1
04410CA9-A2A6-40EE-A725-8DDCA597BDC3,Blacksmithing,الحدادة,Blacksmithing,"","",272,7695196F-70D0-4244-9B41-DD496FF40793
D3193169-CCEC-434E-97DE-6855C5A813F2,Body awareness,وعي الجسم,Body awareness,"","",273,3E3CD1C2-E37B-459A-89F8-957EB309D9E6
0CBB81B9-6B7B-47DD-B552-B3D9076103DB,Boilermaking,صناعة الغلايات,Boilermaking,"","",274,7695196F-70D0-4244-9B41-DD496FF40793
F285C8FE-F6D8-4811-AB7B-32B91BCE0791,Book keeping,حفظ الكتاب,Book keeping,"","",275,FE8830F7-D320-422C-90BE-2593BB1B9B89
B7B002E2-CA5C-4370-8024-1022E93ECFA4,Bookbinding,التجليد,Bookbinding,"","",276,7695196F-70D0-4244-9B41-DD496FF40793
114C82E2-3F3A-4B10-97B8-7EFFD801A55F,Botany,علم النبات,Botany,"","",278,
8F705338-54CC-434A-AD0C-54B389A5E3DD,Botany,علم النبات,Botany,"","",279,114C82E2-3F3A-4B10-97B8-7EFFD801A55F
5EADB72A-F164-488C-9668-1F6440A44731,Boundary-layer meteorology,الأرصاد الجوية للطبقة الحدودية,Boundary-layer meteorology,"","",280,F0D691B4-D2C4-433E-A45D-BAF5B1D1A9AE
1F126EFA-B75A-4494-98D9-63CEBC0ED6B8,British Sign Language,لغة الإشارة البريطانية,British Sign Language,"","",282,A49540BA-CF94-4C4F-ACBA-2CFF003B6DFA
4FA13323-B479-40D9-89AC-467ACCFB7DDC,Broadcast engineering,هندسة البث,Broadcast engineering,"","",283,5E0CFB10-3F40-44DE-BB4B-DBCCEF779F34
0DB358E4-33A9-4B4D-9A2E-C797071D47A4,Broadcasting Media Technologies,تقنيات البث الإعلامي,Broadcasting Media Technologies,"","",284,56463547-1778-6080-6803-396575136009
48B330C5-9720-4A8F-8C43-E5D0902BD193,Building,مبنى,Building,"","",285,
0C6B4F04-A22F-41BC-B5FC-CC220390F3EE,Building Code,قانون البناء,Building Code,"","",286,57E7370E-497B-4BD3-9E14-CF574151EB6F
113F33E5-97CD-4FB0-BB40-A6F184B10796,Building services engineering,هندسة خدمات البناء,Building services engineering,"","",287,F0986833-4BE7-4B76-91B6-356BDA766CE1
DBBE024A-9DCA-497B-B9B7-08FA2619E86D,Building surveying,مسح البناء,Building surveying,"","",288,48B330C5-9720-4A8F-8C43-E5D0902BD193
484BE5FB-B778-4AE0-8091-1ECC50E0DBCB,Building technology,تكنولوجيا البناء,Building technology,"","",289,48B330C5-9720-4A8F-8C43-E5D0902BD193
01569A40-09DD-419F-92EB-0E4403EBBE6E,Bulgarian Language,اللغة البلغارية,Bulgarian Language,"","",290,A49540BA-CF94-4C4F-ACBA-2CFF003B6DFA
012530D2-2835-4FB4-82EF-B8F408B8C946,Burmese Language,اللغة البورمية,Burmese Language,"","",291,A49540BA-CF94-4C4F-ACBA-2CFF003B6DFA
B4425FFF-7191-4FA2-BB08-33B377775A2A,Business & commercial law,قانون الأعمال التجارية,Business & commercial law,"","",292,4F74D66E-F94C-4215-8EE6-20D8B2A0D2DE
081B71EC-A62C-454D-958A-74940FDDB097,Business Administration,إدارة الأعمال,Business Administration,"","",293,6075F702-3633-401F-9F28-5B4C802FA648
036B4C72-2104-4303-A106-12C101B19884,Business analysis and consulting,تحليل الأعمال والاستشارات,Business analysis and consulting,"","",294,53068239-3437-9508-3860-820022132875
0E33BBCF-88EA-4299-8C2A-73750D69E21D,Business and Economics,الأعمال والاقتصاد,Business and Economics,"","",298,53068239-3437-9508-3860-820022132875
013F79C7-5168-4073-B604-1B190012557C,business and events managements ,إدارة الأعمال والفعاليات,business and events managements ,"","",299,53068239-3437-9508-3860-820022132875
0C6CC9BD-DECB-4A99-BC2F-FA020BCBBE5B,Business and Humanities,إدارة الأعمال والعلوم الإنسانية,Business and Humanities,"","",300,53068239-3437-9508-3860-820022132875
0E4521B1-0A72-4AE3-8073-06EA0C20AA54,Business and Management Studies,دراسات الأعمال والإدارة,Business and Management Studies,"","",301,53068239-3437-9508-3860-820022132875
0E91D110-EC53-4497-983A-3B880C5DC0A1,Business and Public Administration,إدارة الأعمال والإدارة العامة,Business and Public Administration,"","",302,53068239-3437-9508-3860-820022132875
07010C85-6608-40E2-88E4-87DF04B13F6E,Business Automation and Data Entry,أتمتة الأعمال وإدخال البيانات,Business Automation and Data Entry,"","",303,17384735-4CF2-48DA-ACA9-18F37FF9CCBC
02FBC785-447D-40AB-996F-7ACA065879F4,Business Management and Social science ,إدارة الأعمال والعلوم الاجتماعية,Business Management and Social science ,"","",306,53068239-3437-9508-3860-820022132875
0D950005-E99D-48CC-99DA-6FA50918C868,"Business Management, Digital Innovation and Entrepreneurship",إدارة الأعمال والابتكار الرقمي وريادة الأعمال,"Business Management, Digital Innovation and Entrepreneurship","","",307,53068239-3437-9508-3860-820022132875
5F85EF79-3E26-4202-A44D-BF219139D4F3,Business psychology,علم نفس الأعمال,Business psychology,"","",308,0BA9E910-CF12-4040-B5FC-6D18F9A6D765
5C8DE394-90A6-4F67-82AE-0CE08C9DF556,Business studies,الدراسات التجارية,Business studies,"","",309,17384735-4CF2-48DA-ACA9-18F37FF9CCBC
17384735-4CF2-48DA-ACA9-18F37FF9CCBC,Business studies,الدراسات التجارية,Business studies,"","",310,
0B6ACA6A-246B-4154-B295-300E00974910,Business With FiNULLce,الأعمال مع التمويل,Business With FiNULLce,"","",311,53068239-3437-9508-3860-820022132875
BEC10C01-8450-44E1-ABD8-3BD97A840FDB,Cabinet making,صنع مجلس الوزراء,Cabinet making,"","",312,7695196F-70D0-4244-9B41-DD496FF40793
7448F280-4709-4413-B2F1-D8946F1C71B9,Calligraphy,الخط,Calligraphy,"","",314,8947863D-C8BC-4697-A114-8918F4241B58
0A187A0A-7B07-4BD3-8CBC-03450745DFE7,Cambodian Language,اللغة الكمبودية,Cambodian Language,"","",315,A49540BA-CF94-4C4F-ACBA-2CFF003B6DFA
0CD1FE18-8DB2-45CC-95D2-CDA20CDE2B22,Canadian Law,القانون الكندي,Canadian Law,"","",316,57E7370E-497B-4BD3-9E14-CF574151EB6F
0B8D821E-4A56-423A-94DF-EB4508FBD075,Cancer and Molecular and Cellular Biology,السرطان والبيولوجيا الجزيئية والخلوية,Cancer and Molecular and Cellular Biology,"","",317,14702637-5298-9375-6717-257512837849
245DE28D-A192-4229-A5C3-BDA70D5A7538,Capitalism,الرأسمالية,Capitalism,"","",318,1C167EB2-E4A2-45A5-B2BF-085DB83518DA
426363BD-E993-4CA5-96B4-17BC39BD3429,Cardiography,تخطيط القلب,Cardiography,"","",319,49C41DF6-30BD-4A7A-8EE4-201F6CCEAFD8
0E168489-3885-4B33-BF89-C38204628A32,Cardiology,طب القلب,Cardiology,"","",320,8E3B4DAF-9BCE-452A-A000-81355FF7FCE3
08526D58-7058-4898-868E-C71F03506F1B,Cardiovascular Science,علوم القلب والأوعية الدموية,Cardiovascular Science,"","",321,E35FB37B-2402-4603-9776-33D0D4848B9B
02824585-03F3-4E9B-ADFB-24043FD4E13B,Career Development Programs,برامج التطوير الوظيفي,Career Development Programs,"","",322,615C7CC3-4C76-416D-8FF3-E317000E045D
94F4D412-48BE-4884-B6FB-1E5D92CCF7E6,Careers guidance,التوجيه الوظيفي,Careers guidance,"","",323,C73D8BF3-FB18-4B10-931F-26B0B3A7CE2A
88BDD641-F7F6-4046-B04F-84CAE1770244,Carpentry/joinery,نجارة / نجارة,Carpentry/joinery,"","",324,7695196F-70D0-4244-9B41-DD496FF40793
C7653F6C-5A05-4C95-925A-2EA04A491AE3,Cartography,رسم الخرائط,Cartography,"","",325,A565B2D4-44FD-42E8-B7AE-CA5E82A64AAB
0058F2CD-3251-4CDB-8BBC-B1BA04A791DF,Catalan Language,اللغة الكاتالونية,Catalan Language,"","",327,A49540BA-CF94-4C4F-ACBA-2CFF003B6DFA
8E74A18F-0B5C-4013-AB85-DDFF4284A4C7,Cell biology,بيولوجيا الخلية,Cell biology,"","",328,BAE3B5D3-F58F-4607-A5FB-49ABD245282E
0ED06FC1-16BD-4DC9-B538-E8B60216FF9C,Cell Biology and Anatomy,بيولوجيا الخلية والتشريح,Cell Biology and Anatomy,"","",329,EF4B99A8-A131-49EB-A044-14B5F227BDC9
0FBD3E09-F1BE-468A-AC89-EA460ACACCE2,Cell Physiology,فسيولوجيا الخلية,Cell Physiology,"","",330,BAE3B5D3-F58F-4607-A5FB-49ABD245282E
08ACE450-4714-4BC7-B4E2-CB090564A1EB,Cellular and Molecular Medicine  ,الطب الخلوي والجزيئي,Cellular and Molecular Medicine  ,"","",331,14702637-5298-9375-6717-257512837849
086BD1CD-4D31-44AF-9818-06D4017CA009,Cellular Biology and Histology,البيولوجيا الخلوية وعلم الأنسجة,Cellular Biology and Histology,"","",332,EF4B99A8-A131-49EB-A044-14B5F227BDC9
47779DA2-8865-4595-99D3-96443922C782,Cellular pathology,علم الأمراض الخلوية,Cellular pathology,"","",333,A038E0EA-4410-40C2-9FAB-039786715382
E447A1C3-ABEB-4812-981E-F71C80BFE3A2,Ceramics,سيراميك,Ceramics,"","",334,6ED7525B-01B7-4537-A9E4-A05A5E4AF2A3
FF58F3EC-3570-4402-85BA-F7F842BE6F42,Ceramics & glass,السيراميك والزجاج,Ceramics & glass,"","",335,6ED7525B-01B7-4537-A9E4-A05A5E4AF2A3
6ED7525B-01B7-4537-A9E4-A05A5E4AF2A3,Ceramics & glass,السيراميك والزجاج,Ceramics & glass,"","",336,
F31E3BA5-862D-4871-BE50-BA9332EE8FBD,Ceramics design,تصميم السيراميك,Ceramics design,"","",337,98726A46-0BA8-437A-AA93-EEA10F29C04F
60D2463D-C395-4B56-B882-8FCE8B309D06,Cereal science,علم الحبوب,Cereal science,"","",338,D87DD58D-7913-468E-84D3-BA1DC077D6AA
B09066E2-7A47-4286-BCF9-8473A4D5DF9D,Change management,إدارة التغيير,Change management,"","",339,6075F702-3633-401F-9F28-5B4C802FA648
EB0D51FF-48CB-44BF-8720-02337D367784,Chemical engineering,الهندسة الكيميائية,Chemical engineering,"","",340,26647CD5-C4EA-4A04-AB6B-CA0CD29794E8
0C2EF098-3081-4CEF-9F60-26AE0B430C69,Chemical Engineering and Process Technology,تكنولوجيا الهندسة الكيميائية والمعالجة,Chemical Engineering and Process Technology,"","",341,EF4B99A8-A131-49EB-A044-14B5F227BDC9
042A0DC7-2B4B-4127-9469-B9B708765AEF,Chemical Laboratory Technology,تكنولوجيا المختبرات الكيميائية,Chemical Laboratory Technology,"","",342,26647CD5-C4EA-4A04-AB6B-CA0CD29794E8
05C66C22-865D-4624-8F01-80D80FD84CE3,Chemical Pathology,علم الأمراض الكيميائية,Chemical Pathology,"","",343,A038E0EA-4410-40C2-9FAB-039786715382
ED8E9E6C-80AF-41A3-A83C-B9E8D7FEF828,Chemical physics,الفيزياء الكيميائية,Chemical physics,"","",344,79BED130-E352-4C2F-A2AB-DFC8239151C0
3888D919-1A94-4F49-B8A0-EFA6CBB92D62,Chemical process engineering,هندسة العمليات الكيميائية,Chemical process engineering,"","",345,26647CD5-C4EA-4A04-AB6B-CA0CD29794E8
0D668554-24B6-40B0-A565-5A4A06752170,Chemical Processing,المعالجة الكيميائية,Chemical Processing,"","",346,26647CD5-C4EA-4A04-AB6B-CA0CD29794E8
0314156E-CE7E-4377-9504-FA12059DDA87,Chemical Processing Technology,تكنولوجيا المعالجة الكيميائية,Chemical Processing Technology,"","",347,26647CD5-C4EA-4A04-AB6B-CA0CD29794E8
09FDF6C3-65F1-4FA4-BDD6-0D3601735765,Chemical Technology,التكنولوجيا الكيميائية,Chemical Technology,"","",348,26647CD5-C4EA-4A04-AB6B-CA0CD29794E8
26647CD5-C4EA-4A04-AB6B-CA0CD29794E8,"Chemical, process & energy engineering",الهندسة الكيميائية والعمليات والطاقة,"Chemical, process & energy engineering","","",349,
D68078DB-DC04-44AF-8B6B-9EDC56192EEC,"Chemical, process & energy engineering",الهندسة الكيميائية والعمليات والطاقة,"Chemical, process & energy engineering","","",350,26647CD5-C4EA-4A04-AB6B-CA0CD29794E8
1037479F-AA55-47D3-A912-B47AC8A44197,Chemistry,كيمياء,Chemistry,"","",351,B1BDE659-5A76-41D5-A0C6-4A2FB34444A2
B1BDE659-5A76-41D5-A0C6-4A2FB34444A2,Chemistry,كيمياء,Chemistry,"","",352,
6CCDF790-64D2-485D-8741-81B5EB0A6B29,Child care,رعاية الطفل,Child care,"","",353,C73D8BF3-FB18-4B10-931F-26B0B3A7CE2A
039C77A8-7841-4BE5-9843-93BC0E688858,Child Development,تنمية الطفل,Child Development,"","",354,28486045-6425-5050-7815-459339547780
08F06F0A-9903-43F9-9F0A-4ED808DC2C37,Child Neurology Medicine,طب أعصاب الأطفال,Child Neurology Medicine,"","",355,8E3B4DAF-9BCE-452A-A000-81355FF7FCE3
07B25361-0D1B-4777-AD71-0ABE0592A5DF,Child Psychiatry,الطب النفسي للأطفال,Child Psychiatry,"","",356,8E3B4DAF-9BCE-452A-A000-81355FF7FCE3
6236CD3D-6C41-410D-8657-AD149D90D2E9,Child psychology,علم نفس الطفل,Child psychology,"","",357,0BA9E910-CF12-4040-B5FC-6D18F9A6D765
0CBD213F-D503-4F9D-AC38-6F8B0C2C940B,Childhood Studies,دراسات الطفولة,Childhood Studies,"","",358,53068239-3437-9508-3860-820022132875
5C0F90AB-1B21-48ED-A8C8-3DD45D5719A2,Children's nursing,تمريض الاطفال,Children's nursing,"","",359,CE505D71-B5F7-494E-AB4D-BDE190745D96
B3DBD1F5-1A31-4298-9934-044023B05ACE,Chinese,الصينية,Chinese,"","",360,B2B987EF-278C-4E27-AC79-6AAD152BF4DF
0A71DA64-E34F-48BA-9F94-E4AB03D706C5,Chinese Language,اللغة الصينية,Chinese Language,"","",361,A49540BA-CF94-4C4F-ACBA-2CFF003B6DFA
01F6E35C-53DB-4A6D-8789-7F370A54EE9A,Chinese Law,القانون الصيني,Chinese Law,"","",362,57E7370E-497B-4BD3-9E14-CF574151EB6F
31F06E28-3AEC-43A4-B152-C5EAD8F349C4,Chinese studies,الدراسات الصينية,Chinese studies,"","",363,42572058-C798-4E0F-A9D2-58E3B2926C85
9E894575-A5D6-4ADE-BC6D-D9F990AE3708,Chiropractic,العلاج بتقويم العمود الفقري,Chiropractic,"","",364,B2B987EF-278C-4E27-AC79-6AAD152BF4DF
DE548A63-642B-4AF0-A414-33FF250F4E5B,Choreography,تصميم الرقصات,Choreography,"","",365,3E3CD1C2-E37B-459A-89F8-957EB309D9E6
080E4161-B6B3-461E-9CF2-A54F07A1BA5B,"Cinema, audiovisual and directing",سينما مرئية وسمعية وإخراج,"Cinema, audiovisual and directing","","",366,6569B223-81EB-4A45-B60D-7875E6019300
2B9E99C7-33C6-47E8-9D43-FED4AF3D2A6F,Cinematics & photography,السينما والتصوير الفوتوغرافي,Cinematics & photography,"","",367,6569B223-81EB-4A45-B60D-7875E6019300
6569B223-81EB-4A45-B60D-7875E6019300,Cinematics & photography,السينما والتصوير الفوتوغرافي,Cinematics & photography,"","",368,
A213D128-4D96-4FAC-BAFB-1FF1DF06C6C7,Cinematography,التصوير السينمائي,Cinematography,"","",369,6569B223-81EB-4A45-B60D-7875E6019300
0F58C552-AB15-45B6-9DB2-E9980A350202,Cinematography and Film Production,التصوير السينمائي وإنتاج الأفلام,Cinematography and Film Production,"","",370,6569B223-81EB-4A45-B60D-7875E6019300
D6244167-BF2A-4099-B17D-5873D9B24105,Circus arts,فنون السيرك,Circus arts,"","",371,27F76109-CE90-4F0B-A56C-AE5943612575
C1002C36-8628-49CB-8D16-80B3D7CB570A,Civil engineering,الهندسة المدنية,Civil engineering,"","",372,57DEE9CC-7922-460E-8A7C-BED321E792D7
57DEE9CC-7922-460E-8A7C-BED321E792D7,Civil engineering,الهندسة المدنية,Civil engineering,"","",373,
0BFE7CFD-A79C-45CF-A746-352004F086A9,Civil Engineering Technology,تكنولوجيا الهندسة المدنية,Civil Engineering Technology,"","",374,57DEE9CC-7922-460E-8A7C-BED321E792D7
733CB504-2D3F-4B87-96F3-2DA06299D3FE,Civil Security Services,خدمات الأمن المدني,Civil Security Services,"","",375,605F0873-4D76-4FC5-A357-FE7C18869824
016715D7-CF41-452B-B206-57E604C7BCF8,"Civil, Environment and Sustainable Engineering  ",الهندسة المدنية والبيئية والمستدامة,"Civil, Environment and Sustainable Engineering  ","","",376,EF4B99A8-A131-49EB-A044-14B5F227BDC9
01B7D197-545F-4C82-B237-E33D0B453352,Classical and Ancient Studies,الدراسات الكلاسيكية والقديمة,Classical and Ancient Studies,"","",377,53068239-3437-9508-3860-820022132875
0B686633-0FFB-438B-80A4-76B30EDF8C32,"Classical, Ancient Mediterranean and Near Eastern Studies and Archaeology.",الدراسات الكلاسيكية والآثار في منطقة البحر المتوسط والشرق الأدنى القديم,"Classical, Ancient Mediterranean and Near Eastern Studies and Archaeology.","","",378,53068239-3437-9508-3860-820022132875
947496DE-24F4-47F2-94FA-0B3130FC5CC2,Clay & stone crafts,الحرف الطينية والحجرية,Clay & stone crafts,"","",379,7695196F-70D0-4244-9B41-DD496FF40793
DF6F72B9-5206-42E9-8389-0886A0BB4AC5,Climate & climate change,المناخ وتغير المناخ,Climate & climate change,"","",380,F0D691B4-D2C4-433E-A45D-BAF5B1D1A9AE
ACA15120-FACF-4967-88E4-874B59396725,Climatology,علم المناخ,Climatology,"","",381,F0D691B4-D2C4-433E-A45D-BAF5B1D1A9AE
0307EE1A-731D-4DA0-BE49-1BD30C9F1501,Clinical and Industrial Drug Development,تطوير الأدوية السريرية والصناعية,Clinical and Industrial Drug Development,"","",382,14702637-5298-9375-6717-257512837849
0AC119C1-9FF8-474D-A862-3B9E0BCCAB6F,Clinical Child psychology,علم نفس الطفل السريري,Clinical Child psychology,"","",383,0BA9E910-CF12-4040-B5FC-6D18F9A6D765
08898F29-F230-4CFA-B12D-C7AD48447DAA,Clinical dentistry,طب الأسنان السريري,Clinical dentistry,"","",385,8E3B4DAF-9BCE-452A-A000-81355FF7FCE3
08772FCC-82C8-4BBB-AF11-5B8405A40C03,"Clinical Leadership, Cancer, Palliative and End of Life Care",القيادة السريرية والسرطان والرعاية,"Clinical Leadership, Cancer, Palliative and End of Life Care","","",386,14702637-5298-9375-6717-257512837849
105FB75F-0131-4C82-96DD-5CB1795F4741,Clinical medicine,الطب السريري,Clinical medicine,"","",387,8E3B4DAF-9BCE-452A-A000-81355FF7FCE3
0D1F77B6-0CB0-4F8A-BCF9-225107C34CF3,Clinical Neurodevelopmental Sciences ,علم النمو العصبي السريري,Clinical Neurodevelopmental Sciences ,"","",389,A038E0EA-4410-40C2-9FAB-039786715382
338F9E7D-2F96-4448-98F1-1834B2581821,Clinical neuropsychology,علم النفس العصبي السريري,Clinical neuropsychology,"","",390,0BA9E910-CF12-4040-B5FC-6D18F9A6D765
06CF5C84-38D0-4E0F-A323-1ED703BC6083,Clinical Nutrition,التغذية السريرية,Clinical Nutrition,"","",391,E1A5C391-DBA7-4699-991A-BB694B098B78
07E62EF9-6333-4376-BBD2-984207D2DE68,Clinical Ophthalmics,طب العيون السريري,Clinical Ophthalmics,"","",392,812031F3-25A5-4F12-ACB7-D850D8E73358
07131B37-91A7-4F9D-9666-117A0460E106,Clinical Pharmacy,الصيدلة السريرية,Clinical Pharmacy,"","",393,252C93BF-180D-4330-BEA8-453317B03A4B
2715B5F2-2638-449A-ACA3-7FADC065DEBF,Clinical physiology,الفسيولوجيا السريرية,Clinical physiology,"","",394,A038E0EA-4410-40C2-9FAB-039786715382
DA9852A4-2E55-42AB-BCFB-4D66FCA529FC,Clinical practice nursing,تمريض الممارسة السريرية,Clinical practice nursing,"","",395,CE505D71-B5F7-494E-AB4D-BDE190745D96
2722BBE7-1A20-4796-8DDE-4EF7ACF6D1BF,Clinical psychology,علم النفس السريري,Clinical psychology,"","",396,0BA9E910-CF12-4040-B5FC-6D18F9A6D765
0072CB6A-C16A-4891-B5D1-8D8D06BF5E30,Clinical Services Operation,تشغيل الخدمات السريرية,Clinical Services Operation,"","",397,E35FB37B-2402-4603-9776-33D0D4848B9B
58CF09A8-E1A5-4699-A714-79BD6FAC6E05,Clinical veterinary dentistry,طب الأسنان البيطري السريري,Clinical veterinary dentistry,"","",398,9BA51219-2070-4110-8E2C-6C01300A10B1
83E60C8B-883C-4796-8AAA-4CBE4740F449,Clinical veterinary medicine,الطب البيطري السريري,Clinical veterinary medicine,"","",399,9BA51219-2070-4110-8E2C-6C01300A10B1
9BA51219-2070-4110-8E2C-6C01300A10B1,Clinical veterinary medicine & dentistry,الطب البيطري السريري وطب الأسنان,Clinical veterinary medicine & dentistry,"","",400,
A885D8C3-ED83-45D1-9A28-85BBFF4D7B28,Clinical veterinary medicine & dentistry,الطب البيطري السريري وطب الأسنان,Clinical veterinary medicine & dentistry,"","",401,9BA51219-2070-4110-8E2C-6C01300A10B1
18CBF52C-9B57-4AE7-A8E3-9B63BE4B3A2F,Clock/watchmaking,الساعة/ صناعة الساعات,Clock/watchmaking,"","",402,7695196F-70D0-4244-9B41-DD496FF40793
35F4AC52-1942-4ABB-B48F-2B1563EB56B5,Clothing production,إنتاج الملابس,Clothing production,"","",403,DA4B5B54-4E28-4E3C-94BF-4971F5FC955F
A19F4E3D-77DC-4D40-AC75-0B14D896D92B,Clothing/fashion design,تصميم الملابس/الأزياء,Clothing/fashion design,"","",404,98726A46-0BA8-437A-AA93-EEA10F29C04F
2466940F-C692-4144-B220-E4B887FBC5CE,Coast Guard Studies,دراسات خفر السواحل,Coast Guard Studies,"","",405,605F0873-4D76-4FC5-A357-FE7C18869824
CEBB2181-739A-4EFC-9899-D56D6F525A0C,Coastal decay,الاضمحلال الساحلي,Coastal decay,"","",406,57DEE9CC-7922-460E-8A7C-BED321E792D7
6D64DF15-27EB-4352-B8DA-37E022FB0C35,Coastal heritage management,إدارة التراث الساحلي,Coastal heritage management,"","",407,A158CEFA-5D2C-46EF-BC48-12DE95A564AE
A7506EE5-C01E-4BB3-9B27-979D7BB15F4A,Cognitive & affective psychology,علم النفس المعرفي والعاطفي,Cognitive & affective psychology,"","",408,0BA9E910-CF12-4040-B5FC-6D18F9A6D765
A4E66BCF-0F2E-46F7-BF58-5EB8DE8699EF,Cognitive modelling,النمذجة المعرفية,Cognitive modelling,"","",409,C6F2E677-90AA-407B-9735-8FBDFA294CDD
83E9A544-2D07-4468-8F29-2034FBC50928,Cognitive neuroscience,علم الأعصاب الإدراكي,Cognitive neuroscience,"","",410,0BA9E910-CF12-4040-B5FC-6D18F9A6D765
03ED2214-3F06-404E-8A7C-E4770FCCABC4,Cognitive Psychology and Psycholinguistics,علم النفس المعرفي واللغويات النفسية,Cognitive Psychology and Psycholinguistics,"","",411,0BA9E910-CF12-4040-B5FC-6D18F9A6D765
0F03D49D-606F-4B4F-9F63-821005B523C8,Cognitive Science,العلوم المعرفية,Cognitive Science,"","",412,EF4B99A8-A131-49EB-A044-14B5F227BDC9
94536514-CD6B-4C25-95D7-145677B89513,Collectivism,الجماعية,Collectivism,"","",413,1C167EB2-E4A2-45A5-B2BF-085DB83518DA
0E1647E5-AD9B-4A13-80EC-296702EE9A54,Colon and Rectal Surgery,جراحة القولون والمستقيم,Colon and Rectal Surgery,"","",414,8E3B4DAF-9BCE-452A-A000-81355FF7FCE3
0ECEB3D0-3E9A-4140-B741-65D00020B419,coloring and printing,التلوين والطباعة,coloring and printing,"","",415,56463547-1778-6080-6803-396575136009
51D747CF-6EBC-489D-834D-D8BF28C106CA,Colour chemistry,كيمياء اللون,Colour chemistry,"","",416,B1BDE659-5A76-41D5-A0C6-4A2FB34444A2
0AEF09B7-5DB4-4F56-B71B-0FCF036886C8,Commercial Photography,التصوير الفوتوغرافي التجاري,Commercial Photography,"","",417,53068239-3437-9508-3860-820022132875
AF6625A1-BA1B-4843-816D-70F56001ADE5,Commercial tailoring,الخياطة التجارية,Commercial tailoring,"","",418,DA4B5B54-4E28-4E3C-94BF-4971F5FC955F
14033D96-BBCE-485B-B994-3995E06AA8F9,Commonwealth politics,سياسة الكومنولث,Commonwealth politics,"","",419,C3022B9C-4CFB-4E3E-AFE6-897C73A1036E
0CA31E2A-6D8C-4A7F-B324-D6230C8B2E24,Communication and media,الاتصال والإعلام,Communication and media,"","",420,53068239-3437-9508-3860-820022132875
00E90BE0-F9C7-4D9A-841C-E0250A40C7DA,Communication Disorders Sciences and Services,علوم وخدمات اضطرابات التواصل,Communication Disorders Sciences and Services,"","",421,14702637-5298-9375-6717-257512837849
04D077B9-DB3C-4570-BCA5-0E3D05E400CB,Communication Science ,علوم الاتصال,Communication Science ,"","",423,56ABF249-06C6-4AC0-91F3-E2586E3E3C0E
0FFE4844-ADF6-4C4F-9B81-88AC05B59B8B,Communication Studies,دراسات الاتصال,Communication Studies,"","",424,56ABF249-06C6-4AC0-91F3-E2586E3E3C0E
0D695F22-2BA2-42BE-9EA1-DD880FAEA66A,"Communication, Culture and Technology  ",الاتصالات والثقافة والتكنولوجيا,"Communication, Culture and Technology  ","","",425,53068239-3437-9508-3860-820022132875
0D1D7858-A134-4CE5-841E-838909DC1CAD,Communications and electronics engineering,هندسة الاتصالات والإلكترونيات,Communications and electronics engineering,"","",426,5E0CFB10-3F40-44DE-BB4B-DBCCEF779F34
005AD0B9-D6D6-43FF-B30C-F89088FDB9AA,Communications engineering,هندسة الاتصالات,Communications engineering,"","",428,5E0CFB10-3F40-44DE-BB4B-DBCCEF779F34
04EB32E0-C369-4399-A55A-F62702799E21,Communications Systems Installation and Repair Technology,تكنولوجيا تركيب وإصلاح أنظمة الاتصالات,Communications Systems Installation and Repair Technology,"","",429,1445B371-EACD-45A1-8ACA-2318DF9F9893
07967D70-1D77-4C8D-AE00-03F00564B5C9,Communications Technology Technician,فني تكنولوجيا الاتصالات,Communications Technology Technician,"","",430,5E0CFB10-3F40-44DE-BB4B-DBCCEF779F34
3B042C6A-3C56-473C-9D46-B7EF94A47494,Community dance,رقص مجتمعي,Community dance,"","",431,3E3CD1C2-E37B-459A-89F8-957EB309D9E6
A61C8305-706A-47DF-9621-7AE895B9A442,Community ecology,بيئة المجتمع,Community ecology,"","",432,BAE3B5D3-F58F-4607-A5FB-49ABD245282E
67B0FDD1-F911-4BB1-B423-9DE6B63DB90C,Community forestry,الغابات المجتمعية,Community forestry,"","",433,820CF2C6-3F0D-48EE-B176-4F5B6267053B
B3520366-472C-4323-9ECD-BA8B2B76F8C7,Community Health,صحة المجتمع,Community Health,"","",434,E18A0B1B-F30C-4440-98F8-038A56BDF360
7770F38E-83F2-45AC-B407-718E7D3BEBA3,Community justice,العدالة المجتمعية,Community justice,"","",435,C73D8BF3-FB18-4B10-931F-26B0B3A7CE2A
1D65DBCB-1694-4C54-A426-E992A4773BCD,Community music,موسيقى المجتمع,Community music,"","",436,EABC0146-B80D-473D-AB47-623C38EC444B
19E3E230-04C2-4AD3-83C0-0097A452F47D,Community nursing,التمريض المجتمعي,Community nursing,"","",437,CE505D71-B5F7-494E-AB4D-BDE190745D96
05BEE444-5DCF-49DF-BCD4-1E620B2857AD,Community Organization and Advocacy,التنظيم المجتمعي والمناصرة,Community Organization and Advocacy,"","",438,53068239-3437-9508-3860-820022132875
D02FC59E-0876-4664-A2FA-EE466CDAB5BF,Community psychology,علم النفس المجتمعي,Community psychology,"","",439,0BA9E910-CF12-4040-B5FC-6D18F9A6D765
0AF148FE-1A4E-4B77-9435-05430988DE62,Community Sports Training,تدريب الرياضة المجتمعية,Community Sports Training,"","",440,23651629-2061-4272-8787-614299778765
002F8059-3B35-42D3-B4AE-82841BE3E1C5,Community theatre,مسرح المجتمع,Community theatre,"","",441,27F76109-CE90-4F0B-A56C-AE5943612575
9C564521-B04C-4366-BC5F-6366A337DB8A,Community work,العمل المجتمعي,Community work,"","",442,C73D8BF3-FB18-4B10-931F-26B0B3A7CE2A
0EB60EEB-D457-484B-96D3-19270DEC7459,Comparative jurisprudence,الفقه المقارن,Comparative jurisprudence,"","",443,4F74D66E-F94C-4215-8EE6-20D8B2A0D2DE
A6ED6625-4633-4A51-B7E0-52A87566A0AC,Comparative law,القانون المقارن,Comparative law,"","",444,57E7370E-497B-4BD3-9E14-CF574151EB6F
DB707357-1FEC-47C2-B223-0978B1295FD7,Comparative literary studies,دراسات أدبية مقارنة,Comparative literary studies,"","",445,1B51EA47-B126-41D6-98EC-8DFDD5B54492
1B51EA47-B126-41D6-98EC-8DFDD5B54492,Comparative literary studies,دراسات أدبية مقارنة,Comparative literary studies,"","",446,
DC0F82BD-79A8-49C8-8E2D-8E6B723001AC,Comparative politics,السياسة المقارنة,Comparative politics,"","",447,C3022B9C-4CFB-4E3E-AFE6-897C73A1036E
00F3409B-A8C7-45D4-89F4-B98A089B3DD0,Comparative Psychology,علم النفس المقارن,Comparative Psychology,"","",448,0BA9E910-CF12-4040-B5FC-6D18F9A6D765
B10BAEE3-2665-4D6F-84CA-CD2C325F648F,Comparative religious studies,الدراسات الدينية المقارنة,Comparative religious studies,"","",449,7E272DDE-3A15-43D0-AD21-1800E8A9A48B
D0F9A07D-671E-4E9E-A10C-56A28F142315,Comparative religious texts,النصوص الدينية المقارنة,Comparative religious texts,"","",450,7E272DDE-3A15-43D0-AD21-1800E8A9A48B
B2B987EF-278C-4E27-AC79-6AAD152BF4DF,"Complementary medicines, therapies & well-being",الأدوية التكميلية والعلاجات والرفاهية,"Complementary medicines, therapies & well-being","","",451,
F13E70A7-AE03-4B48-88AA-C51A0C6ABF47,Composition,تعبير,Composition,"","",452,EABC0146-B80D-473D-AB47-623C38EC444B
06EB1510-041B-49DC-A821-FE340612211F,Computational and Data Sciences,علوم الحوسبة والبيانات,Computational and Data Sciences,"","",453,EF4B99A8-A131-49EB-A044-14B5F227BDC9
6EA25521-EF59-4743-A5CA-405EF45FE2D5,Computational Biology,علم الأحياء الحسابي,Computational Biology,"","",454,46364BE2-BEB2-4B59-B263-23D8CA421126
D6B1E23A-E049-455E-9B09-8F58980E2EB6,Computational mathematics,الرياضيات الحاسوبية,Computational mathematics,"","",455,FDD8F156-4D12-4C75-8683-57C918C454F1
A5B0CD6F-BCC1-421E-8559-4AEAC408C704,Computational physics,الفيزياء الحاسوبية,Computational physics,"","",456,79BED130-E352-4C2F-A2AB-DFC8239151C0
D9535567-02BE-4BC1-BCDF-A4BA7334F7D0,Computational science foundations,أسس العلوم الحسابية,Computational science foundations,"","",457,46364BE2-BEB2-4B59-B263-23D8CA421126
016183E5-6433-4571-9E96-AC1A05121C41,Computer & Electronic Systems,الحاسوب والأنظمة الإلكترونية,Computer & Electronic Systems,"","",458,EF4B99A8-A131-49EB-A044-14B5F227BDC9
71059D10-DB26-4EBA-B7F3-AD6D87F4E125,Computer architectures,بنيات الكمبيوتر,Computer architectures,"","",459,46364BE2-BEB2-4B59-B263-23D8CA421126
AFEFD811-0CD4-405A-871E-34E123875AD1,Computer architectures & operating systems,معماريات الحاسوب وأنظمة التشغيل,Computer architectures & operating systems,"","",460,46364BE2-BEB2-4B59-B263-23D8CA421126
2E706266-CC95-41C2-8536-EE96E07E443E,Computer engineering,هندسة الكمبيوتر,Computer engineering,"","",461,5E0CFB10-3F40-44DE-BB4B-DBCCEF779F34
075AF643-DE79-478B-A67C-D7740354642C,Computer Engineering Education,تعليم: هندسة حاسب آلي,Computer Engineering Education,"","",463,6CB67E60-E96A-4EF1-85E6-FBFDCA9460E9
3C28B645-4193-4736-80C8-9543D7E5CFA2,Computer games design,تصميم العاب الكمبيوتر,Computer games design,"","",464,7AE3CD27-7536-4DC4-A8CF-0F85D2ED3C98
E5C0D72E-6196-4854-BEA1-6DCA59945254,Computer games graphics,رسومات العاب كمبيوتر,Computer games graphics,"","",465,7AE3CD27-7536-4DC4-A8CF-0F85D2ED3C98
A18909A5-85ED-4FA7-AA1A-ADF30660A80B,Computer games programming,برمجة العاب الكمبيوتر,Computer games programming,"","",466,7AE3CD27-7536-4DC4-A8CF-0F85D2ED3C98
B4AE8E6A-47E6-4D69-ADC7-5ABC4D1EF0FC,Computer generated imagery,الصور التي تم إنشاؤها بواسطة الكمبيوتر,Computer generated imagery,"","",467,247CBB3D-F6E3-4B29-A756-3506F4E20E22
993099E9-0722-409C-BDD8-729F94B8B994,Computer generated visual & audio effects,المؤثرات المرئية والصوتية التي تم إنشاؤها بواسطة الكمبيوتر,Computer generated visual & audio effects,"","",468,247CBB3D-F6E3-4B29-A756-3506F4E20E22
247CBB3D-F6E3-4B29-A756-3506F4E20E22,Computer generated visual & audio effects,المؤثرات المرئية والصوتية التي تم إنشاؤها بواسطة الكمبيوتر,Computer generated visual & audio effects,"","",469,
0E84A3B0-60B5-456A-96A0-55F60B4C7C9A,Computer Installation and Repair Technology,تكنولوجيا تركيب وإصلاح الكمبيوتر,Computer Installation and Repair Technology,"","",470,1445B371-EACD-45A1-8ACA-2318DF9F9893
46364BE2-BEB2-4B59-B263-23D8CA421126,Computer science,علوم الكمبيوتر,Computer science,"","",471,
1E44E084-954B-4014-8296-CBE6761DBF47,Computer science,علوم الكمبيوتر,Computer science,"","",472,46364BE2-BEB2-4B59-B263-23D8CA421126
05F613A2-C634-4148-BB87-3E6B028413A5,Computer science and cyber security,علوم الكمبيوتر والأمن السيبراني,Computer science and cyber security,"","",477,EF4B99A8-A131-49EB-A044-14B5F227BDC9
0135A6B3-A6B8-462B-8601-69D700B1A701,Computer Science and Engineering,علوم الكمبيوتر والهندسة,Computer Science and Engineering,"","",478,EF4B99A8-A131-49EB-A044-14B5F227BDC9
0AB448C0-1175-457E-B8A0-E3290849B8C7,Computer Science Education,تعليم: علوم حاسب آلي,Computer Science Education,"","",479,6CB67E60-E96A-4EF1-85E6-FBFDCA9460E9
0CEF50AA-732A-4E36-9663-1A460C18EB43,Computer Science Information security ,علوم الكمبيوتر أمن المعلومات,Computer Science Information security ,"","",480,EF4B99A8-A131-49EB-A044-14B5F227BDC9
0C18B9EE-C1C0-48CB-B006-D24F0019DC2E,Computer Science with Artificial Intelligence,علوم الحاسب الآلي مع الذكاء الاصطناعي,Computer Science with Artificial Intelligence,"","",482,EF4B99A8-A131-49EB-A044-14B5F227BDC9
04F0DAA4-793E-40CF-88BB-6E990E3BBD67,Computer Science with Security and Forensics,علوم الكمبيوتر مع الأمن والطب الشرعي,Computer Science with Security and Forensics,"","",484,EF4B99A8-A131-49EB-A044-14B5F227BDC9
009E23DC-9C06-4209-8A8D-9488047AB99B,Computer Systems Engineering,هندسة نظم الكمبيوتر,Computer Systems Engineering,"","",486,5E0CFB10-3F40-44DE-BB4B-DBCCEF779F34
0DD19030-F635-4873-8FAD-F5880867C043,Computer Systems Networking and Telecommunications,شبكات أنظمة الكمبيوتر والاتصالات,Computer Systems Networking and Telecommunications,"","",487,46364BE2-BEB2-4B59-B263-23D8CA421126
C5A79328-36AA-401E-AB33-28ACD3D29F12,Computer vision,رؤية الكمبيوتر,Computer vision,"","",488,C6F2E677-90AA-407B-9735-8FBDFA294CDD
9A2D81EC-376A-4C07-A4E2-D80FC24A9A52,Computer-aided engineering,الهندسة بمساعدة الحاسوب,Computer-aided engineering,"","",489,A4E63C31-2522-498F-A2D1-160A4DE0C61F
09E06877-5405-41FD-97BE-A5A604071A19,Computing for Business Management and Analysis,الحوسبة لإدارة وتحليل الأعمال,Computing for Business Management and Analysis,"","",491,46364BE2-BEB2-4B59-B263-23D8CA421126
ADBF62B1-7A86-46E1-AA4F-441DAFE60B4C,Conducting,إجراء,Conducting,"","",492,EABC0146-B80D-473D-AB47-623C38EC444B
01858985-DC2A-469B-8F04-F8D5064DFF72,Conflict management and humanitarian action,إدارة النزاع والعمل الإنساني,Conflict management and humanitarian action,"","",493,4F74D66E-F94C-4215-8EE6-20D8B2A0D2DE
0ADD1DA8-55B5-44AC-AD22-A0DD02F2BB7E,Conservation Biology,بيولوجيا الحفظ,Conservation Biology,"","",494,D697718A-D4C8-4388-9FFD-CEEFEF2C9572
644F9225-C22C-4963-93D2-41BC2FB2C723,Conservation ecology,بيئة الحفظ,Conservation ecology,"","",495,BAE3B5D3-F58F-4607-A5FB-49ABD245282E
430F9315-8C86-484D-8DD9-709AA0567F6C,Conservation of buildings,الحفاظ على المباني,Conservation of buildings,"","",496,48B330C5-9720-4A8F-8C43-E5D0902BD193
52682842-FDA5-4D53-AE6C-6782856AC36B,Conservatism,المحافظة,Conservatism,"","",497,C3022B9C-4CFB-4E3E-AFE6-897C73A1036E
0DE54C25-8E66-4EFF-985D-E5850D27B90F,Construction Engineering,هندسة التشييد,Construction Engineering,"","",498,57DEE9CC-7922-460E-8A7C-BED321E792D7
0BA2DF4A-1D06-43A4-B13F-CFCF096CFEA8,Construction Engineering and Applied management ,هندسة التشييد والإدارة التطبيقية,Construction Engineering and Applied management ,"","",499,EF4B99A8-A131-49EB-A044-14B5F227BDC9
A9885660-15B0-437E-9EF7-CDA0BA8670C8,Construction management,إدارة البناء,Construction management,"","",500,48B330C5-9720-4A8F-8C43-E5D0902BD193
05539420-6D0D-4E04-9198-80FB06BE2085,Construction Trade,تجارة البناء,Construction Trade,"","",501,17384735-4CF2-48DA-ACA9-18F37FF9CCBC
0633DB1B-70BE-4502-B231-35A00329E1CB,"Construction, Heavy Equipment and Earthmoving Equipment Operation.",البناء والمعدات الثقيلة وتشغيل معدات نقل التربة,"Construction, Heavy Equipment and Earthmoving Equipment Operation.","","",502,7695196F-70D0-4244-9B41-DD496FF40793
05B22A4B-6B99-45D1-B963-CAF90C4F772F,Consumer Services and Advocacy,خدمات المستهلك والمناصرة,Consumer Services and Advocacy,"","",503,4F74D66E-F94C-4215-8EE6-20D8B2A0D2DE
1722BA45-E9FB-4E02-8281-4E89430555D9,Contemporary dance,الرقص المعاصر,Contemporary dance,"","",504,3E3CD1C2-E37B-459A-89F8-957EB309D9E6
00B09BEA-9EF9-4412-8245-B100091F2C1C,Contemporary jurisprudence,الفقه المعاصر,Contemporary jurisprudence,"","",505,4F74D66E-F94C-4215-8EE6-20D8B2A0D2DE
22F8A2A8-A01E-4B68-91BE-22AE7B6FDD0D,Contemporary theatre,المسرح المعاصر,Contemporary theatre,"","",506,27F76109-CE90-4F0B-A56C-AE5943612575
4E08CFA2-C3E3-4668-8EE1-4B3A305FE7F6,Contract law,قانون العقود,Contract law,"","",507,4F74D66E-F94C-4215-8EE6-20D8B2A0D2DE
E9B44C5C-063E-4D13-912A-E767AA272F2B,Control by light systems,التحكم عن طريق أنظمة الضوء,Control by light systems,"","",508,5E0CFB10-3F40-44DE-BB4B-DBCCEF779F34
7285005D-846F-4582-AB7F-C51ADA2A5BE7,Control systems,أنظمة التحكم,Control systems,"","",509,5E0CFB10-3F40-44DE-BB4B-DBCCEF779F34
09C86FC0-BB7F-442E-A2A2-E378096B70C9,Corporate Communications,الاتصالات المؤسسية,Corporate Communications,"","",510,56463547-1778-6080-6803-396575136009
FFB83B95-EE48-4484-9763-6B27DF557B2D,Corporate image,صورة الشركة,Corporate image,"","",511,43817EFA-BADD-419E-8D15-1E388A7AB85F
0E7189F8-455B-46A0-A737-170606D5F680,Corrections Administration,إدارة الإصلاحيات,Corrections Administration,"","",512,53068239-3437-9508-3860-820022132875
D8F44B75-34B2-4AE7-88FA-69F429835C4A,Corrosion engineering,هندسة التآكل,Corrosion engineering,"","",513,26647CD5-C4EA-4A04-AB6B-CA0CD29794E8
42144868-BDD3-4082-B8DC-323EC1B955D3,Corrosion technology,تكنولوجيا التآكل,Corrosion technology,"","",514,9ADB06D0-05C3-4C11-9CC1-41ABE36205E7
1F2544AB-C6F1-44FD-ABB2-216203711029,Coservation Studies,دراسات الحفظ,Coservation Studies,"","",515,A158CEFA-5D2C-46EF-BC48-12DE95A564AE
98E161DD-29D9-434D-9C2C-0E23775CA198,Cost & management accountancy,محاسبة التكاليف والإدارة,Cost & management accountancy,"","",516,FE8830F7-D320-422C-90BE-2593BB1B9B89
0E30B758-91E1-4BE5-BBEA-43E30474D299,Cost engineering,هندسة التكاليف,Cost engineering,"","",517,F0986833-4BE7-4B76-91B6-356BDA766CE1
0BA32C33-B95C-42B8-A14D-6D5899E83291,Counselling,الاستشارة,Counselling,"","",519,E35FB37B-2402-4603-9776-33D0D4848B9B
D78C2AEE-99EC-42AC-9904-78F248DD35F6,Counselling psychology,الإرشاد النفسي,Counselling psychology,"","",520,0BA9E910-CF12-4040-B5FC-6D18F9A6D765
0E99AD3B-EDEE-414E-9D16-866305467B55,"Counselor Education, School Counseling and Guidance Services.",خدمات تعليم المستشارين والإرشاد والتوجيه المدرسي,"Counselor Education, School Counseling and Guidance Services.","","",521,28486045-6425-5050-7815-459339547780
0C9139AC-E2CC-4496-B98D-40D4010D6261,Court Reporting,تقارير المحكمة,Court Reporting,"","",522,4F74D66E-F94C-4215-8EE6-20D8B2A0D2DE
0AE9AFD7-B983-4677-9248-C00A09410773,"Craft Design, Folk Art and Artisanry",التصميم الحرفي والفنون الشعبية والحرف اليدوية,"Craft Design, Folk Art and Artisanry","","",523,56463547-1778-6080-6803-396575136009
74F1F906-DC5A-431C-9D43-BA0636D75C3E,Crafts,الحرف اليدوية,Crafts,"","",524,7695196F-70D0-4244-9B41-DD496FF40793
7695196F-70D0-4244-9B41-DD496FF40793,Crafts,الحرف اليدوية,Crafts,"","",525,
06A1A1CA-667E-4B7E-B312-44000A5BF42F,Creative And Cultural Entrepreneurship,ريادة الأعمال الإبداعية والثقافية,Creative And Cultural Entrepreneurship,"","",526,56463547-1778-6080-6803-396575136009
49403D75-1E7D-4365-A331-426F54B372E2,Creative management,الإدارة الإبداعية,Creative management,"","",527,6075F702-3633-401F-9F28-5B4C802FA648
AC99A595-799B-4263-95BB-476DBAEED53B,Creative music technology,تكنولوجيا الموسيقى الإبداعية,Creative music technology,"","",528,EABC0146-B80D-473D-AB47-623C38EC444B
035F0703-EA0E-4A57-8096-21680ED328F2,Creative Technologies,التقنيات الإبداعية,Creative Technologies,"","",529,56463547-1778-6080-6803-396575136009
01CEE719-D6C6-41F9-8015-39B901C0F9C5,Creativity and Innovation,الإبداع والابتكار,Creativity and Innovation,"","",530,56463547-1778-6080-6803-396575136009
3AB2B43E-D2AE-42A2-B2A0-70E6620E4DA9,Criminal justice management,إدارة العدالة الجنائية,Criminal justice management,"","",533,6075F702-3633-401F-9F28-5B4C802FA648
155A0A46-A995-4E14-8B4B-408C2B430FE1,Criminal justice policy,سياسة العدالة الجنائية,Criminal justice policy,"","",534,64D65E23-2E73-493D-9B47-7A355D6FE5FD
443FD342-CA16-4756-B2A0-187E1DB24E39,Criminal law,القانون الجنائي,Criminal law,"","",535,4F74D66E-F94C-4215-8EE6-20D8B2A0D2DE
52EA04E7-C606-40F1-9AD4-40B347C39181,Criminological theory,النظرية الجنائية,Criminological theory,"","",536,DDFBE911-31BD-4240-984F-282B08516D24
0A1BE5DC-1EB9-4083-A3C0-8AEC05E93626,Criminology,علم الجريمة,Criminology,"","",537,97EA1354-7504-4C00-B170-E993193B678E
02353A5E-8197-44D2-9FF9-C79B02470B80,Criminology and Criminal Investigation,علم الجريمة والتحقيق الجنائي,Criminology and Criminal Investigation,"","",539,2E16E0DA-608E-4B96-B9D7-B000923DF19C
0885D963-EAD3-4154-8C80-1E8B07904106,Criminology and cybercrime ,علم الجريمة والجرائم الإلكترونية,Criminology and cybercrime ,"","",541,53068239-3437-9508-3860-820022132875
0F204FF1-A8BD-4F23-8286-E4C704C82BA7,Criminology and Human Rights,علم الجريمة وحقوق الإنسان,Criminology and Human Rights,"","",542,53068239-3437-9508-3860-820022132875
0B972ACE-9922-4F5E-9D02-99D30C2AEF1C,Criminology and Sociology,علم الجريمة وعلم الاجتماع,Criminology and Sociology,"","",543,53068239-3437-9508-3860-820022132875
0D622A2B-704F-4B8F-96B4-87C60B7B03BE,Criminology with Forensic Investigation,علم الجريمة مع التحقيق الشرعي,Criminology with Forensic Investigation,"","",544,53068239-3437-9508-3860-820022132875
05B1EC73-0851-474A-96C7-321E062D3C45,Critical Care Anesthesiology,تخدير الرعاية الحرجة,Critical Care Anesthesiology,"","",545,8E3B4DAF-9BCE-452A-A000-81355FF7FCE3
072F670A-C52D-4DF3-BE17-D96906AEE893,Critical Care Medicine,طب الرعاية الحرجة,Critical Care Medicine,"","",546,8E3B4DAF-9BCE-452A-A000-81355FF7FCE3
4AA84CCF-10B1-4AAE-975E-5982AF98BBAB,Critical care nursing,تمريض الرعاية الحرجة,Critical care nursing,"","",547,CE505D71-B5F7-494E-AB4D-BDE190745D96
0565428B-5E98-4755-BE66-38080404451C,Critical Care Surgery,جراحة العناية الحرجة,Critical Care Surgery,"","",548,8E3B4DAF-9BCE-452A-A000-81355FF7FCE3
7F6EA95C-154F-42F3-91A7-FE48B76050E3,Crop nutrition,تغذية المحاصيل,Crop nutrition,"","",549,9D89556F-9EE5-4D31-9883-6A16F8EF09DE
DF9434BD-643A-48EA-AB4D-DAC4D0C2F08A,Crop physiology,فسيولوجيا المحاصيل,Crop physiology,"","",550,9D89556F-9EE5-4D31-9883-6A16F8EF09DE
2A3B322C-C0DD-4D7F-A0DC-4F47DEBE2C99,Crop production,إنتاج المحاصيل,Crop production,"","",551,9D89556F-9EE5-4D31-9883-6A16F8EF09DE
2C1A0E6D-4C86-486D-84C5-3C686F9A1F25,Crop protection,حماية المحاصيل,Crop protection,"","",552,9D89556F-9EE5-4D31-9883-6A16F8EF09DE
E20C7761-8C68-497A-B19F-07825AD0B43B,Cross-cultural psychology,علم النفس عبر الثقافات,Cross-cultural psychology,"","",553,0BA9E910-CF12-4040-B5FC-6D18F9A6D765
7D6B8B8A-B66C-4B1B-9DF9-A37BF656293C,Crystallography,علم البلورات,Crystallography,"","",554,B1BDE659-5A76-41D5-A0C6-4A2FB34444A2
0F4077BF-267B-42B4-A35B-32800E376123,Culinary Arts,فنون الطهي,Culinary Arts,"","",556,7695196F-70D0-4244-9B41-DD496FF40793
801294C2-5479-40A8-95C1-72379F4D2DC6,Cultural geography,الجغرافيا الثقافية,Cultural geography,"","",557,344586BA-A3D0-4075-ACC6-44E7FA38A3C7
0631B745-7813-48E5-BDE1-104C03BBA799,Cultural Resource Management and Policy Analysis,إدارة الموارد الثقافية وتحليل السياسات,Cultural Resource Management and Policy Analysis,"","",558,53068239-3437-9508-3860-820022132875
076B30F8-8EEE-47FD-9EC7-2DDA033AE452,Culture & Creative Industries,الثقافة والصناعات الإبداعية,Culture & Creative Industries,"","",559,56463547-1778-6080-6803-396575136009
070F6E1B-08AC-4B84-A711-C2CF087F9F2C,Culture and Society,الثقافة والمجتمع,Culture and Society,"","",560,53068239-3437-9508-3860-820022132875
0E71D970-569F-442D-A597-C0E501BBA2A3,"culture, policy and management   ",الثقافة والإدارة و السياسات,"culture, policy and management   ","","",561,53068239-3437-9508-3860-820022132875
0322BEE6-F942-4334-A017-D0370BB2531D,Curating Cultures,تنظيم الثقافات,Curating Cultures,"","",562,53068239-3437-9508-3860-820022132875
18D03213-5260-40CE-9DE6-624D1407BA84,Curatorial studies,الدراسات التنظيمية,Curatorial studies,"","",563,FC71437F-9178-4500-8DD9-4D416565B168
9DC4E9B8-2144-47A2-8747-B05E7596D29D,Curriculum and Education Studies,دراسات المناهج والتربية,Curriculum and Education Studies,"","",564,
0DAB77D8-9F6B-4179-93F9-6234192D16C2,Curriculum and Education Studies nec,المناهج والدراسات التعليمية غير المصنّفة في موضع آخر,Curriculum and Education Studies nec,"","",565,9DC4E9B8-2144-47A2-8747-B05E7596D29D
986ED61B-D13D-4D21-9C02-4865B3B2545F,Curriculum Studies,دراسات المناهج,Curriculum Studies,"","",566,9DC4E9B8-2144-47A2-8747-B05E7596D29D
01C22B8A-BF0C-46B6-BF20-599508BD581D,"Customer Service Support, Call Center and Teleservice Operation",دعم خدمة العملاء ومركز الاتصال وتشغيل الخدمة عن بعد,"Customer Service Support, Call Center and Teleservice Operation","","",568,17384735-4CF2-48DA-ACA9-18F37FF9CCBC
E68A6EBA-6E83-41B2-9CFD-084AE1007D14,Customs Studies,الدراسات الجمركية,Customs Studies,"","",570,605F0873-4D76-4FC5-A357-FE7C18869824
0D92461A-114E-4D3D-8CD2-DE3D051E3345,Cyber Security and Digital Forensics,الأمن السيبراني والطب الشرعي الرقمي,Cyber Security and Digital Forensics,"","",571,EF4B99A8-A131-49EB-A044-14B5F227BDC9
09F916AB-7F97-4284-9ED1-9EF20348A009,Cyber Security Management ,إدارة الأمن السيبراني,Cyber Security Management ,"","",572,EF4B99A8-A131-49EB-A044-14B5F227BDC9
B296989F-D4AD-466E-B562-95C6E5D5D233,Cybernetics,علم التحكم الآلي,Cybernetics,"","",573,5E0CFB10-3F40-44DE-BB4B-DBCCEF779F34
5825B736-34CB-4D46-8FE5-0CD5EAC460DF,Cybersecurity,الأمن السيبراني,Cybersecurity,"","",574,46364BE2-BEB2-4B59-B263-23D8CA421126
0D0A2AD1-12CD-4C3C-9A86-C9720A113C24,Cybersecurity Analytics and Operations ,تحليلات وعمليات الأمن السيبراني,Cybersecurity Analytics and Operations ,"","",575,EF4B99A8-A131-49EB-A044-14B5F227BDC9
0C54C2E9-1512-4475-A369-F9D6039BDDD0,Cybersecurity and Global Policies,الأمن السيبراني والسياسات العالمية,Cybersecurity and Global Policies,"","",576,53068239-3437-9508-3860-820022132875
0633608E-8180-43EE-8CE3-EE85075E5F0F,Cybersecurity and Network Security,أمن سيبراني وأمن الشبكات,Cybersecurity and Network Security,"","",577,46364BE2-BEB2-4B59-B263-23D8CA421126
03991396-E485-4BCE-8024-15ED0A77882A,Cybersecurity engineering,هندسة الأمن السيبراني,Cybersecurity engineering,"","",578,5E0CFB10-3F40-44DE-BB4B-DBCCEF779F34
0A924BF7-B6C8-4E03-A01E-CB210BD2F9E8,Czech Language,اللغة التشيكية,Czech Language,"","",579,A49540BA-CF94-4C4F-ACBA-2CFF003B6DFA
001A36A2-43CC-496F-9E2E-B5A602ECF39B,Dairy Husbandry and Production,تربية الألبان وإنتاجها,Dairy Husbandry and Production,"","",580,9D89556F-9EE5-4D31-9883-6A16F8EF09DE
3E3CD1C2-E37B-459A-89F8-957EB309D9E6,Dance,الرقص,Dance,"","",581,
6C5E4B40-06DC-4194-98E5-5ABFE8E5F507,Dance,الرقص,Dance,"","",582,3E3CD1C2-E37B-459A-89F8-957EB309D9E6
D20B2E76-0CAF-4D7E-8393-5B864E8629B9,Dance & culture,الرقص والثقافة,Dance & culture,"","",583,3E3CD1C2-E37B-459A-89F8-957EB309D9E6
A459D82A-4D85-4278-818C-5AC9BA9A227A,Dance performance,أداء الرقص,Dance performance,"","",584,3E3CD1C2-E37B-459A-89F8-957EB309D9E6
B9633B23-7B37-4ADA-85FA-438C774187E5,Dance theatre,مسرح الرقص,Dance theatre,"","",585,3E3CD1C2-E37B-459A-89F8-957EB309D9E6
0346BC6E-8875-42FD-A0FA-738D023E8345,Dance Therapy,العلاج بالرقص,Dance Therapy,"","",586,14702637-5298-9375-6717-257512837849
0D77EF5F-DFD5-4D02-8434-33F20E526E15,Danish Language,اللغة الدنماركية,Danish Language,"","",587,A49540BA-CF94-4C4F-ACBA-2CFF003B6DFA
097062B8-5ED9-495E-B159-D9F408BE070A,Data and Cybersecurity,البيانات والأمن السيبراني,Data and Cybersecurity,"","",588,46364BE2-BEB2-4B59-B263-23D8CA421126
09AA6865-999B-4187-A9BD-882604BD07F0,Data Entry and Microcomputer Applications,إدخال البيانات وتطبيقات الحواسيب الصغيرة,Data Entry and Microcomputer Applications,"","",589,A5B2B263-AAB5-47BD-9063-CB304465E7BE
CF2318D1-4FDB-4A4D-B561-A4A2C2137BAB,Data management,إدارة البيانات,Data management,"","",590,A5B2B263-AAB5-47BD-9063-CB304465E7BE
A594BFF6-9895-4440-9F36-DDDD93757370,Data Minning,تعدين البيانات,Data Minning,"","",591,46364BE2-BEB2-4B59-B263-23D8CA421126
1F8058ED-252E-43E3-AE79-BCB1C2913E09,Data Science,علم البيانات,Data Science,"","",592,46364BE2-BEB2-4B59-B263-23D8CA421126
0E2A2B50-D4CC-4AF1-88F4-A0C6073A4163,Data Science & Engineering,علوم وهندسة بيانات,Data Science & Engineering,"","",593,EF4B99A8-A131-49EB-A044-14B5F227BDC9
026D3773-02B0-4B21-B2E7-E3F0048407D6,Data Science and Artificial Intelligence,علم البيانات والذكاء الاصطناعي,Data Science and Artificial Intelligence,"","",594,46364BE2-BEB2-4B59-B263-23D8CA421126
A3C1327A-D04E-4B63-861C-0630D6486875,Databases,قواعد البيانات,Databases,"","",595,A5B2B263-AAB5-47BD-9063-CB304465E7BE
31583B2C-9733-4455-92E0-29A0DBECF95A,Declarative programming,البرمجة التصريحية,Declarative programming,"","",596,92B1806A-2E2D-421A-92DB-344E1CA3E34A
74240A8C-0ED8-426A-998A-1A91D12BE33E,Defence and Security nec,الدفاع والأمن غير المصنفة,Defence and Security nec,"","",597,605F0873-4D76-4FC5-A357-FE7C18869824
0B2CE9C3-A64E-42C7-80FA-AD1D0A95B2AC,Defence Studies Research ,أبحاث دراسات الدفاع,Defence Studies Research ,"","",598,53068239-3437-9508-3860-820022132875
605F0873-4D76-4FC5-A357-FE7C18869824,Defense and Security,الدفاع والأمن,Defense and Security,"","",599,
C35D2E99-4E6F-4093-BB02-A1D4E25B5FD8,Democracy,ديمقراطية,Democracy,"","",600,C3022B9C-4CFB-4E3E-AFE6-897C73A1036E
E5B205E3-E812-4FA9-A74D-5149525B36EF,Dental Assisting,مساعدة طب الأسنان,Dental Assisting,"","",601,8E3B4DAF-9BCE-452A-A000-81355FF7FCE3
CA1B2CCB-79C6-487B-B8DE-AFED7947B2B3,Dental Hygiene,نظافة الأسنان,Dental Hygiene,"","",602,8E3B4DAF-9BCE-452A-A000-81355FF7FCE3
09C009BB-AD88-4D41-9FEE-E6190A6559B7,Dental Materials,مواد طب الأسنان,Dental Materials,"","",603,E35FB37B-2402-4603-9776-33D0D4848B9B
BAFEEFF5-8E76-48E1-825A-DFE8B67644B5,Dental nursing,تمريض الأسنان,Dental nursing,"","",604,CE505D71-B5F7-494E-AB4D-BDE190745D96
7D7841CC-303E-433C-B063-EE7DBC2204C8,Dental technology,تكنولوجيا طب الأسنان,Dental technology,"","",605,49C41DF6-30BD-4A7A-8EE4-201F6CCEAFD8
09869345-C15B-4BA8-9C0D-66570B560540,Dental/Oral Surgery Specialty,جراحة الأسنان والفم,Dental/Oral Surgery Specialty,"","",606,8E3B4DAF-9BCE-452A-A000-81355FF7FCE3
46D45FAC-D60C-4838-8602-764C04892ADC,Dentistry,طب الأسنان,Dentistry,"","",607,8E3B4DAF-9BCE-452A-A000-81355FF7FCE3
0D64807F-6419-4ABB-A7C2-85B009BFEBB9,Department of Conservation of Heritage Resources,إدارة صيانة المصادر التراثية,Department of Conservation of Heritage Resources,"","",608,53068239-3437-9508-3860-820022132875
0BB20AB4-0873-49BD-B29C-587D020FDD35,Dermatology,طب الأمراض الجلدية,Dermatology,"","",609,8E3B4DAF-9BCE-452A-A000-81355FF7FCE3
0C90F5F1-20D9-4BE9-9F7D-E2170540E0D0,Design and Urban Ecologies,التصميم والإيكولوجيا الحضرية,Design and Urban Ecologies,"","",611,53068239-3437-9508-3860-820022132875
98726A46-0BA8-437A-AA93-EEA10F29C04F,Design studies,دراسات التصميم,Design studies,"","",612,
7D0B890C-1916-4C46-A6A2-F85AC84847E5,Design studies,دراسات التصميم,Design studies,"","",613,98726A46-0BA8-437A-AA93-EEA10F29C04F
0112FE81-65A5-4415-ADFA-3D6800361CF6,Development Economics and International Development,اقتصاديات التنمية والتنمية الدولية,Development Economics and International Development,"","",614,53068239-3437-9508-3860-820022132875
0773085B-D4F9-4271-9DF2-55E907B96A8E,Development Planning,تخطيط التنمية,Development Planning,"","",615,1A8C8C00-EB48-495B-A42F-24AC73E2C37B
00717F2F-33A9-425A-B9EA-B83508FD3CD2,Development Practice,ممارسات التنمية,Development Practice,"","",616,1A8C8C00-EB48-495B-A42F-24AC73E2C37B
C0823ED3-FA17-49A8-AE7E-EB4DBD3705A4,Development studies,دراسات التنمية,Development studies,"","",617,1A8C8C00-EB48-495B-A42F-24AC73E2C37B
1A8C8C00-EB48-495B-A42F-24AC73E2C37B,Development studies,دراسات التنمية,Development studies,"","",618,
F0985498-C513-41EE-BC5E-143593E02033,Developmental & reproductive plant biology,بيولوجيا النبات التنموية والإنجابية,Developmental & reproductive plant biology,"","",619,114C82E2-3F3A-4B10-97B8-7EFFD801A55F
003CB845-AC33-4921-A20E-913907F10CE0,Developmental and Child Psychology,علم نفس النمو والطفل,Developmental and Child Psychology,"","",620,53068239-3437-9508-3860-820022132875
7C82A233-9B53-43F8-93E5-1BA9BA10290E,Developmental biology,علم الأحياء التنموي,Developmental biology,"","",621,BAE3B5D3-F58F-4607-A5FB-49ABD245282E
0333F806-C060-4778-98BA-AB4E0278BE8E,Developmental Biology and Embryology,علم الأحياء التنموي وعلم الأجنة,Developmental Biology and Embryology,"","",622,EF4B99A8-A131-49EB-A044-14B5F227BDC9
45221C5E-9482-491B-AB19-6D2C095623B2,Developmental psychology,علم النفس التنموي,Developmental psychology,"","",623,0BA9E910-CF12-4040-B5FC-6D18F9A6D765
C319AD9A-9AF3-452B-BDCF-56E51550B9C2,Developmental/Reproductive biology,علم الأحياء التنموي/ الإنجابي,Developmental/Reproductive biology,"","",624,BAE3B5D3-F58F-4607-A5FB-49ABD245282E
F5DEDC2D-6CE7-475E-9C58-55D2301F1889,Dietetics,علم التغذية,Dietetics,"","",625,E1A5C391-DBA7-4699-991A-BB694B098B78
A855E7A0-BF2B-4F53-A171-BB91D9F7DDDF,Digital circuit engineering,هندسة الدوائر الرقمية,Digital circuit engineering,"","",626,5E0CFB10-3F40-44DE-BB4B-DBCCEF779F34
0E10D7C8-9953-470D-9CE9-F0A908666E47,Digital communication and media prediction,الاتصالات الرقمية والتنبؤ بوسائل الإعلام,Digital communication and media prediction,"","",627,53068239-3437-9508-3860-820022132875
07B24369-0702-4352-A442-8E4E0827CC55,Digital Forensics,التحليل الرقمي الجنائي,Digital Forensics,"","",628,2E16E0DA-608E-4B96-B9D7-B000923DF19C
01C957F2-57FB-455A-A78A-43450D54704A,Digital Humanities,العلوم الإنسانية الرقمية,Digital Humanities,"","",629,53068239-3437-9508-3860-820022132875
01D5DB9A-F5BC-4164-83BA-FBD50E47C9DC,Digital Media and Communication ,الوسائط الرقمية والاتصالات,Digital Media and Communication ,"","",630,56463547-1778-6080-6803-396575136009
0C10D24D-2B7D-4FA3-B13B-B16C07A6BF90,Digital Media Culture,ثقافة الوسائط الرقمية,Digital Media Culture,"","",631,56463547-1778-6080-6803-396575136009
03B0EDE3-A93A-4E5D-A27D-7BFE0F9D3EE0,Digital Media Culture and Technology,ثقافة وتكنولوجيا الوسائط الرقمية,Digital Media Culture and Technology,"","",632,EF4B99A8-A131-49EB-A044-14B5F227BDC9
04D6F63A-1A18-4949-BEA5-33730FE0381A,Digital Teaching and Learning ,التعليم والتعلم الرقمي,Digital Teaching and Learning ,"","",633,28486045-6425-5050-7815-459339547780
04B4673F-E39E-4050-8751-B1100F9F1E1F,Diplomacy and International Affairs ,الدبلوماسية والشؤون الدولية,Diplomacy and International Affairs ,"","",634,53068239-3437-9508-3860-820022132875
0BE89AEF-5E77-45EE-AAFE-A2280E1D2C7C,Diplomatic Studies,الدراسات الدبلوماسية,Diplomatic Studies,"","",636,C3022B9C-4CFB-4E3E-AFE6-897C73A1036E
AE20E594-6C94-45A0-A1CD-D2386E4C092D,Directing for theatre,التوجيه للمسرح,Directing for theatre,"","",637,27F76109-CE90-4F0B-A56C-AE5943612575
27DA4B36-FC8D-4162-8A3C-BF3B77C5301C,Directing motion pictures,توجيه الصور المتحركة,Directing motion pictures,"","",638,6569B223-81EB-4A45-B60D-7875E6019300
6A3DD9A3-89AE-45C4-B46D-7B7F82138093,Disability in society,الإعاقة في المجتمع,Disability in society,"","",639,97EA1354-7504-4C00-B170-E993193B678E
04F58209-E365-4A40-8C82-DAE7DCFF703F,Disaster management,إدارة الكوارث,Disaster management,"","",640,6075F702-3633-401F-9F28-5B4C802FA648
722A8594-DD69-4F3B-A29D-1BFB2953CC76,Displays & imaging,يعرض والتصوير,Displays & imaging,"","",641,46364BE2-BEB2-4B59-B263-23D8CA421126
2D6C31FE-A83D-495C-8386-DB19B0357F20,Distribution,توزيع,Distribution,"","",642,43817EFA-BADD-419E-8D15-1E388A7AB85F
04284C7D-C204-495B-9C47-715707AE5A84,Diver Instruction,تدريب الغواصة,Diver Instruction,"","",643,7695196F-70D0-4244-9B41-DD496FF40793
D15AD116-5586-41CA-8CE9-7DF3F3062673,Domestic management,الإدارة المحلية,Domestic management,"","",645,6075F702-3633-401F-9F28-5B4C802FA648
0B4C995D-3DC4-435C-A8CB-CE8A022C2C8A,Drafting and Design Technology,تكنولوجيا الرسم والتصميم باستخدام الحاسوب,Drafting and Design Technology,"","",646,EF4B99A8-A131-49EB-A044-14B5F227BDC9
27F76109-CE90-4F0B-A56C-AE5943612575,Drama,دراما,Drama,"","",647,
457B7BA5-6F57-46B3-A34F-87720AF94242,Drama,دراما,Drama,"","",648,27F76109-CE90-4F0B-A56C-AE5943612575
B0EF93B8-70E5-44D6-888D-6761880EDD2F,Drawing,رسم,Drawing,"","",649,8947863D-C8BC-4697-A114-8918F4241B58
6DC40994-5DB5-4B52-B457-524E30F79D18,Dressmaking,الخياطة,Dressmaking,"","",650,7695196F-70D0-4244-9B41-DD496FF40793
0F442482-B5FD-4C3A-AB54-E9C0049431FC,Drug design,تصميم الدواء,Drug design,"","",651,252C93BF-180D-4330-BEA8-453317B03A4B
02B6D0FF-A8CA-44F9-81BA-7CF002156740,Dutch/Flemish Language,اللغة الهولندية / الفلمنكية,Dutch/Flemish Language,"","",652,A49540BA-CF94-4C4F-ACBA-2CFF003B6DFA
69060162-EE86-43D3-9521-72DBE283DB38,Dying & colouring of textiles,صباغة وتلوين المنسوجات,Dying & colouring of textiles,"","",653,DA4B5B54-4E28-4E3C-94BF-4971F5FC955F
6D041A17-78C0-40D1-91E3-4D9EF9FC6102,Dynamics,ديناميات,Dynamics,"","",654,5DB7DE56-F67A-48CD-9089-46FB4E84D197
0AA1A305-C5EB-42FD-884A-7D9E06C1A7D2,Early Childhood Education ?(Teaching Assistant),مساعد معلم - الطفولة المبكرة,Early Childhood Education ?(Teaching Assistant),"","",655,0EDE5489-BDF4-4838-9C6C-4E39B0B00E06
04ACF2A0-3F68-4D5B-AACE-46FB0D1457F1,Earth Engineering,هندسة الأرض,Earth Engineering,"","",656,F0986833-4BE7-4B76-91B6-356BDA766CE1
023C3607-CC62-41C7-BB22-AD980B7FA58A,Earth Science and Engineering,علوم وهندسة الأرض,Earth Science and Engineering,"","",657,EF4B99A8-A131-49EB-A044-14B5F227BDC9
79836289-9E48-4E29-958F-F75B87359244,e-business,الأعمال الإلكترونية,e-business,"","",658,46364BE2-BEB2-4B59-B263-23D8CA421126
D0562F58-F76F-47EA-AB5D-812260FE25EA,Ecology,علم البيئة,Ecology,"","",659,BAE3B5D3-F58F-4607-A5FB-49ABD245282E
08BB3E59-8C97-4671-8689-D98100D00775,"Ecology, Evolution, Systematics, and Population Biology",علم البيئة والتطور والنظاميات وبيولوجيا السكان,"Ecology, Evolution, Systematics, and Population Biology","","",660,EF4B99A8-A131-49EB-A044-14B5F227BDC9
38148750-2401-4EFC-AD15-30D9DA210D25,Econometrics,الاقتصاد القياسي,Econometrics,"","",661,1C167EB2-E4A2-45A5-B2BF-085DB83518DA
0B3D7883-D89D-4839-8C52-2C080304C7E2,economic and Mathematics,الاقتصاد والرياضيات,economic and Mathematics,"","",662,53068239-3437-9508-3860-820022132875
D7A0169B-A423-4905-95E8-C29AE29A24CF,Economic geography,الجغرافيا الاقتصادية,Economic geography,"","",663,344586BA-A3D0-4075-ACC6-44E7FA38A3C7
A3657BEC-5140-4F2C-818A-ECA11DF51A50,Economic policy,السياسة الاقتصادية,Economic policy,"","",664,1C167EB2-E4A2-45A5-B2BF-085DB83518DA
D5033C67-F3E2-4487-8851-5554EBB1E498,Economic systems,النظم الاقتصادية,Economic systems,"","",665,1C167EB2-E4A2-45A5-B2BF-085DB83518DA
BDB128A2-156F-4E49-90F5-2675E3D0BE4B,Economics,الاقتصاد,Economics,"","",666,1C167EB2-E4A2-45A5-B2BF-085DB83518DA
1C167EB2-E4A2-45A5-B2BF-085DB83518DA,Economics,الاقتصاد,Economics,"","",667,
0C91A519-B56C-4F78-B3F6-A8780D0EACA4,Economics and FiNULLce,الاقتصاد والتمويل,Economics and FiNULLce,"","",668,53068239-3437-9508-3860-820022132875
0090B268-515E-406F-8B26-62020FD94F7D,Economics and management,الاقتصاد والإدارة,Economics and management,"","",669,53068239-3437-9508-3860-820022132875
0984416A-84A0-4FD9-9EB3-550C0433A5D9,Economics law,القانون الاقتصادي,Economics law,"","",670,4F74D66E-F94C-4215-8EE6-20D8B2A0D2DE
08558422-6164-467B-8464-A3A602B7D2B8,"Economics,Politics & International Relation",الاقتصاد والسياسة والعلاقات الدولية,"Economics,Politics & International Relation","","",671,53068239-3437-9508-3860-820022132875
04C5C568-12D1-4668-B634-9ACAD8E39271,Ecosystem ecology & land use,بيئة النظام البيئي واستخدام الأراضي,Ecosystem ecology & land use,"","",672,BAE3B5D3-F58F-4607-A5FB-49ABD245282E
C82A5360-0D01-4B17-94B1-D90C6C17EB0D,Ecotoxicology,علم السموم البيئية,Ecotoxicology,"","",673,BAE3B5D3-F58F-4607-A5FB-49ABD245282E
111858EE-85E9-4327-830A-DA46CAF3274E,Education policy,سياسة التعليم,Education policy,"","",676,64D65E23-2E73-493D-9B47-7A355D6FE5FD
F9F36FC9-B09A-4BC8-98D6-B0C31C13C79B,Education Studies,دراسات التعليم,Education Studies,"","",678,9DC4E9B8-2144-47A2-8747-B05E7596D29D
9B8DDA16-0E19-42C6-80A3-FACB8252882B,Education Systems and Policies,نظم وسياسات التعليم,Education Systems and Policies,"","",679,9DC4E9B8-2144-47A2-8747-B05E7596D29D
09BABFA2-2349-4613-8D5D-517E04E9879C,Educational Administration and Supervision,الإدارة والإشراف التربوي,Educational Administration and Supervision,"","",680,28486045-6425-5050-7815-459339547780
0B08CC57-3BDC-408B-A276-FACA0A6249A7,Educational Evaluation and Research,التقييم التربوي والبحث,Educational Evaluation and Research,"","",681,28486045-6425-5050-7815-459339547780
05BAF7EC-5552-44C3-9E01-4AEA0F6B85AB,Educational Leadership,القيادة التربوية,Educational Leadership,"","",682,6CB67E60-E96A-4EF1-85E6-FBFDCA9460E9
55B2B03B-433E-4D92-B5CD-35548D502EF8,Educational psychology,علم النفس التربوي,Educational psychology,"","",683,0BA9E910-CF12-4040-B5FC-6D18F9A6D765
0874F95D-D681-4B0D-A95B-0DD6014A53E5,Educational Statistics and Research Methods,الإحصاء التربوي ومناهج البحث,Educational Statistics and Research Methods,"","",684,28486045-6425-5050-7815-459339547780
032E830A-B81B-41D6-ADF9-17A805708F7A,"Educational, Instructional, and Curriculum Supervision",الإشراف التربوي والتعليمي والمنهجي,"Educational, Instructional, and Curriculum Supervision","","",685,9DC4E9B8-2144-47A2-8747-B05E7596D29D
CA185635-0136-4AD7-B01C-42909AE9FCBA,Electracoustic composition/acousmatic composition,تكوين كهربائي صوتي / تكوين صوتي,Electracoustic composition/acousmatic composition,"","",686,EABC0146-B80D-473D-AB47-623C38EC444B
0E71990A-0870-4ED8-A32A-BEFB066E7336,Electric Power And Renewable Energy,القوة الكهربائية المتجددة التطبيقية,Electric Power And Renewable Energy,"","",687,5E0CFB10-3F40-44DE-BB4B-DBCCEF779F34
EBDB27B2-E2DC-424B-B33E-284D9529F2C2,Electrical engineering,الهندسة الكهربائية,Electrical engineering,"","",688,5E0CFB10-3F40-44DE-BB4B-DBCCEF779F34
069C208A-E4EB-4D08-B0CE-EF3208D49665,Electrical Engineering and Computer Engineering ,الهندسة الكهربائية وهندسة الحاسب الآلي,Electrical Engineering and Computer Engineering ,"","",689,EF4B99A8-A131-49EB-A044-14B5F227BDC9
0ABEAC92-9ECD-4273-BB56-5D5901D48D4C,Electrical Engineering and Telecommunications and network Engineering ,الهندسة الكهربائية والاتصالات وهندسة الشبكات,Electrical Engineering and Telecommunications and network Engineering ,"","",690,EF4B99A8-A131-49EB-A044-14B5F227BDC9
08346F9A-4FD8-4CD1-A063-03080519C2C2,Electrical Engineering Technology,تكنولوجيا الهندسة الكهربائية,Electrical Engineering Technology,"","",691,5E0CFB10-3F40-44DE-BB4B-DBCCEF779F34
78B483C5-6A22-41B7-8427-B8B365D1D9E3,Electrical power,الطاقة الكهربائية,Electrical power,"","",692,5E0CFB10-3F40-44DE-BB4B-DBCCEF779F34
DB7F3132-3E42-474F-A6DC-579A4A781B6C,Electrical power distribution,توزيع الطاقة الكهربائية,Electrical power distribution,"","",693,5E0CFB10-3F40-44DE-BB4B-DBCCEF779F34
01DD4D2A-782E-4485-8142-CC1B0B709356,Electrical Power Engineering Technology,تكنولوجيا هندسة قوى كهربائية,Electrical Power Engineering Technology,"","",695,5E0CFB10-3F40-44DE-BB4B-DBCCEF779F34
6394B84B-954C-4183-B436-516371BB86B3,Electrical power generation,توليد الطاقة الكهربائية,Electrical power generation,"","",696,5E0CFB10-3F40-44DE-BB4B-DBCCEF779F34
08592EE8-4333-4FDF-9578-54F70E1B4942,Electrical Power Systems ,أنظمة الطاقة الكهربائية,Electrical Power Systems ,"","",697,5E0CFB10-3F40-44DE-BB4B-DBCCEF779F34
068B06D5-E6CF-487F-9A5A-31D00C1C3205,Electrical Power Systems Technician,فني أنظمة الطاقة الكهربائية,Electrical Power Systems Technician,"","",698,5E0CFB10-3F40-44DE-BB4B-DBCCEF779F34
09BCAB5A-1170-4D77-A1F3-441700D6CA6C,Electrical Systems Engineering,هندسة النظم الكهربائية,Electrical Systems Engineering,"","",699,5E0CFB10-3F40-44DE-BB4B-DBCCEF779F34
0B236ADF-3B58-4D63-AFE3-4558037736DD,"Electrical, Electronic and Communications Engineering Technician",فني هندسة الكهرباء والإلكترونية والاتصالات,"Electrical, Electronic and Communications Engineering Technician","","",700,5E0CFB10-3F40-44DE-BB4B-DBCCEF779F34
44B7D4AB-D248-417D-A8B1-13DBC813ED61,Electro-acoustic studies,الدراسات الكهربائية الصوتية,Electro-acoustic studies,"","",701,EABC0146-B80D-473D-AB47-623C38EC444B
D55061D5-A70D-47F4-83DE-DB943EBE06CB,Electromagnetism,الكهرومغناطيسية,Electromagnetism,"","",702,79BED130-E352-4C2F-A2AB-DFC8239151C0
6F393FC6-7AD7-4D7C-B751-2158D10D1778,Electromechanical engineering,الهندسة الكهروميكانيكية,Electromechanical engineering,"","",703,5DB7DE56-F67A-48CD-9089-46FB4E84D197
0692D37C-5B53-4BF9-9A48-226B0F32CD3F,Electromechanical Engineering Technology,تكنولوجيا الهندسة الكهروميكانيكية,Electromechanical Engineering Technology,"","",704,5DB7DE56-F67A-48CD-9089-46FB4E84D197
5E0CFB10-3F40-44DE-BB4B-DBCCEF779F34,Electronic & electrical engineering,الهندسة الإلكترونية والكهربائية,Electronic & electrical engineering,"","",705,
810B3AEA-B217-44AC-A50C-B3465C60AFB3,Electronic & electrical engineering,الهندسة الإلكترونية والكهربائية,Electronic & electrical engineering,"","",706,5E0CFB10-3F40-44DE-BB4B-DBCCEF779F34
0698DCA0-62E8-4316-831B-5D770247A77F,Electronic and Communications Engineering,هندسة إلكترونية واتصالات,Electronic and Communications Engineering,"","",707,5E0CFB10-3F40-44DE-BB4B-DBCCEF779F34
0925FD57-EA6D-4614-9094-E8840EF32F0B,Electronic Commerce,التجارة الإلكترونية,Electronic Commerce,"","",708,17384735-4CF2-48DA-ACA9-18F37FF9CCBC
C6ADBDC8-3558-48D9-9A5C-9E1F5AF554D3,Electronic engineering,الهندسة الإلكترونية,Electronic engineering,"","",709,5E0CFB10-3F40-44DE-BB4B-DBCCEF779F34
0C6559CE-D7A3-4897-A3C8-DAC107325827,Electronic Engineering and Computer Engineering ,الهندسة الإلكترونية وهندسة الحاسب الآلي,Electronic Engineering and Computer Engineering ,"","",710,EF4B99A8-A131-49EB-A044-14B5F227BDC9
0E75876B-95F4-4F6E-B2E1-BC040822D1D2,Electronic Engineering and Computer Science,الهندسة الإلكترونية وعلوم الكمبيوتر,Electronic Engineering and Computer Science,"","",711,EF4B99A8-A131-49EB-A044-14B5F227BDC9
0B26E534-ECE9-4B7E-B0F3-EA5701307A4B,Electronic Engineering with Management,الهندسة الإلكترونية والإدارة,Electronic Engineering with Management,"","",712,EF4B99A8-A131-49EB-A044-14B5F227BDC9
071EA319-409D-4E48-9253-37A6DA099F36,Electronic media studies,دراسات الإعلام الإلكتروني,Electronic media studies,"","",713,56ABF249-06C6-4AC0-91F3-E2586E3E3C0E
B85E7A8F-2761-4EED-A2FA-247F2762CE32,Electronic music,الموسيقى الإلكترونية,Electronic music,"","",714,EABC0146-B80D-473D-AB47-623C38EC444B
1401607C-3430-4C14-BEED-A95363B2E279,Electronic publishing,النشر الإلكتروني,Electronic publishing,"","",715,383EA2CE-3E59-4BF5-8235-55F536223D6C
8F01BE55-54D0-4886-9285-26030E2293BA,Electronic/electro-acoustic music performance,أداء الموسيقى الإلكترونية/الكهربائية الصوتية,Electronic/electro-acoustic music performance,"","",716,EABC0146-B80D-473D-AB47-623C38EC444B
019465AA-A12F-4907-97C0-5361016B73D9,Electronics,الإلكترونيات,Electronics,"","",717,1445B371-EACD-45A1-8ACA-2318DF9F9893
015F454B-3AE3-4C3B-A9DF-58C40B33425E,Elementary and Middle School Administration,إدارة المدارس الابتدائية والمتوسطة,Elementary and Middle School Administration,"","",719,28486045-6425-5050-7815-459339547780
0D9C074D-509D-4C1E-8A3C-7BF608C052AE,Elementary Particle Physics,فيزياء الجسيمات الأولية,Elementary Particle Physics,"","",720,79BED130-E352-4C2F-A2AB-DFC8239151C0
B597243F-1BD3-4E8D-9678-997E5D678C30,Emergency & disaster management,إدارة الطوارئ والكوارث,Emergency & disaster management,"","",721,6075F702-3633-401F-9F28-5B4C802FA648
99408FF3-7877-410A-92EE-4631802D6170,Emergency & disaster technologies,تقنيات الطوارئ والكوارث,Emergency & disaster technologies,"","",722,1445B371-EACD-45A1-8ACA-2318DF9F9893
06BC1D54-369C-474C-B69F-BA480CEF26E8,Emergency Care Attendant (EMT Ambulance),مسعف الطوارئ الطبية (مسعف سيارة الإسعاف),Emergency Care Attendant (EMT Ambulance),"","",723,E35FB37B-2402-4603-9776-33D0D4848B9B
0B9E7A74-0617-4591-BF45-25E406360B55,Emergency Medicine,طب الطوارئ,Emergency Medicine,"","",724,8E3B4DAF-9BCE-452A-A000-81355FF7FCE3
59B5AFF8-B673-4ADA-BF3B-70AAB7FAC21B,Emergency nursing,تمريض الطوارئ,Emergency nursing,"","",725,CE505D71-B5F7-494E-AB4D-BDE190745D96
9E748062-D74B-4297-ACCA-26C913F006F9,Emergency services management,إدارة خدمات الطوارئ,Emergency services management,"","",726,6075F702-3633-401F-9F28-5B4C802FA648
F52A99A1-4842-4CDE-9AC5-406F9175AB58,Emergency services policy,سياسة خدمات الطوارئ,Emergency services policy,"","",727,64D65E23-2E73-493D-9B47-7A355D6FE5FD
615C7CC3-4C76-416D-8FF3-E317000E045D,Employment Skills Programs,برامج مهارات التوظيف,Employment Skills Programs,"","",730,
8C3ABCC4-57F4-43F7-941C-7978D4DBE0D9,Employment Skills Programs,برامج مهارات التوظيف,Employment Skills Programs,"","",731,615C7CC3-4C76-416D-8FF3-E317000E045D
0DA40289-50F3-4F49-9419-694B05C265BA,Endocrinology and Metabolism,الغدد الصماء والأيض,Endocrinology and Metabolism,"","",732,A038E0EA-4410-40C2-9FAB-039786715382
072C887B-6BC2-4977-AF24-FE450B059B1E,Energy and Biologically Based Therapies,الطاقة والعلاجات البيولوجية,Energy and Biologically Based Therapies,"","",733,14702637-5298-9375-6717-257512837849
C27CC2CC-44A0-40C7-AFE5-E6C3ED615C57,Energy and Resources,الطاقة والموارد,Energy and Resources,"","",734,EF4B99A8-A131-49EB-A044-14B5F227BDC9
3994A7D8-094F-45CF-9F39-C6C659ECD3AA,Energy engineering,هندسة الطاقة,Energy engineering,"","",735,F0986833-4BE7-4B76-91B6-356BDA766CE1
040CD0A1-D71F-48CD-9653-510901412A09,Energy Management and Systems Technology,إدارة الطاقة وتكنولوجيا النظم,Energy Management and Systems Technology,"","",736,EF4B99A8-A131-49EB-A044-14B5F227BDC9
35F62853-4BD6-4139-80D9-BA02F2CB1809,Energy resources,موارد الطاقة,Energy resources,"","",737,57DEE9CC-7922-460E-8A7C-BED321E792D7
0F7BF0B2-8B04-45B8-B1C9-6835B242A7C2,Energy technologies,تقنيات الطاقة,Energy technologies,"","",738,1445B371-EACD-45A1-8ACA-2318DF9F9893
086EB0AA-B97C-4D43-91EA-528C0D33F5BE,"Energy, Environment, and Natural Resources Law",قانون الطاقة والبيئة والموارد الطبيعية,"Energy, Environment, and Natural Resources Law","","",739,4F74D66E-F94C-4215-8EE6-20D8B2A0D2DE
AD102AD5-49D4-4309-881B-9715D3053158,Engineering design,التصميم الهندسي,Engineering design,"","",740,A4E63C31-2522-498F-A2D1-160A4DE0C61F
0F09A35A-83D4-460D-9AA1-641B29E41AB8,Engineering geology,الجيولوجيا الهندسية,Engineering geology,"","",741,3A626880-24E5-4381-96E7-BFC68C0637E9
0E9EDC7D-2D29-46A3-839A-8469086DC1C4,Engineering Leadership and Management,القيادة الهندسية والإدارة,Engineering Leadership and Management,"","",742,EF4B99A8-A131-49EB-A044-14B5F227BDC9
7DE4BFA9-B042-4970-BF99-3C4775F94340,Engineering materials,المواد الهندسية,Engineering materials,"","",743,DB3CECA1-2BA6-41B7-9A3E-D89D368AE44F
2F0FA9D3-0C01-449E-B1EA-0A0737996D33,Engineering physics,الفيزياء الهندسية,Engineering physics,"","",744,79BED130-E352-4C2F-A2AB-DFC8239151C0
0FFBF8E1-DB34-496F-B7D4-4BD406B475E7,Engineering Project Management,هندسة إدارة المشاريع,Engineering Project Management,"","",746,F0986833-4BE7-4B76-91B6-356BDA766CE1
5C8669AF-6A60-473D-A1BF-FB72230B335E,Engineering surveying,المسح الهندسي,Engineering surveying,"","",747,57DEE9CC-7922-460E-8A7C-BED321E792D7
09193B80-B812-4F7A-8F22-71D106A6DA73,Engineering Technical Supervision,إشراف فني هندسي,Engineering Technical Supervision,"","",748,EF4B99A8-A131-49EB-A044-14B5F227BDC9
8820D8B0-E7D2-412A-82C0-443CD047E107,Engineering/industrial mathematics,الرياضيات الهندسية/ الصناعية,Engineering/industrial mathematics,"","",749,FDD8F156-4D12-4C75-8683-57C918C454F1
E922DBBF-268E-4C34-AA09-8CC5F86CE65E,English as a second language,اللغة الإنجليزية كلغة ثانية,English as a second language,"","",750,A49540BA-CF94-4C4F-ACBA-2CFF003B6DFA
7263AB31-5F86-400E-BA36-322B38A70C1B,English as a Second Language Teaching,اللغة الإنجليزية كلغة ثانية التدريس,English as a Second Language Teaching,"","",751,6CB67E60-E96A-4EF1-85E6-FBFDCA9460E9
3A5609C7-12D2-44AD-B4BD-B6B7580305B6,English language,اللغة الإنجليزية,English language,"","",752,A49540BA-CF94-4C4F-ACBA-2CFF003B6DFA
D600E130-5948-46CF-A504-F38D62F542F0,English law,القانون الانجليزي,English law,"","",753,57E7370E-497B-4BD3-9E14-CF574151EB6F
369A684C-33EA-4FC1-9868-326274E31C49,English literature,الأدب الإنجليزي,English literature,"","",754,A49540BA-CF94-4C4F-ACBA-2CFF003B6DFA
B00B4FDA-C5DB-4E89-AFD9-EB4E5743457D,English literature written as a second language,الأدب الإنجليزي مكتوب كلغة ثانية,English literature written as a second language,"","",755,A49540BA-CF94-4C4F-ACBA-2CFF003B6DFA
852221BA-1738-412E-AC93-DC0325B76ADA,English studies,دراسات اللغة الإنجليزية,English studies,"","",756,A49540BA-CF94-4C4F-ACBA-2CFF003B6DFA
679742A6-285F-493C-993D-4B773F9ADF4F,Environmental biology,علم الأحياء البيئي,Environmental biology,"","",758,BAE3B5D3-F58F-4607-A5FB-49ABD245282E
21DD294D-98AA-45E7-A7BA-FA7452626825,Environmental biotechnology,التكنولوجيا الحيوية البيئية,Environmental biotechnology,"","",759,A307014E-4A8E-4468-9DFE-8A70904F8FC1
5B1B5BA0-41C7-4A6D-9F58-63ACB32A60A8,Environmental chemistry,الكيمياء البيئية,Environmental chemistry,"","",760,B1BDE659-5A76-41D5-A0C6-4A2FB34444A2
7C4A7899-C120-41C0-A4EE-EF141F450EFC,Environmental conservation,الحفاظ على البيئة,Environmental conservation,"","",761,9D89556F-9EE5-4D31-9883-6A16F8EF09DE
06873C3F-FE98-43FA-A654-5AD70EB75B99,Environmental Control Technician,فني الرقابة البيئية,Environmental Control Technician,"","",762,F0D691B4-D2C4-433E-A45D-BAF5B1D1A9AE
0724DE11-6CE4-4878-8310-1E6205755F51,Environmental Design and Architecture,التصميم البيئي والعمارة,Environmental Design and Architecture,"","",763,EF4B99A8-A131-49EB-A044-14B5F227BDC9
2731CD50-8333-45F4-93B4-F59408FCE3D9,Environmental engineering,الهندسة البيئية,Environmental engineering,"","",764,57DEE9CC-7922-460E-8A7C-BED321E792D7
4F26FE21-BAE7-4217-8EF7-C9B21198F829,Environmental geography,الجغرافيا البيئية,Environmental geography,"","",765,A565B2D4-44FD-42E8-B7AE-CA5E82A64AAB
353B85D8-5F8E-4952-9D3F-6B1FEE799659,Environmental health,صحة البيئة,Environmental health,"","",766,E35FB37B-2402-4603-9776-33D0D4848B9B
577F0FD9-5A1F-4E2A-9FDC-331E96066972,Environmental impact assessment,تقييم الأثر البيئي,Environmental impact assessment,"","",767,57DEE9CC-7922-460E-8A7C-BED321E792D7
C6280FCB-E09E-417D-A3D1-8F32803CA4C5,Environmental informatics,المعلوماتية البيئية,Environmental informatics,"","",768,F0D691B4-D2C4-433E-A45D-BAF5B1D1A9AE
01399671-65F3-472A-96A9-BF3203F9048C,"Environmental Monitoring, Research and Management ",المراقبة البيئية والبحث والإدارة,"Environmental Monitoring, Research and Management ","","",769,53068239-3437-9508-3860-820022132875
DD74F635-83B6-48FF-A304-B497D5C49670,Environmental physics,الفيزياء البيئية,Environmental physics,"","",770,79BED130-E352-4C2F-A2AB-DFC8239151C0
F0728C3E-BFEE-4D79-96A6-DD64D4CB72BF,Environmental physiology,فسيولوجيا البيئة,Environmental physiology,"","",771,F0D691B4-D2C4-433E-A45D-BAF5B1D1A9AE
B7F496FA-1DF2-47D9-9B97-3ADC6DAD1953,Environmental sciences,علوم البيئة,Environmental sciences,"","",772,F0D691B4-D2C4-433E-A45D-BAF5B1D1A9AE
59131FC0-A65A-4D78-A951-CBCDF5891D97,Environmentalism,حماية البيئة,Environmentalism,"","",773,C3022B9C-4CFB-4E3E-AFE6-897C73A1036E
E30423FA-1C80-4A3A-9F4D-841B1C90E1AD,Epidemiology,علم الأوبئة,Epidemiology,"","",774,E18A0B1B-F30C-4440-98F8-038A56BDF360
C7DB942A-2342-4C18-B66F-781719C27A37,Epistemology,نظرية المعرفة,Epistemology,"","",775,AF7BBC76-E253-457C-931F-1E6AD491DE55
88536093-2ED4-4DAA-8343-2D8FA786D065,Equine studies,دراسات الخيول,Equine studies,"","",776,9D89556F-9EE5-4D31-9883-6A16F8EF09DE
046FC7F7-27A0-4D0A-A0BE-2E24060B97D2,Ergonomics,بيئة العمل,Ergonomics,"","",777,1445B371-EACD-45A1-8ACA-2318DF9F9893
8044D4F3-D863-42B6-BAC0-D2F42FB65142,Ethnic studies,الدراسات العرقية,Ethnic studies,"","",778,97EA1354-7504-4C00-B170-E993193B678E
015AA0E0-FC40-4842-8D05-256206C29BBA,European and International GoverNULLce ,الحوكمة الأوروبية والدولية,European and International GoverNULLce ,"","",779,4F74D66E-F94C-4215-8EE6-20D8B2A0D2DE
D68D50E6-9EB5-4705-8711-BDD4527C1E3C,European business studies,دراسات الأعمال الأوروبية,European business studies,"","",780,17384735-4CF2-48DA-ACA9-18F37FF9CCBC
0112F54C-56AE-4E66-9E30-A4170623ED8B,European Studies,الدراسات الأوروبية,European Studies,"","",781,97EA1354-7504-4C00-B170-E993193B678E
B5667A71-62D5-4E2A-8F9E-27063E431C8F,European Union law,قانون الاتحاد الأوروبي,European Union law,"","",782,57E7370E-497B-4BD3-9E14-CF574151EB6F
DA1A44F1-765C-4FBA-BBFB-B2F9B8036A97,European Union politics,سياسة الاتحاد الأوروبي,European Union politics,"","",783,C3022B9C-4CFB-4E3E-AFE6-897C73A1036E
4D2D8845-9FE6-4643-BAF8-88976C89EECE,European/world theatre arts,فنون المسرح الأوروبية والعالمية,European/world theatre arts,"","",784,27F76109-CE90-4F0B-A56C-AE5943612575
7E2806F4-570A-485B-8549-DA7161484FB0,Event management,إدارة الأحداث,Event management,"","",785,96D55527-8E7C-4FB8-8487-F27A5DAC0FAD
0BEC1464-18EE-49C6-9AA5-9C90007317AD,"Event, Venue and Experience Management",إدارة الفعاليات والمكان والتجربة,"Event, Venue and Experience Management","","",786,56463547-1778-6080-6803-396575136009
081AFD63-569C-4A50-BF1E-19D005B8CCCB,Events and Sports Management,إدارة الفعاليات والأحداث الرياضية ,Events and Sports Management,"","",787,96D55527-8E7C-4FB8-8487-F27A5DAC0FAD
71985791-6162-4131-8E41-66820088B546,Evolution,تطور,Evolution,"","",788,BAE3B5D3-F58F-4607-A5FB-49ABD245282E
081131E5-6DF9-4AEF-A095-CAA7007CA875,Evolutionary Biology,علم الأحياء التطوري,Evolutionary Biology,"","",789,BAE3B5D3-F58F-4607-A5FB-49ABD245282E
C1A5A16C-62C0-4C2D-8616-EB00E3A1D808,Evolutionary psychology,علم النفس التطوري,Evolutionary psychology,"","",790,0BA9E910-CF12-4040-B5FC-6D18F9A6D765
0EE4F5E4-F3BF-4330-801B-E9430BCBED03,Executive Business Administration,إدارة الأعمال التنفيذية,Executive Business Administration,"","",791,6075F702-3633-401F-9F28-5B4C802FA648
087CC602-B4B5-4483-9832-D5840D0742CB,Executive Leadership,القيادة التنفيذية,Executive Leadership,"","",792,6075F702-3633-401F-9F28-5B4C802FA648
00ABAC34-4B4F-47C6-BC05-67B30A83E326,Executive Public Administration,الإدارة العامة التنفيذية,Executive Public Administration,"","",793,6075F702-3633-401F-9F28-5B4C802FA648
0C414B77-D086-4BEF-9F25-712C08822557,Exhibitions and Conferences Management,إدارة المعارض والمؤتمرات,Exhibitions and Conferences Management,"","",794,96D55527-8E7C-4FB8-8487-F27A5DAC0FAD
1331C9DE-7F60-473B-9D9A-8A81FB5B9A00,Exotic livestock,الماشية الغريبة,Exotic livestock,"","",795,9D89556F-9EE5-4D31-9883-6A16F8EF09DE
75E9BA2C-D517-4854-A6E6-56F8A252C3C7,Exotic plants & crops,النباتات والمحاصيل الغريبة,Exotic plants & crops,"","",796,9D89556F-9EE5-4D31-9883-6A16F8EF09DE
09146BF2-0EEA-47ED-9F0E-0C830761AF07,Experimental Pathology,علم الأمراض التجريبي,Experimental Pathology,"","",797,A038E0EA-4410-40C2-9FAB-039786715382
365D1DAE-D7CB-4173-9FB3-E359244E7FC1,Experimental psychology,علم النفس التجريبي,Experimental psychology,"","",798,0BA9E910-CF12-4040-B5FC-6D18F9A6D765
DB1798DB-E88A-4DD0-8FD1-B03488BAB22D,Exploration geology,جيولوجيا الاستكشاف,Exploration geology,"","",799,3A626880-24E5-4381-96E7-BFC68C0637E9
E489F097-8564-4CF3-BABD-6E39B7CC41E5,Exploration geophysics,الجيوفيزياء الاستكشافية,Exploration geophysics,"","",800,3A626880-24E5-4381-96E7-BFC68C0637E9
DD5F2089-09FF-4B1F-B6DF-8C5492875403,Fabric & leather crafts,مصنوعات النسيج والجلود,Fabric & leather crafts,"","",801,7695196F-70D0-4244-9B41-DD496FF40793
4FAB45F7-3637-4F10-85B4-8A42C8C78E02,Factual reporting,تقارير واقعية,Factual reporting,"","",802,6F41B482-BD0C-4DFA-8415-DB92CB159B30
098DE5FF-D681-4F8A-8568-D06B02E7F22E,Family and Consumer Economics and Related Studies,اقتصاديات الأسرة والمستهلك والدراسات ذات الصلة,Family and Consumer Economics and Related Studies,"","",803,1C167EB2-E4A2-45A5-B2BF-085DB83518DA
04F7FF1F-04FB-47FE-8E2D-6F2E015D4633,Family Medicine,طب الأسرة,Family Medicine,"","",804,A038E0EA-4410-40C2-9FAB-039786715382
07EF538B-B2E0-4A00-B162-BCDD0A466904,Family psychology,علم النفس الأسري,Family psychology,"","",805,0BA9E910-CF12-4040-B5FC-6D18F9A6D765
090ADE78-8B77-4535-A68F-06FB044BC23B,Family Systems,أنظمة الأسرة,Family Systems,"","",806,4F74D66E-F94C-4215-8EE6-20D8B2A0D2DE
A54344D7-C693-4BFD-988D-824730D5269A,Farm management,إدارة المزرعة,Farm management,"","",807,9D89556F-9EE5-4D31-9883-6A16F8EF09DE
BC9439BC-E0F9-4200-A48A-B58E22A16992,Fascism,الفاشية,Fascism,"","",808,C3022B9C-4CFB-4E3E-AFE6-897C73A1036E
0D0B52D8-58B3-4AC9-877E-02DE0E86D82A,Fashion and Fabric Consultancy,استشارة الأزياء والأقمشة,Fashion and Fabric Consultancy,"","",809,56463547-1778-6080-6803-396575136009
05A2509D-CA18-4070-8E3F-3340047C2B7A,Fashion Merchandising,تجارة الأزياء,Fashion Merchandising,"","",810,56463547-1778-6080-6803-396575136009
0B49F29D-8030-4E19-9865-51CE0A34E12E,Fashion Modeling,عرض الأزياء,Fashion Modeling,"","",811,56463547-1778-6080-6803-396575136009
31412083-2A4B-4B0B-90D5-5564D802E44D,Feminism,النسوية,Feminism,"","",812,C3022B9C-4CFB-4E3E-AFE6-897C73A1036E
01CBD06B-0145-4AE1-9BAE-A9C706AFD76B,Filipino/Tagalog Language,اللغة الفلبينية / التاغالوغية,Filipino/Tagalog Language,"","",813,A49540BA-CF94-4C4F-ACBA-2CFF003B6DFA
8CF6EC34-FDD5-4716-A066-596ECCBAA698,Film & sound recording,تسجيل الأفلام والصوت,Film & sound recording,"","",814,6569B223-81EB-4A45-B60D-7875E6019300
09425A0A-E497-4734-B1BA-1791066F1667,Film Criticism,النقد السينمائي,Film Criticism,"","",815,56463547-1778-6080-6803-396575136009
643E361A-ED47-497B-B2FF-C4D4C56E9340,Film production,إنتاج الفيلم,Film production,"","",816,56ABF249-06C6-4AC0-91F3-E2586E3E3C0E
41EB6716-A75B-428E-8114-FFB7F832C3C5,Film studies,دراسات السينما,Film studies,"","",817,56ABF249-06C6-4AC0-91F3-E2586E3E3C0E
0DFE1DAC-F7F8-4DE8-9AEA-237306633AC6,Films and Television,أفلام وتلفزيون,Films and Television,"","",818,56ABF249-06C6-4AC0-91F3-E2586E3E3C0E
9589CFD6-4CBF-4FA8-B1EC-ABC0BF11F7EC,Finance,تمويل,Finance,"","",819,
741C980B-3027-43A9-85F3-901BA5256B0C,Finance,تمويل,Finance,"","",820,9589CFD6-4CBF-4FA8-B1EC-ABC0BF11F7EC
D15FE4AE-91A4-455A-8309-2485D0F4E85E,Financial economics,الاقتصاد المالي,Financial economics,"","",822,1C167EB2-E4A2-45A5-B2BF-085DB83518DA
2F111397-44EC-4794-8C47-5C466D83CDF2,Financial management,الإدارة المالية,Financial management,"","",823,9589CFD6-4CBF-4FA8-B1EC-ABC0BF11F7EC
8711FEF3-1D7E-4B82-ADCB-52A5497C1A08,Financial reporting,التقارير المالية,Financial reporting,"","",824,FE8830F7-D320-422C-90BE-2593BB1B9B89
03D96EAB-6787-462D-A26A-F59FBF210CCA,Financial risk,المخاطر المالية,Financial risk,"","",825,9589CFD6-4CBF-4FA8-B1EC-ABC0BF11F7EC
06363D6E-3CAF-42B5-8760-2FF201EA80D4,Financial Technology,التكنولوجيا المالية,Financial Technology,"","",827,1445B371-EACD-45A1-8ACA-2318DF9F9893
240BBF9D-E8ED-4701-979F-52CAAA853241,Fine art,الفنون الجميلة,Fine art,"","",828,8947863D-C8BC-4697-A114-8918F4241B58
8947863D-C8BC-4697-A114-8918F4241B58,Fine art,الفنون الجميلة,Fine art,"","",829,
FBE68851-3C6A-41E1-A810-8C6413C3FD2E,Fine art conservation,الحفاظ على الفنون الجميلة,Fine art conservation,"","",830,8947863D-C8BC-4697-A114-8918F4241B58
05D92521-779D-43EB-BCF9-B2D70C2367B4,Finnish and Related Languages,اللغة الفنلندية,Finnish and Related Languages,"","",833,A49540BA-CF94-4C4F-ACBA-2CFF003B6DFA
014C4DA1-10AD-4F86-B451-92E60F8BF2DA,FiNULLce and Investment Banking,الخدمات المصرفية المالية والاستثمارية,FiNULLce and Investment Banking,"","",834,53068239-3437-9508-3860-820022132875
065F8081-24D5-488D-9093-D94B0792ECE2,FiNULLce and investment management ,إدارة التمويل والاستثمار,FiNULLce and investment management ,"","",835,53068239-3437-9508-3860-820022132875
0D77F6AF-21B9-4375-8E03-4DCB0490E6A5,FiNULLce and Technology,التمويل والتكنولوجيا,FiNULLce and Technology,"","",836,53068239-3437-9508-3860-820022132875
01F5BEB2-2FC6-4006-A02B-D97A04102309,FiNULLcial Islamic Law,القانون الإسلامي المالي,FiNULLcial Islamic Law,"","",837,4F74D66E-F94C-4215-8EE6-20D8B2A0D2DE
DDE00A40-150D-4E96-9749-B179B020F6FC,Fiqh and Usul Al-Fiqh,الفقه و أصول الفقه,Fiqh and Usul Al-Fiqh,"","",839,7E272DDE-3A15-43D0-AD21-1800E8A9A48B
0C528E90-E976-42EE-B759-3882B0127B66,Fire safety engineering,هندسة السلامة من الحرائق,Fire safety engineering,"","",840,A4E63C31-2522-498F-A2D1-160A4DE0C61F
07DB32AC-A7DB-49D6-BFE2-D3D50F2AB5DA,Fire Services Administration,إدارة خدمات الإطفاء,Fire Services Administration,"","",841,14702637-5298-9375-6717-257512837849
0C064361-663B-4EC9-941F-57670267A359,Firefighting and Fire Safety,الإطفاء والسلامة من الحريق,Firefighting and Fire Safety,"","",842,A4E63C31-2522-498F-A2D1-160A4DE0C61F
667CE33C-244F-4154-83C0-99CCE516012A,Fish farming,تربية الأسماك,Fish farming,"","",843,9D89556F-9EE5-4D31-9883-6A16F8EF09DE
DFC034BA-5A37-4FA4-BE55-4FEF4021E12F,Flight mechanics,ميكانيكا الطيران,Flight mechanics,"","",844,413C8F0F-01A1-4339-B3A5-A42C2989B803
21AD1073-F424-4553-BC53-48A6E7A9B67E,Fluid mechanics,ميكانيكا الموائع,Fluid mechanics,"","",845,A4E63C31-2522-498F-A2D1-160A4DE0C61F
6C788923-4804-4CA6-9AFE-1B062185E8F4,Folk music,الموسيقى الشعبية,Folk music,"","",846,EABC0146-B80D-473D-AB47-623C38EC444B
AB23F59B-1978-41FD-8507-DF8BFF93BCD5,Food & beverage delivery,توصيل المأكولات والمشروبات,Food & beverage delivery,"","",847,D87DD58D-7913-468E-84D3-BA1DC077D6AA
F781DB39-F903-4470-AF45-D1A5ECC820B4,Food & beverage manufacture,صناعة الأغذية والمشروبات,Food & beverage manufacture,"","",848,D87DD58D-7913-468E-84D3-BA1DC077D6AA
CB37FFEE-FA81-4586-8853-02B7D75EAEB3,Food & beverage packaging,تغليف المواد الغذائية والمشروبات,Food & beverage packaging,"","",849,D87DD58D-7913-468E-84D3-BA1DC077D6AA
9778DBE8-7908-4FCF-9294-564E5E9C5A53,Food & beverage processing,تجهيز الأغذية والمشروبات,Food & beverage processing,"","",850,D87DD58D-7913-468E-84D3-BA1DC077D6AA
1545C368-ACDC-4E1D-A964-18B7E1AAB660,Food & beverage production,إنتاج الأغذية والمشروبات,Food & beverage production,"","",851,D87DD58D-7913-468E-84D3-BA1DC077D6AA
2A11066C-5BC7-4E7A-B484-87182FB3A6A8,Food & beverage studies,دراسات الأغذية والمشروبات,Food & beverage studies,"","",852,D87DD58D-7913-468E-84D3-BA1DC077D6AA
D87DD58D-7913-468E-84D3-BA1DC077D6AA,Food & beverage studies,دراسات الأغذية والمشروبات,Food & beverage studies,"","",853,
081566EE-A271-4987-8D8B-F77EFB45DA82,Food & beverage technology,تكنولوجيا الأغذية والمشروبات,Food & beverage technology,"","",854,D87DD58D-7913-468E-84D3-BA1DC077D6AA
075B01B6-EB7F-4DC3-BD90-842A36D63404,Food & beverages for the consumer,المواد الغذائية والمشروبات للمستهلك,Food & beverages for the consumer,"","",855,D87DD58D-7913-468E-84D3-BA1DC077D6AA
E0C673C1-5694-4945-89D8-B4342BF17F06,Food hygiene,نظافة الغذاء,Food hygiene,"","",856,D87DD58D-7913-468E-84D3-BA1DC077D6AA
6EB6F5BD-DFAC-46AD-8745-222C8A42B952,Food science,علم الغذاء,Food science,"","",857,D87DD58D-7913-468E-84D3-BA1DC077D6AA
0955EACE-585F-4B68-B166-4F690A4238D0,Foodservice Systems Administration, إدارة أنظمة الخدمات الغذائية,Foodservice Systems Administration,"","",858,14702637-5298-9375-6717-257512837849
69F6CACA-7559-4DBF-B045-2DE1EE5F4ADA,Footwear production,إنتاج الأحذية,Footwear production,"","",859,DA4B5B54-4E28-4E3C-94BF-4971F5FC955F
BB786BD4-1850-4D05-A4CD-5304A2A32D0D,Forensic & archaeological sciences,العلوم الشرعية والآثارية,Forensic & archaeological sciences,"","",860,2E16E0DA-608E-4B96-B9D7-B000923DF19C
2E16E0DA-608E-4B96-B9D7-B000923DF19C,Forensic & archaeological sciences,العلوم الشرعية والآثارية,Forensic & archaeological sciences,"","",861,
0A9394C1-01D8-4FCF-9D59-687A0DDE5DDD,Forensic Pathology,علم الأمراض الشرعي,Forensic Pathology,"","",863,A038E0EA-4410-40C2-9FAB-039786715382
E4686937-AEF9-4B6F-88C2-0421B1A6C564,Forensic psychology,علم النفس الشرعي,Forensic psychology,"","",864,0BA9E910-CF12-4040-B5FC-6D18F9A6D765
C211A30A-0699-45A4-81FB-95A3DCC8A147,Forensic science,علم الطب الشرعي,Forensic science,"","",865,2E16E0DA-608E-4B96-B9D7-B000923DF19C
0A9C9F55-2322-4E4D-8A33-EB6D03674449,Forest Engineering,هندسة الغابات,Forest Engineering,"","",866,EF4B99A8-A131-49EB-A044-14B5F227BDC9
0946BB8A-DF14-4760-BA28-CE64098B376D,Forest Resources Production and Management,إنتاج وإدارة الموارد الحرجية,Forest Resources Production and Management,"","",867,EF4B99A8-A131-49EB-A044-14B5F227BDC9
F8C046F3-46B5-4895-BDBF-EECD135D3A07,Forestry & arboriculture,الغابات والتشجير,Forestry & arboriculture,"","",868,820CF2C6-3F0D-48EE-B176-4F5B6267053B
820CF2C6-3F0D-48EE-B176-4F5B6267053B,Forestry & arboriculture,الغابات والتشجير,Forestry & arboriculture,"","",869,
83D2557F-34A9-44DB-8354-DD2775177869,Forestry irrigation & drainage,ري الغابات والصرف,Forestry irrigation & drainage,"","",870,820CF2C6-3F0D-48EE-B176-4F5B6267053B
BC96B181-7E2E-497D-9DC9-E8447F345EC8,Forestry pests & diseases,آفات وأمراض الغابات,Forestry pests & diseases,"","",871,820CF2C6-3F0D-48EE-B176-4F5B6267053B
3EF38832-F264-4790-A5D2-DCDF70741C6F,Forestry technology,تكنولوجيا الغابات,Forestry technology,"","",872,820CF2C6-3F0D-48EE-B176-4F5B6267053B
0766DEE9-675B-4107-A1FE-D07604D99FCB,Franchising and Franchise Operations,عمليات الامتياز والامتياز,Franchising and Franchise Operations,"","",873,17384735-4CF2-48DA-ACA9-18F37FF9CCBC
03DA9583-3349-47C2-A193-322B04A59F2F,French Language,اللغة الفرنسية,French Language,"","",874,A49540BA-CF94-4C4F-ACBA-2CFF003B6DFA
02AF8CA7-C3CF-4BB7-B0D8-E0FE062BF5E3,French Law,القانون الفرنسي,French Law,"","",875,57E7370E-497B-4BD3-9E14-CF574151EB6F
851FC864-0AB1-4BD9-971D-87EC752919EF,Freshwater biology,بيولوجيا المياه العذبة,Freshwater biology,"","",876,BAE3B5D3-F58F-4607-A5FB-49ABD245282E
51EFC5C4-C81D-499C-8721-5B311DD147C3,Freshwater fish,أسماك المياه العذبة,Freshwater fish,"","",877,9D89556F-9EE5-4D31-9883-6A16F8EF09DE
29D6B3CF-8247-4B4F-9576-E0AA7E1F8635,Fruit science,علم الفاكهة,Fruit science,"","",878,D87DD58D-7913-468E-84D3-BA1DC077D6AA
E5834C92-1574-465E-A758-29B5DD063157,Functional genomics,الجينوم الوظيفي,Functional genomics,"","",879,52BC99F6-76CC-4C90-9A98-4603E9DF2FF1
8AAA0ADC-E011-4E68-B7F7-F041E8BC7531,Furniture design,تصميم الأثاث,Furniture design,"","",880,98726A46-0BA8-437A-AA93-EEA10F29C04F
E9FA2204-6884-4089-828C-160277B2A638,Furniture technology,تكنولوجيا الأثاث,Furniture technology,"","",881,DB3CECA1-2BA6-41B7-9A3E-D89D368AE44F
D56CC1FE-3B75-4BC5-8970-3021D2B8917F,Game keeping management,إدارة حفظ اللعبة,Game keeping management,"","",882,9D89556F-9EE5-4D31-9883-6A16F8EF09DE
1313953C-F264-4E4E-ABA8-F69164C6125E,Games,ألعاب,Games,"","",883,7AE3CD27-7536-4DC4-A8CF-0F85D2ED3C98
8659E2DC-79E3-4DA3-A90D-DDD4A3B28642,Garden design,تصميم الحديقة,Garden design,"","",884,EFE759D4-60B8-4FC8-AEC6-F25147373EC1
C652CCFA-7B35-4042-A55E-29460D1B658E,Garden horticulture,البستنة الحديقة,Garden horticulture,"","",885,EFE759D4-60B8-4FC8-AEC6-F25147373EC1
E1B0D27C-78E9-4508-9CF7-FF47744F23E1,Gas engineering,هندسة الغاز,Gas engineering,"","",886,26647CD5-C4EA-4A04-AB6B-CA0CD29794E8
323F385F-4EC4-491B-81A2-B6B6E692B3A0,Gemmology,علم الحجارة الكريمة,Gemmology,"","",887,DB3CECA1-2BA6-41B7-9A3E-D89D368AE44F
0C532D47-D848-4AA8-82E5-DED1B9BBC8B7,Gender studies,دراسات النوع الاجتماعي,Gender studies,"","",888,97EA1354-7504-4C00-B170-E993193B678E
0C54A671-AC40-45EF-82CF-EAB008A6369C,General Education,تربية (عام),General Education,"","",889,6CB67E60-E96A-4EF1-85E6-FBFDCA9460E9
0EDE5489-BDF4-4838-9C6C-4E39B0B00E06,General Education Programs,برامج التعليم العام,General Education Programs,"","",890,
84D5F463-DC2A-4409-BAB7-B398395E5654,General Education Programs nec,برامج التعليم العام غير المصنّفة في موضع آخر,General Education Programs nec,"","",891,0EDE5489-BDF4-4838-9C6C-4E39B0B00E06
E7238593-F644-47F7-ABFC-D8CF23AB3733,General engineering,الهندسة العامة,General engineering,"","",892,A4E63C31-2522-498F-A2D1-160A4DE0C61F
A4E63C31-2522-498F-A2D1-160A4DE0C61F,General engineering,الهندسة العامة,General engineering,"","",894,
D62B895D-A898-483B-BB6C-5B07C5632DBE,General Foundation Programs,البرامج التأسيسية العامة,General Foundation Programs,"","",895,0EDE5489-BDF4-4838-9C6C-4E39B0B00E06
07E44E5C-60DF-420E-878A-D5440BCA7C99,General literary studies,دراسات أدبية عامة,General literary studies,"","",896,1B51EA47-B126-41D6-98EC-8DFDD5B54492
D8065533-9FE0-4C18-AEED-293FA83F93E1,General Medicine,الطب العام,General Medicine,"","",897,8E3B4DAF-9BCE-452A-A000-81355FF7FCE3
B4372D29-D874-480B-8876-2DCDDADC14DC,General Practice,الممارسة العامة,General Practice,"","",898,8E3B4DAF-9BCE-452A-A000-81355FF7FCE3
64E14F5F-CF7D-416C-AEB9-FB1C4342B89D,General practice surveying,المسح العملي العام,General practice surveying,"","",899,57DEE9CC-7922-460E-8A7C-BED321E792D7
0AC47065-65A3-482C-B9ED-67E808BA6E26,General Science,علوم عامة,General Science,"","",900,FA47FBE8-D331-427A-97DB-DC122FCD9BDA
01B18B97-25D0-408A-AA6F-5BD40BB642BE,Genetic Counseling,الاستشارة الوراثية,Genetic Counseling,"","",901,52BC99F6-76CC-4C90-9A98-4603E9DF2FF1
AEC0B6C0-F2D5-47C2-8E37-7A3D68D417C9,Genetic engineering,الهندسة الوراثية,Genetic engineering,"","",902,52BC99F6-76CC-4C90-9A98-4603E9DF2FF1
0E5DA23A-8ABC-4CAB-BDC4-6BF209603EBF,Genetic Therapy,العلاج الجيني,Genetic Therapy,"","",903,52BC99F6-76CC-4C90-9A98-4603E9DF2FF1
52BC99F6-76CC-4C90-9A98-4603E9DF2FF1,Genetics,علم الوراثة,Genetics,"","",904,
8231FDA1-63E0-468F-8B92-0F8E29936ABB,Genetics,علم الوراثة,Genetics,"","",905,52BC99F6-76CC-4C90-9A98-4603E9DF2FF1
0A5A6C98-4EC8-4E0F-90E1-BE868B7FBEFF,Genome organisation,منظمة الجينوم,Genome organisation,"","",906,52BC99F6-76CC-4C90-9A98-4603E9DF2FF1
27ACC9E9-A014-4728-9506-1AE535883167,Genomics,علم الجينوم,Genomics,"","",907,52BC99F6-76CC-4C90-9A98-4603E9DF2FF1
0B1ED347-B0B1-4B38-8D08-EF9E035EE784,Genomics and molecular genetics,علم الجينوم وعلم الوراثة الجزيئي,Genomics and molecular genetics,"","",908,EF4B99A8-A131-49EB-A044-14B5F227BDC9
0404CCE3-A262-43A1-A868-165E0E55A9F0,Genomics and Precision Medicine.,العلوم في علم الجينوم والطب الدقيق,Genomics and Precision Medicine.,"","",909,EF4B99A8-A131-49EB-A044-14B5F227BDC9
18674D29-6A77-4DFB-AC9B-07B9691A0DA8,Geochemistry,الجيوكيمياء,Geochemistry,"","",910,3A626880-24E5-4381-96E7-BFC68C0637E9
5CB3AF1E-46C3-4A7F-8372-42ECABDBFD75,Geographical information systems,نظم المعلومات الجغرافية,Geographical information systems,"","",912,A565B2D4-44FD-42E8-B7AE-CA5E82A64AAB
0E44C8C3-F6F2-47C8-AB98-C16C0065D3E4,Geography,جغرافيا,Geography,"","",913,A565B2D4-44FD-42E8-B7AE-CA5E82A64AAB
0AA30D43-840E-4D51-BB64-059D0ADA8450,Geography and Cartography,الجغرافيا ورسم الخرائط,Geography and Cartography,"","",914,53068239-3437-9508-3860-820022132875
013B54B3-3845-4ED4-AECF-625D09811931,Geography and Environmental Sciences,الجغرافيا والعلوم البيئية,Geography and Environmental Sciences,"","",915,EF4B99A8-A131-49EB-A044-14B5F227BDC9
CC426928-545E-4082-9936-7BACD1D5B22F,Geohazards,المخاطر الجيولوجية,Geohazards,"","",916,3A626880-24E5-4381-96E7-BFC68C0637E9
02CB45DA-630A-4B7F-B2D6-4BD30ADEA2A5,Geological and Geophysical Engineering,الهندسة الجيولوجية والجيوفيزيائية,Geological and Geophysical Engineering,"","",917,EF4B99A8-A131-49EB-A044-14B5F227BDC9
0464D085-8AF0-4C08-9B16-BB970107AFE1,Geological and Geosciences,علوم الجيولوجيا وعلوم الأرض,Geological and Geosciences,"","",918,EF4B99A8-A131-49EB-A044-14B5F227BDC9
DFF38D3A-6C38-40BB-A73D-849FF38CDB70,Geological oceanography,علم المحيطات الجيولوجي,Geological oceanography,"","",919,3A626880-24E5-4381-96E7-BFC68C0637E9
3A626880-24E5-4381-96E7-BFC68C0637E9,Geology,الجيولوجيا,Geology,"","",922,
83197207-EFC3-4458-B4A3-E87333FE1286,Geology,الجيولوجيا,Geology,"","",923,3A626880-24E5-4381-96E7-BFC68C0637E9
01248A54-B8E9-4963-BFDE-2A9E039A2730,Geometry and Geometric Analysis.,التحليل الهندسي,Geometry and Geometric Analysis.,"","",924,FDD8F156-4D12-4C75-8683-57C918C454F1
E4C4D9C6-409E-4E19-910E-3435A02EAC32,Geomorphology,الجيومورفولوجيا,Geomorphology,"","",925,A565B2D4-44FD-42E8-B7AE-CA5E82A64AAB
ABFCF8CE-D603-4D81-A44B-71C86F504CE4,Geophysics,الجيوفيزياء,Geophysics,"","",926,3A626880-24E5-4381-96E7-BFC68C0637E9
0E1CADF6-FA87-4317-A94B-10A405135C59,Geophysics and Seismology,الجيوفيزياء وعلم الزلازل,Geophysics and Seismology,"","",927,EF4B99A8-A131-49EB-A044-14B5F227BDC9
76D69A23-F329-4C68-B6FD-568BA38CB78E,Geoscience and Earth science,علوم الأرض,Geoscience and Earth science,"","",928,3A626880-24E5-4381-96E7-BFC68C0637E9
639E308C-6C16-4D64-A750-5C31F1D45F03,Geotechnical engineering,الهندسة الجيوتقنية,Geotechnical engineering,"","",929,57DEE9CC-7922-460E-8A7C-BED321E792D7
FE909586-7A7E-441F-9467-56242CB52BE5,Geotechnology,التكنولوجيا الجيولوجية,Geotechnology,"","",930,3A626880-24E5-4381-96E7-BFC68C0637E9
0B448B2E-7715-4466-A4D8-80E306A78DB7,German Language,اللغة الألمانية,German Language,"","",931,A49540BA-CF94-4C4F-ACBA-2CFF003B6DFA
09DF12CF-B6CC-4CD1-9747-5A00070DAA94,German Law,القانون الألماني,German Law,"","",932,57E7370E-497B-4BD3-9E14-CF574151EB6F
0E0843F1-E175-440E-98D6-09720F1DD686,Gerontology,علم الشيخوخة,Gerontology,"","",933,14702637-5298-9375-6717-257512837849
5289924B-BE64-4DED-AFE8-3765CAA9C8D0,Glaciology & cryospheric systems,علم الجليد وأنظمة الغلاف الجليدي,Glaciology & cryospheric systems,"","",934,F0D691B4-D2C4-433E-A45D-BAF5B1D1A9AE
8B6EA481-4DE4-4CF0-BBB3-6F1F88CDEF85,Glass crafts,الحرف الزجاجية,Glass crafts,"","",935,7695196F-70D0-4244-9B41-DD496FF40793
01130521-C858-4066-B066-F2C0B299B8F3,Glass technology,تكنولوجيا الزجاج,Glass technology,"","",936,6ED7525B-01B7-4537-A9E4-A05A5E4AF2A3
5237774D-CE39-4B08-9448-B288CB614342,Glassblowing,نفخ الزجاج,Glassblowing,"","",937,7695196F-70D0-4244-9B41-DD496FF40793
4656553C-D8C7-418C-A75F-3F69047E9EBD,Glasshouse culture,ثقافة البيت الزجاجي,Glasshouse culture,"","",938,9D89556F-9EE5-4D31-9883-6A16F8EF09DE
0CBF5659-0F90-4556-A21E-F1360954D986,Global Development,التنمية العالمية,Global Development,"","",939,1A8C8C00-EB48-495B-A42F-24AC73E2C37B
06F04746-0EA4-482D-92F2-AF5B0908FDFD,Global FiNULLce & Banking  ,التمويل والمصرفية العالمية,Global FiNULLce & Banking  ,"","",940,53068239-3437-9508-3860-820022132875
0E0058E8-D788-47FB-859B-98F6052C925B,Global Health,الصحة العالمية,Global Health,"","",941,E18A0B1B-F30C-4440-98F8-038A56BDF360
014410C8-15F8-4A26-8B04-7FC2079DF616,Global Health and Social Science ,الصحة العالمية والعلوم الاجتماعية,Global Health and Social Science ,"","",942,53068239-3437-9508-3860-820022132875
0AE39E10-78EF-4ECF-86B1-62C8096D402B,Global Management: Global health care delivery,الإدارة العالمية: تقديم الرعاية الصحية العالمية,Global Management: Global health care delivery,"","",943,14702637-5298-9375-6717-257512837849
00B22B3F-26A4-447B-9337-06C90EFE6045,Global Policy ,السياسة العالمية,Global Policy ,"","",944,64D65E23-2E73-493D-9B47-7A355D6FE5FD
06B3D47F-0B91-48BA-A0FA-8A370D0900DC,Government and International Politics ,الحكومة والسياسة الدولية,Government and International Politics ,"","",945,53068239-3437-9508-3860-820022132875
0A7419AD-2C82-4D6D-AC0A-4577071B0ED9,Graphic Communications,الاتصالات الرسومية,Graphic Communications,"","",946,56463547-1778-6080-6803-396575136009
BF9A36C0-7939-4B5F-A575-61B1D3E04F0D,Graphic design,التصميم الجرافيكي,Graphic design,"","",947,98726A46-0BA8-437A-AA93-EEA10F29C04F
036031B6-D971-483A-809D-6F8B025DF88E,Greek Language,اللغة اليونانية,Greek Language,"","",948,A49540BA-CF94-4C4F-ACBA-2CFF003B6DFA
04087EE7-E4AC-4D73-A678-03B505F3E4AC,Greenhouse Operations and Management,عمليات وإدارة الدفيئة,Greenhouse Operations and Management,"","",949,53068239-3437-9508-3860-820022132875
FCEF7D93-8240-44ED-87A2-E9514D5EE62D,Gulf studies,الدراسات الخليجية,Gulf studies,"","",950,42572058-C798-4E0F-A9D2-58E3B2926C85
0EDBB952-FF77-4522-87C3-BFB00B3AFD81,Gunsmithing,صناعة الأسلحة,Gunsmithing,"","",951,7695196F-70D0-4244-9B41-DD496FF40793
3157D081-50A7-4ED6-8A1F-157AEEC52E40,Hair & beauty science,علم الشعر والجمال,Hair & beauty science,"","",952,B2B987EF-278C-4E27-AC79-6AAD152BF4DF
05FD4F2D-7E97-4A41-ABA0-00F09E1F6D24,Hair services,خدمات الشعر,Hair services,"","",953,B2B987EF-278C-4E27-AC79-6AAD152BF4DF
0E500FDC-8D35-4112-A2BC-E4250334A064,Hand Surgery,جراحة اليد,Hand Surgery,"","",954,8E3B4DAF-9BCE-452A-A000-81355FF7FCE3
799E16CB-F157-4055-959A-9B72B420D312,Health & safety issues,قضايا الصحة والسلامة,Health & safety issues,"","",955,F7F7A906-A232-4DD6-81DB-1477A28264BD
555FF7BA-C86C-49DF-936C-426665658D87,Health & welfare,الصحة والرفاهية,Health & welfare,"","",956,C73D8BF3-FB18-4B10-931F-26B0B3A7CE2A
070DFA81-91F9-421C-8D52-E2620BC9BF88,Health Aide,مساعد صحي,Health Aide,"","",957,E35FB37B-2402-4603-9776-33D0D4848B9B
03788910-ACD3-40D3-938C-0B7B03A7416A,Health Communication ,الاتصالات الصحية,Health Communication ,"","",958,E18A0B1B-F30C-4440-98F8-038A56BDF360
06936E36-50DF-4811-A58C-48BF0D8BDA58,Health Education for Diabetes,التثقيف الصحي لمرض السكري,Health Education for Diabetes,"","",959,E18A0B1B-F30C-4440-98F8-038A56BDF360
F2D7A802-B489-49EE-8149-CF24A2D6A55E,Health informatics,المعلوماتية الصحية,Health informatics,"","",961,7AE3CD27-7536-4DC4-A8CF-0F85D2ED3C98
7AE3CD27-7536-4DC4-A8CF-0F85D2ED3C98,Health informatics,المعلوماتية الصحية,Health informatics,"","",962,
060E1EDB-673E-4137-9612-E34D055195C2,Health Information and Medical Records Administration,إدارة السجلات الطبية والمعلومات الصحية,Health Information and Medical Records Administration,"","",963,14702637-5298-9375-6717-257512837849
0AFC38B2-79B4-4F5E-A91C-D3A0025C29C0,Health Inspection technician,فني تفتيش صحي,Health Inspection technician,"","",964,E35FB37B-2402-4603-9776-33D0D4848B9B
03483211-1420-41EF-B3FE-4CF80F0F00FE,Health Law,قانون الصحة,Health Law,"","",965,57E7370E-497B-4BD3-9E14-CF574151EB6F
6C91A651-C062-4248-AC21-03B557BDF00A,Health policy,السياسة الصحية,Health policy,"","",966,64D65E23-2E73-493D-9B47-7A355D6FE5FD
6318A388-408B-4670-9D97-AC85F4447AB0,Health Promotion,تعزيز الصحة,Health Promotion,"","",968,E18A0B1B-F30C-4440-98F8-038A56BDF360
CA492E71-87B7-4488-8591-CC8DC5D326C2,Health psychology,علم النفس الصحي,Health psychology,"","",970,0BA9E910-CF12-4040-B5FC-6D18F9A6D765
5ED9DB41-E445-441E-8F24-849CADF56E7F,Health technologies,التقنيات الصحية,Health technologies,"","",972,7AE3CD27-7536-4DC4-A8CF-0F85D2ED3C98
E730C43F-73C5-4AC8-9F2A-D4BD0E6BFA24,Health visiting,الزيارة الصحية,Health visiting,"","",973,CE505D71-B5F7-494E-AB4D-BDE190745D96
07F0907E-F8F6-49AC-A39D-181906E67EF1,Healthcare and Hospital Management,إدارة الخدمات الصحية والمستشفيات,Healthcare and Hospital Management,"","",974,6075F702-3633-401F-9F28-5B4C802FA648
07646DD1-1311-4D4E-8942-66830035F67C,Healthcare Management,إدارة الرعاية الصحية,Healthcare Management,"","",975,E35FB37B-2402-4603-9776-33D0D4848B9B
0068A2D2-2FC2-4C3D-9743-CCDA0EAC1004,Hebrew Language,اللغة العبرية,Hebrew Language,"","",977,A49540BA-CF94-4C4F-ACBA-2CFF003B6DFA
0538520A-1B39-4549-AF25-0D330034FFDC,Hematological Pathology,علم أمراض الدم,Hematological Pathology,"","",978,A038E0EA-4410-40C2-9FAB-039786715382
02C3C3FE-7052-41E7-A6B1-286105CFDEC1,Hematology.,طب الدم,Hematology.,"","",979,8E3B4DAF-9BCE-452A-A000-81355FF7FCE3
218A7FCE-3E91-4E2A-841C-FE57F4D2FA92,Herbalism,أعشاب,Herbalism,"","",980,B2B987EF-278C-4E27-AC79-6AAD152BF4DF
D01C5F70-1B3E-46F1-B7AE-557C75331AFB,Heritage site management,إدارة المواقع التراثية,Heritage site management,"","",981,A158CEFA-5D2C-46EF-BC48-12DE95A564AE
DF9048C5-5973-4E10-8FA1-5C00141DFB68,Heritage studies,دراسات التراث,Heritage studies,"","",982,A158CEFA-5D2C-46EF-BC48-12DE95A564AE
A158CEFA-5D2C-46EF-BC48-12DE95A564AE,Heritage studies,دراسات التراث,Heritage studies,"","",983,
7F978964-30FB-4E30-9165-CAFFEE08B71B,Heritage theory,نظرية التراث,Heritage theory,"","",984,A158CEFA-5D2C-46EF-BC48-12DE95A564AE
C644FA08-D432-48E5-8B52-7ABD3F6AFE63,High end computing,الحوسبة الراقية,High end computing,"","",985,46364BE2-BEB2-4B59-B263-23D8CA421126
0C0BD42C-974C-4BAF-B448-D42306E9453A,High School School Administration,إدارة المدارس الثانوية,High School School Administration,"","",986,28486045-6425-5050-7815-459339547780
0CB1F443-EF39-44E7-8B21-228C068BC66B,Hindi Language,اللغة الهندية,Hindi Language,"","",987,A49540BA-CF94-4C4F-ACBA-2CFF003B6DFA
0B18824C-444B-4326-9A0F-2B240820AE33,Historic Preservation and Conservation,الحفظ التاريخي والحفظ,Historic Preservation and Conservation,"","",988,53068239-3437-9508-3860-820022132875
12F5733E-5288-4281-B253-94CAE996A714,Historical geography,الجغرافيا التاريخية,Historical geography,"","",989,344586BA-A3D0-4075-ACC6-44E7FA38A3C7
1C7C2EA1-22D3-440C-9B08-AAC7A8C03651,Historical linguistics,اللغويات التاريخية,Historical linguistics,"","",990,A49540BA-CF94-4C4F-ACBA-2CFF003B6DFA
D7171597-3F22-4688-BAF3-9CAFD47D0999,Historical performance practice,ممارسة الأداء التاريخي,Historical performance practice,"","",991,EABC0146-B80D-473D-AB47-623C38EC444B
04612684-0441-4C3E-8B43-9F9E9E6CE487,History,تاريخ,History,"","",992,7E272DDE-3A15-43D0-AD21-1800E8A9A48B
BDE37404-BF32-4148-B8C6-CB6DCDF96EE9,History,تاريخ,History,"","",993,
02748828-2923-4D06-A624-9E1A056DC91C,History and Philosophy of Science and Technology,تاريخ وفلسفة العلوم والتكنولوجيا,History and Philosophy of Science and Technology,"","",994,53068239-3437-9508-3860-820022132875
07AC3E0D-6657-4240-8024-63280894EC26,History and Politics ,التاريخ والسياسة,History and Politics ,"","",995,53068239-3437-9508-3860-820022132875
3AB9F878-3F65-4C51-B517-04B05D901745,History of Arts,تاريخ الفنون,History of Arts,"","",996,BDE37404-BF32-4148-B8C6-CB6DCDF96EE9
BBDF57C0-A45C-474F-AE31-68CD11B609A2,History of cinematics,تاريخ السينما,History of cinematics,"","",997,6569B223-81EB-4A45-B60D-7875E6019300
9FED4E6A-3D22-42AA-B19B-EE7AD7AB3CC3,History of cinematics & photography,تاريخ السينما والتصوير الفوتوغرافي,History of cinematics & photography,"","",998,6569B223-81EB-4A45-B60D-7875E6019300
E3324D6B-7D83-4D6C-81CE-665D54E422A8,History of dance,تاريخ الرقص,History of dance,"","",999,3E3CD1C2-E37B-459A-89F8-957EB309D9E6
FA16F38D-018E-40EE-8C76-D1CBDFF53585,History of photography,تاريخ التصوير الفوتوغرافي,History of photography,"","",1000,6569B223-81EB-4A45-B60D-7875E6019300
EB0DD170-A243-45D9-90DA-758F595AB0B8,History of psychology,تاريخ علم النفس,History of psychology,"","",1001,0BA9E910-CF12-4040-B5FC-6D18F9A6D765
0BF5F783-9B45-4A26-834C-4A7E03F13FC3,Holocaust and Related Studies,الهولوكوست والدراسات ذات الصلة,Holocaust and Related Studies,"","",1002,53068239-3437-9508-3860-820022132875
09967D94-FB4C-433E-A757-4A500E5160DE,Homeland security and emergency preparedness  ,الأمن الداخلي والتأهب للطوارئ,Homeland security and emergency preparedness  ,"","",1003,53068239-3437-9508-3860-820022132875
A26D25EE-EF28-4369-B00B-1C5EA4EDB74C,Hospitality,ضيافة,Hospitality,"","",1004,96D55527-8E7C-4FB8-8487-F27A5DAC0FAD
ECDB6B55-767E-4A97-AE3D-CAE8C517A631,Hospitality management,إدارة الضيافة,Hospitality management,"","",1005,96D55527-8E7C-4FB8-8487-F27A5DAC0FAD
C96847C9-1EAF-42CE-8BCA-99D64F965539,Hospitality studies,دراسات الضيافة,Hospitality studies,"","",1006,96D55527-8E7C-4FB8-8487-F27A5DAC0FAD
96D55527-8E7C-4FB8-8487-F27A5DAC0FAD,"Hospitality, leisure, sport, tourism & transport",الضيافة والترفيه والرياضة والسياحة والنقل,"Hospitality, leisure, sport, tourism & transport","","",1007,
4192BE2E-52DA-4CD9-A641-176F3D500FE8,"Hospitality, leisure, sport, tourism & transport",الضيافة والترفيه والرياضة والسياحة والنقل,"Hospitality, leisure, sport, tourism & transport","","",1008,96D55527-8E7C-4FB8-8487-F27A5DAC0FAD
088DA226-DEEE-48F1-AF32-2D140A60FC4C,Hotel Management,إدارة الفندقة,Hotel Management,"","",1009,96D55527-8E7C-4FB8-8487-F27A5DAC0FAD
02889148-7C66-4848-AA03-67BAA561D9EE,Housing,السكن,Housing,"","",1010,7520D603-C251-4A21-8A0C-1FDEA6D666C2
344586BA-A3D0-4075-ACC6-44E7FA38A3C7,Human & social geography,الجغرافيا البشرية والاجتماعية,Human & social geography,"","",1011,
F99A1C5C-596F-4FC2-AC9B-EBEAEE1D3CE2,Human & social geography,الجغرافيا البشرية والاجتماعية,Human & social geography,"","",1012,344586BA-A3D0-4075-ACC6-44E7FA38A3C7
2DE733FF-6FD9-41EA-A87F-51EE9D77FDDE,Human Demography,الديموغرافيا البشرية,Human Demography,"","",1013,344586BA-A3D0-4075-ACC6-44E7FA38A3C7
0F981501-E01C-400A-AB9C-B020060A09E9,Human Development and Family Studies,التنمية البشرية والدراسات الأسرية,Human Development and Family Studies,"","",1014,53068239-3437-9508-3860-820022132875
F4D43BA4-4C3A-47FD-A5E0-2178149E54F3,Human genetics,الوراثة البشرية,Human genetics,"","",1015,52BC99F6-76CC-4C90-9A98-4603E9DF2FF1
F7F7A906-A232-4DD6-81DB-1477A28264BD,Human resource management,إدارة الموارد البشرية,Human resource management,"","",1016,
9EB1E71C-C084-4445-8858-BD8EA53810D5,Human resource management,إدارة الموارد البشرية,Human resource management,"","",1017,F7F7A906-A232-4DD6-81DB-1477A28264BD
07AEAF0E-C037-42AA-A3E5-E21A0994E022,Human Rights studies ,دراسات حقوق الإنسان,Human Rights studies ,"","",1018,4F74D66E-F94C-4215-8EE6-20D8B2A0D2DE
0D261A1F-2F2B-403E-8369-BA740DF13DC9,Human Sciences and Family and Consumer Sciences,العلوم الإنسانية وعلوم الأسرة والمستهلك,Human Sciences and Family and Consumer Sciences,"","",1019,53068239-3437-9508-3860-820022132875
026843DF-C180-4A79-A6CF-AFA09785D800,Human-computer interaction,التفاعل بين الإنسان والحاسوب,Human-computer interaction,"","",1020,46364BE2-BEB2-4B59-B263-23D8CA421126
0B5465E8-3C09-4707-9049-2EAB06B2F350,humanities and culture,العلوم الإنسانية والثقافة,humanities and culture,"","",1021,53068239-3437-9508-3860-820022132875
04A3F955-4FF5-469E-B85A-AEBF040B169B,Humanities and Social Sciences ,العلوم الإنسانية والاجتماعية,Humanities and Social Sciences ,"","",1024,53068239-3437-9508-3860-820022132875
092FA7EF-D33C-4295-95EA-956D0A4E6BB5,Hungarian/Magyar Language,اللغة المجرية / المجرية,Hungarian/Magyar Language,"","",1025,A49540BA-CF94-4C4F-ACBA-2CFF003B6DFA
0187A044-9114-446F-9A42-97A50B97FF53,HVAC mainteNULLce technician,فني صيانة التدفئة وتكييف الهواء والتهوية والتبريد,HVAC mainteNULLce technician,"","",1026,1445B371-EACD-45A1-8ACA-2318DF9F9893
4E5EC522-D72E-4CEE-85FB-9E2E42AA51AC,Hydrogeology,جيولوجيا المياه,Hydrogeology,"","",1027,3A626880-24E5-4381-96E7-BFC68C0637E9
9BF7A3E7-D6C3-4299-8F9E-FB02A2012400,Hydrography,الهيدروغرافيا,Hydrography,"","",1028,F0D691B4-D2C4-433E-A45D-BAF5B1D1A9AE
D13DFC5C-A7C9-4CAE-960F-44F5D1AD6B38,Hydrology,الهيدرولوجيا,Hydrology,"","",1029,F0D691B4-D2C4-433E-A45D-BAF5B1D1A9AE
31DD3F07-343D-4920-9604-04194A9D41AF,Hypnotherapy,العلاج بالتنويم المغناطيسي,Hypnotherapy,"","",1030,B2B987EF-278C-4E27-AC79-6AAD152BF4DF
2C0BD0C5-6688-4B1E-8EF1-12340D3FE13B,Illustration,توضيح,Illustration,"","",1031,98726A46-0BA8-437A-AA93-EEA10F29C04F
ABA453E2-F134-423F-BC89-72FA7D73593E,Imaginative writing,الكتابة الخيالية,Imaginative writing,"","",1032,296095D5-CE94-4C64-A4E1-B47E8C24BCED
296095D5-CE94-4C64-A4E1-B47E8C24BCED,Imaginative writing,الكتابة الخيالية,Imaginative writing,"","",1033,
F2A3417B-06F8-4CB3-A7D1-8E72EAF729FA,Imaging,التصوير,Imaging,"","",1034,A4E63C31-2522-498F-A2D1-160A4DE0C61F
A8C7ED9C-BBEB-4B9D-9205-2C08957CE970,Immigration Studies,دراسات الهجرة,Immigration Studies,"","",1035,605F0873-4D76-4FC5-A357-FE7C18869824
88770E0E-79E7-49E8-9398-32030AE03969,Immunology,علم المناعة,Immunology,"","",1036,9234841C-6F26-4470-963E-8594BC2CF961
04F0C984-5DDD-4B01-A613-45D705FE5350,Immunopathology,علم أمراض المناعة,Immunopathology,"","",1037,A038E0EA-4410-40C2-9FAB-039786715382
018CA0EC-84E9-42C4-8E7F-0C41021C6650,Indian Law,القانون الهندي,Indian Law,"","",1038,57E7370E-497B-4BD3-9E14-CF574151EB6F
0D439E05-7CF0-4B25-8DC4-F12306B69FB2,Indonesian Languages,اللغة الإندونيسية,Indonesian Languages,"","",1039,A49540BA-CF94-4C4F-ACBA-2CFF003B6DFA
0164EE5C-8B74-49A0-9776-14750A25C4A5,Industrial and Organizational Psychology,علم النفس الصناعي والتنظيمي,Industrial and Organizational Psychology,"","",1040,53068239-3437-9508-3860-820022132875
0691BB64-52B5-440E-ADF0-11B903EFBDF2,Industrial and Physical Pharmacy and Cosmetic Sciences,الصيدلة الصناعية والفيزيائية وعلوم التجميل,Industrial and Physical Pharmacy and Cosmetic Sciences,"","",1041,EF4B99A8-A131-49EB-A044-14B5F227BDC9
138A8E11-7B7D-4744-87EC-3554A1B48749,Industrial baking,الخبز الصناعي,Industrial baking,"","",1042,D87DD58D-7913-468E-84D3-BA1DC077D6AA
1CE89512-3BD5-4513-A948-A0B8078F5FC9,Industrial biotechnology,التكنولوجيا الحيوية الصناعية,Industrial biotechnology,"","",1043,A307014E-4A8E-4468-9DFE-8A70904F8FC1
836256F0-B685-4834-B21E-F9D5A0B91B1B,Industrial brewing,التخمير الصناعي,Industrial brewing,"","",1044,D87DD58D-7913-468E-84D3-BA1DC077D6AA
94AABC6D-B835-49F4-9268-4A1BA0FD4399,Industrial chemistry,الكيمياء الصناعية,Industrial chemistry,"","",1045,B1BDE659-5A76-41D5-A0C6-4A2FB34444A2
022EDF40-9358-442F-8712-41270F15CD44,Industrial Electronics Technician,فني الإلكترونيات الصناعية,Industrial Electronics Technician,"","",1046,DCE3BC7D-8DCC-4D1B-9025-8CAB4E847E41
5BF9E2F1-9573-452F-87E1-5C839DA74A51,Industrial engineering,الهندسة الصناعية,Industrial engineering,"","",1047,F0986833-4BE7-4B76-91B6-356BDA766CE1
070C5363-BB32-4386-AD99-015B019A6419,Industrial Engineering and Systems,الهندسة الصناعية والنظم,Industrial Engineering and Systems,"","",1048,EF4B99A8-A131-49EB-A044-14B5F227BDC9
0069A643-8879-4F1D-914F-321C0C427461,Industrial Engineering Management,الإدارة الهندسية الصناعية,Industrial Engineering Management,"","",1049,EF4B99A8-A131-49EB-A044-14B5F227BDC9
1DF5E0BD-6003-4EEA-A136-DF37412C65A1,Industrial geology,الجيولوجيا الصناعية,Industrial geology,"","",1050,3A626880-24E5-4381-96E7-BFC68C0637E9
FC37FE95-EF5D-421D-8C75-2C1BB8110723,Industrial machinery maintenance,صيانة الآلات الصناعية,Industrial machinery maintenance,"","",1051,1445B371-EACD-45A1-8ACA-2318DF9F9893
00E8702C-3B69-4AFE-A4DF-A8AC01FCFC61,Industrial Production Technician,فني الإنتاج الصناعي,Industrial Production Technician,"","",1052,DCE3BC7D-8DCC-4D1B-9025-8CAB4E847E41
CEDDE397-9931-4D90-9AD2-344FA9962E31,Industrial relations,العلاقات الصناعية,Industrial relations,"","",1053,F7F7A906-A232-4DD6-81DB-1477A28264BD
0A7E8775-733D-4FEC-AD9E-F9E6029FE085,Industrial Safety Technician,فني سلامة صناعية,Industrial Safety Technician,"","",1054,DCE3BC7D-8DCC-4D1B-9025-8CAB4E847E41
040992ED-8245-432B-9005-ED4C0885038E,Industrial Systems Engineering,هندسة النظم الصناعية,Industrial Systems Engineering,"","",1055,F0986833-4BE7-4B76-91B6-356BDA766CE1
535F112D-4761-4DD3-85E6-EF371C44EA6E,Industrial/product design,التصميم الصناعي/المنتج,Industrial/product design,"","",1056,98726A46-0BA8-437A-AA93-EEA10F29C04F
79868E6A-E40E-4157-8BDA-B5AC47BA2B66,Information management,إدارة المعلومات,Information management,"","",1057,FC71437F-9178-4500-8DD9-4D416565B168
85EC731A-C198-4BB0-A8D2-45750E9B1621,Information modelling,نمذجة المعلومات,Information modelling,"","",1058,A5B2B263-AAB5-47BD-9063-CB304465E7BE
0A9ED5AF-21FC-4544-951D-5D4F0B78DCC6,Information Resources Management/CIO Training,إدارة موارد المعلومات / تدريب CIO,Information Resources Management/CIO Training,"","",1059,53068239-3437-9508-3860-820022132875
09730F81-5C3C-45FB-B9BF-D4C8050531B4,Information security,أمن المعلومات,Information security,"","",1060,46364BE2-BEB2-4B59-B263-23D8CA421126
FC71437F-9178-4500-8DD9-4D416565B168,Information services,خدمات المعلومات,Information services,"","",1061,
FE087816-CFDA-400B-ABC5-374EAD93D8A6,Information services,خدمات المعلومات,Information services,"","",1062,FC71437F-9178-4500-8DD9-4D416565B168
374BBE8B-F3BE-4AD3-86EF-47BF48EA5459,Information systems,نظم المعلومات,Information systems,"","",1063,A5B2B263-AAB5-47BD-9063-CB304465E7BE
A5B2B263-AAB5-47BD-9063-CB304465E7BE,Information systems,نظم المعلومات,Information systems,"","",1064,
0D85BC8D-C327-49D3-B470-551802701416,Information Technology,تكنولوجيا المعلومات,Information Technology,"","",1065,A5B2B263-AAB5-47BD-9063-CB304465E7BE
0C30C338-A912-4D35-BEE9-F34A01020B45,Information technology - applications,تكنولوجيا المعلومات- تطبيقات,Information technology - applications,"","",1066,A5B2B263-AAB5-47BD-9063-CB304465E7BE
09CE003B-382C-4E92-8E45-17F90D4DFA67,Information Technology - Network Administration,تكنولوجيا المعلومات- ادارة شبكات,Information Technology - Network Administration,"","",1067,A5B2B263-AAB5-47BD-9063-CB304465E7BE
0EC33219-E290-4D32-91FE-174C0B03A40E,Infrastructure Engineering,هندسة البنية التحتية,Infrastructure Engineering,"","",1068,F0986833-4BE7-4B76-91B6-356BDA766CE1
0DAB0873-DF67-4140-8CDB-BD16031EBCF9,Innovation and development strategy,الابتكار واستراتيجية التنمية,Innovation and development strategy,"","",1069,53068239-3437-9508-3860-820022132875
C759CF85-CD46-418E-A600-1A014C0E4D1E,Inorganic chemistry,الكيمياء غير العضوية,Inorganic chemistry,"","",1071,B1BDE659-5A76-41D5-A0C6-4A2FB34444A2
54171B22-FFEB-4DCE-946C-BB565906100C,Institutional management,الإدارة المؤسسية,Institutional management,"","",1072,6075F702-3633-401F-9F28-5B4C802FA648
09E9EF75-C911-4F7C-8364-37A50FDFC27B,Instrument Engineering,هندسة الأدوات,Instrument Engineering,"","",1073,F0986833-4BE7-4B76-91B6-356BDA766CE1
A1D176E3-A96C-4522-8B5B-FE7F4B6982A9,Instrumental or vocal performance,الأداء الآلي أو الصوتي,Instrumental or vocal performance,"","",1074,EABC0146-B80D-473D-AB47-623C38EC444B
7A2BA7E3-9A38-4F5A-9D44-344DD1D1362B,Instrumentation control,التحكم في الأجهزة,Instrumentation control,"","",1075,5E0CFB10-3F40-44DE-BB4B-DBCCEF779F34
4A9CB315-5871-460F-8E4E-EF25F60594A5,Insurance,تأمين,Insurance,"","",1076,9589CFD6-4CBF-4FA8-B1EC-ABC0BF11F7EC
B7300D02-6006-485C-9C97-0C1DD37BCB74,Integrated circuit design,تصميم الدوائر المتكاملة,Integrated circuit design,"","",1077,5E0CFB10-3F40-44DE-BB4B-DBCCEF779F34
FB76848D-2D87-40E7-A3F2-95F2CE7E064A,Integrated engineering,هندسة متكاملة,Integrated engineering,"","",1078,A4E63C31-2522-498F-A2D1-160A4DE0C61F
0910F15F-B748-4690-8D8A-DE7F011CBF21,Integrated Marketing Communications,الاتصالات التسويقية المتكاملة,Integrated Marketing Communications,"","",1079,43817EFA-BADD-419E-8D15-1E388A7AB85F
1FA1F124-946B-441F-B05A-BFB57543185A,Intelligent & expert systems,الأنظمة الذكية والخبيرة,Intelligent & expert systems,"","",1080,A5B2B263-AAB5-47BD-9063-CB304465E7BE
A52B7EBB-EA84-423E-AFEE-728D8B140DC9,Interactive & electronic design,التصميم التفاعلي والإلكتروني,Interactive & electronic design,"","",1081,98726A46-0BA8-437A-AA93-EEA10F29C04F
2CBD4BD6-365F-4906-A53B-52434BB4E75B,Interactive publishing,النشر التفاعلي,Interactive publishing,"","",1082,383EA2CE-3E59-4BF5-8235-55F536223D6C
0238398F-FC26-4AD6-B4BB-32AD0C63B9FB,Intercultural Communication  ,التواصل بين الثقافات,Intercultural Communication  ,"","",1083,56463547-1778-6080-6803-396575136009
0350C9AE-3577-4541-9D14-A1690E091230,Intercultural/Multicultural and Diversity Studie,دراسات بين الثقافات / متعددة الثقافات والتنوع,Intercultural/Multicultural and Diversity Studie,"","",1084,53068239-3437-9508-3860-820022132875
7799E366-5BA3-470F-865D-0FB8184AB75E,Interior architecture,الهندسة المعمارية الداخلية,Interior architecture,"","",1085,91E66B15-E39A-4A1C-B74B-357EA365F7AC
045EADBD-7D8B-425F-8419-88A80353C36D,Interior Architecture and Design ,العمارة الداخلية والتصميم,Interior Architecture and Design ,"","",1086,56463547-1778-6080-6803-396575136009
0CB981F6-5FA7-4213-A1C5-1A380248C6A6,Interior design,التصميم الداخلي,Interior design,"","",1087,98726A46-0BA8-437A-AA93-EEA10F29C04F
23C62ABF-2D26-48A3-BD80-47194E04501E,Internal Medicine,الطب الباطني,Internal Medicine,"","",1088,8E3B4DAF-9BCE-452A-A000-81355FF7FCE3
0B591186-EDB5-452F-AFA4-C4210E1BF367,International affairs,الشؤون الدولية,International affairs,"","",1089,C3022B9C-4CFB-4E3E-AFE6-897C73A1036E
621A3291-ACAB-4876-8508-4DA797D2B758,International agriculture,الزراعة الدولية,International agriculture,"","",1090,9D89556F-9EE5-4D31-9883-6A16F8EF09DE
0853DA55-1802-4EFD-8D1A-4AC20D3060BB,International and Global Studies,الدراسات الدولية والعالمية,International and Global Studies,"","",1091,53068239-3437-9508-3860-820022132875
04954D1D-A673-4063-A651-D49E06298906,international business and fiNULLce,الأعمال الدولية والتمويل,international business and fiNULLce,"","",1092,53068239-3437-9508-3860-820022132875
0A2B12D0-8259-446A-8EE8-70EF0FCECA3E,International Business and Management,الأعمال الدولية والإدارة,International Business and Management,"","",1093,53068239-3437-9508-3860-820022132875
6F1AAC07-2144-4DB2-ACD9-BA4DA4EEFFDC,International business studies,دراسات الأعمال الدولية,International business studies,"","",1094,17384735-4CF2-48DA-ACA9-18F37FF9CCBC
035566E6-7F2E-4709-8D25-8FB6087DEBC1,"International Business, Commerce, and Tax Law",قانون الأعمال التجارية والتجارة والضرائب الدولية,"International Business, Commerce, and Tax Law","","",1095,53068239-3437-9508-3860-820022132875
03466BCD-B0EA-4F86-9A50-1BAC040B6458,International Commerce And Policy,التجارة والسياسة الدولية,International Commerce And Policy,"","",1096,53068239-3437-9508-3860-820022132875
08F5F7C9-0FF8-4DD2-A8DE-ABD90748C69E,International Communication & Development,الاتصالات الدولية والتنمية,International Communication & Development,"","",1097,53068239-3437-9508-3860-820022132875
001CECAE-B4E7-4C53-BF9E-32F501E5001C,International Conflict Studies,دراسات الصراع الدولي,International Conflict Studies,"","",1098,4F74D66E-F94C-4215-8EE6-20D8B2A0D2DE
5408EA2F-4474-4A38-8A6D-35853820EA79,International constitutional studies,الدراسات الدستورية الدولية,International constitutional studies,"","",1099,C3022B9C-4CFB-4E3E-AFE6-897C73A1036E
D88FEE02-923D-45A6-B051-12C4E41F63EA,International criminology,علم الجريمة الدولي,International criminology,"","",1100,C3022B9C-4CFB-4E3E-AFE6-897C73A1036E
00AB4243-FB45-4B49-9328-295209EAD4D2,International Development,التنمية الدولية,International Development,"","",1101,1A8C8C00-EB48-495B-A42F-24AC73E2C37B
0274FB93-4007-45E4-AE4B-6744072DC0F1,International Development Management ,إدارة التنمية الدولية,International Development Management ,"","",1102,53068239-3437-9508-3860-820022132875
084BD776-878D-42DA-8D97-7C00021051EF,International Economic and Business Law ,القانون الاقتصادي والتجاري الدولي,International Economic and Business Law ,"","",1104,53068239-3437-9508-3860-820022132875
45CDF2DD-1F47-4F69-9AA4-0BB98572CAC0,International economics,الاقتصاد الدولي,International economics,"","",1105,1C167EB2-E4A2-45A5-B2BF-085DB83518DA
0564CC8A-FE4A-4A25-8CBD-493D03E95C67,International FiNULLce,التمويل الدولي,International FiNULLce,"","",1106,9589CFD6-4CBF-4FA8-B1EC-ABC0BF11F7EC
0A25F099-33A7-44B2-977A-E78306756630,International Fire Safety Management Sciences,علوم الإدارة الدولية للسلامة من الحريق,International Fire Safety Management Sciences,"","",1107,A4E63C31-2522-498F-A2D1-160A4DE0C61F
246EBE37-BAD5-4BD7-BF51-AA31B0E243C7,International forestry,الغابات الدولية,International forestry,"","",1108,820CF2C6-3F0D-48EE-B176-4F5B6267053B
A8A8353B-6576-486D-8DE6-9FD9002F6404,International History,التاريخ الدولي,International History,"","",1109,BDE37404-BF32-4148-B8C6-CB6DCDF96EE9
01A5BBB2-F469-47A8-B31A-52E801B0703A,International Management,الإدارة الدولية,International Management,"","",1111,6075F702-3633-401F-9F28-5B4C802FA648
5849C5CB-ABD3-4744-AB18-6407A62CC08D,International marketing,التسويق الدولي,International marketing,"","",1112,43817EFA-BADD-419E-8D15-1E388A7AB85F
0EF8BCEE-22B3-45F1-92DC-BD9B05DEFB0A,International Political Economy,الاقتصاد السياسي الدولي,International Political Economy,"","",1113,53068239-3437-9508-3860-820022132875
BEC2371E-65D2-4352-A9BD-1B798D127B72,International politics,السياسة الدولية,International politics,"","",1114,C3022B9C-4CFB-4E3E-AFE6-897C73A1036E
18ADE83F-F58F-4799-9857-3F959E96C68F,International relations,العلاقات الدولية,International relations,"","",1116,C3022B9C-4CFB-4E3E-AFE6-897C73A1036E
553EE4FA-C0CD-462B-A4A8-0DE6CDA12C0B,International social policy,السياسة الاجتماعية الدولية,International social policy,"","",1117,64D65E23-2E73-493D-9B47-7A355D6FE5FD
07FD17FD-0CD4-4CE3-98A4-AB9D0DA1CAA7,International Tourism and Hospitality Management,إدارة السياحة والضيافة الدولية,International Tourism and Hospitality Management,"","",1118,96D55527-8E7C-4FB8-8487-F27A5DAC0FAD
0EECE112-6A57-4F0D-9AE7-6ADC046B5E1B,International Tourism management,إدارة السياحة الدولية,International Tourism management,"","",1119,96D55527-8E7C-4FB8-8487-F27A5DAC0FAD
0A46ED41-04C8-41D3-90AB-797102F8F50D,International Trade,التجارة الدولية,International Trade,"","",1120,17384735-4CF2-48DA-ACA9-18F37FF9CCBC
9C6A8CCD-77BA-48A7-B1CE-A5A9C87C4D43,Internet,إنترنت,Internet,"","",1121,46364BE2-BEB2-4B59-B263-23D8CA421126
963C6794-CBE2-44CB-93C1-FE89E33235F9,Investment,استثمار,Investment,"","",1123,9589CFD6-4CBF-4FA8-B1EC-ABC0BF11F7EC
C6D20859-60FD-4303-97D1-29773B3B98A0,Investment & insurance,الاستثمار والتأمين,Investment & insurance,"","",1124,9589CFD6-4CBF-4FA8-B1EC-ABC0BF11F7EC
0AC71905-9964-478A-8028-A1E8053C3598,Iranian Law,القانون الإيراني,Iranian Law,"","",1125,57E7370E-497B-4BD3-9E14-CF574151EB6F
011D0379-DA67-4DC2-A235-C5AE9971AABB,Irish language,اللغة الأيرلندية,Irish language,"","",1126,A49540BA-CF94-4C4F-ACBA-2CFF003B6DFA
BE1E5516-A105-45C8-8C18-435A1FF27CAD,Irish literature,الأدب الأيرلندي,Irish literature,"","",1127,A49540BA-CF94-4C4F-ACBA-2CFF003B6DFA
009CFDE0-5FCD-464E-B9ED-8838069A1BD9,Irrigation Engineering,هندسة الري,Irrigation Engineering,"","",1128,F0986833-4BE7-4B76-91B6-356BDA766CE1
3B5E2701-B035-4C8B-ADDA-BDCBF2617262,Islamic Finance,التمويل الإسلامي,Islamic Finance,"","",1130,9589CFD6-4CBF-4FA8-B1EC-ABC0BF11F7EC
0F49152B-566C-47B8-A9DE-C2BE0CF0FA52,Islamic FiNULLce and Economics,التمويل الإسلامي والاقتصاد,Islamic FiNULLce and Economics,"","",1133,53068239-3437-9508-3860-820022132875
0D1DF4C2-3F56-4B44-9152-A382036F19D8,Islamic knowledge and heritage,الفلسفة في المعرفة والتراث الإسلامي,Islamic knowledge and heritage,"","",1134,AF7BBC76-E253-457C-931F-1E6AD491DE55
214379F7-5B0D-4A01-BF82-18D2E6449B43,Islamic studies,الدراسات الإسلامية,Islamic studies,"","",1135,7E272DDE-3A15-43D0-AD21-1800E8A9A48B
0D06F3FE-9828-40AD-939F-00D50DBDF423,Italian Language,اللغة الإيطالية,Italian Language,"","",1136,A49540BA-CF94-4C4F-ACBA-2CFF003B6DFA
02F9EB2B-2C76-4568-9A9A-3B0D0009EA42,Italian Law,القانون الإيطالي,Italian Law,"","",1137,57E7370E-497B-4BD3-9E14-CF574151EB6F
0B5FB6A4-F117-42EB-B2B4-8F490E625078,Japanese Language,اللغة اليابانية,Japanese Language,"","",1138,A49540BA-CF94-4C4F-ACBA-2CFF003B6DFA
0BB60216-3FBA-4227-BFB9-5E200063B268,Japanese Law,القانون الياباني,Japanese Law,"","",1139,57E7370E-497B-4BD3-9E14-CF574151EB6F
3F9B0602-BD01-4814-BD7D-8F47C2BAAC44,Japanese studies,الدراسات اليابانية,Japanese studies,"","",1140,42572058-C798-4E0F-A9D2-58E3B2926C85
A1029903-2D32-4C11-BDD3-702DF9744C70,Jazz dance,رقص الجاز,Jazz dance,"","",1141,3E3CD1C2-E37B-459A-89F8-957EB309D9E6
B359812B-CF6A-41DA-8C6F-2F8CC7ED82ED,Jazz performance,أداء موسيقى الجاز,Jazz performance,"","",1142,EABC0146-B80D-473D-AB47-623C38EC444B
4B03FFDB-4A9C-46FB-B730-B3490EF00A6D,Job Search Skills Programs,برامج مهارات البحث عن عمل,Job Search Skills Programs,"","",1143,615C7CC3-4C76-416D-8FF3-E317000E045D
6F41B482-BD0C-4DFA-8415-DB92CB159B30,Journalism,الصحافة,Journalism,"","",1144,
0A1215D2-6C0F-4136-BA27-CDF7428C0504,Journalism,الصحافة,Journalism,"","",1145,6F41B482-BD0C-4DFA-8415-DB92CB159B30
0DDBFC7B-87F2-4467-A4F9-EB1601DEC783,Judiciary and Sharia politics,القضاء والسياسة الشرعية,Judiciary and Sharia politics,"","",1147,4F74D66E-F94C-4215-8EE6-20D8B2A0D2DE
B0094C37-B896-44AA-A0C4-38C0E22CDC71,Jurisprudence,الفقه,Jurisprudence,"","",1148,4F74D66E-F94C-4215-8EE6-20D8B2A0D2DE
29D13E30-060C-4510-8A73-F42882225E42,Keynesianism,الكينزية,Keynesianism,"","",1149,1C167EB2-E4A2-45A5-B2BF-085DB83518DA
04073658-9EEC-44BE-9844-80B706F171EA,Knowledge Management,إدارة المعرفة,Knowledge Management,"","",1150,53068239-3437-9508-3860-820022132875
DE2FD451-8F47-4C7C-B0F4-593B745DB564,Knowledge representation,تمثيل المعرفة,Knowledge representation,"","",1151,C6F2E677-90AA-407B-9735-8FBDFA294CDD
04D0A436-F1BE-4048-AA00-761802FC022A,Korean Language,اللغة الكورية,Korean Language,"","",1152,A49540BA-CF94-4C4F-ACBA-2CFF003B6DFA
F42723F1-1F12-44A2-AF27-1138EAA1A5C0,Land & property management,إدارة الأراضي والممتلكات,Land & property management,"","",1153,6075F702-3633-401F-9F28-5B4C802FA648
C6273983-EE3C-440D-BF48-CCBD9040E672,Land management,إدارة الأراضي,Land management,"","",1154,6075F702-3633-401F-9F28-5B4C802FA648
F63CA7A8-81E8-449A-9C8A-853D6951FA9A,Land management for recreation,إدارة الأراضي للترفيه,Land management for recreation,"","",1155,9D89556F-9EE5-4D31-9883-6A16F8EF09DE
0AAAEBBB-612B-410E-AAF9-383506520E37,Land Transport Logistics,لوجستيات النقل البري,Land Transport Logistics,"","",1156,EF4B99A8-A131-49EB-A044-14B5F227BDC9
438FE934-F043-4081-BFF4-037B862733B1,Land travel,السفر البري,Land travel,"","",1157,96D55527-8E7C-4FB8-8487-F27A5DAC0FAD
5955120A-5503-4E5C-A138-4E12ACD33260,Land-atmosphere interactions,التفاعلات بين الأرض والغلاف الجوي,Land-atmosphere interactions,"","",1158,3A626880-24E5-4381-96E7-BFC68C0637E9
AF73C101-AA5C-43AE-984B-B36D10E3E4ED,Land-ocean interaction,التفاعل بين الأرض والمحيطات,Land-ocean interaction,"","",1159,F0D691B4-D2C4-433E-A45D-BAF5B1D1A9AE
21132E74-6515-4D18-86D1-CED6C8DF6B42,Landscape & garden design,تصميم المناظر الطبيعية والحدائق,Landscape & garden design,"","",1160,EFE759D4-60B8-4FC8-AEC6-F25147373EC1
EFE759D4-60B8-4FC8-AEC6-F25147373EC1,Landscape & garden design,تصميم المناظر الطبيعية والحدائق,Landscape & garden design,"","",1161,
B23D3373-5E91-4477-8340-5A45ABD34C12,Landscape architecture,هندسة المناظر الطبيعية,Landscape architecture,"","",1162,EFE759D4-60B8-4FC8-AEC6-F25147373EC1
0C0664AC-70AB-4856-9A28-A29D04129159,Landscape design,تصميم المناظر الطبيعية,Landscape design,"","",1163,EFE759D4-60B8-4FC8-AEC6-F25147373EC1
DEB21F67-F315-4882-8B65-26163764D15B,Landscape studies,دراسات المناظر الطبيعية,Landscape studies,"","",1164,EFE759D4-60B8-4FC8-AEC6-F25147373EC1
68F284C9-D0A3-45F4-A80F-8000B62D9553,Language pathology,أمراض اللغة,Language pathology,"","",1165,5E7A14B4-6733-4477-8E95-FD49EA9612BA
A49540BA-CF94-4C4F-ACBA-2CFF003B6DFA,Languages and Linguistics,اللغات واللغويات,Languages and Linguistics,"","",1166,
0690D7BE-0283-44CB-8ED5-02EE03B9279C,Lao/Laotian Language,اللغة اللاوية / اللاوسية,Lao/Laotian Language,"","",1167,A49540BA-CF94-4C4F-ACBA-2CFF003B6DFA
D2A27972-7DD7-4000-825F-BE0039DDB964,Large-scale atmospheric dynamics & transport,ديناميكيات الغلاف الجوي والنقل على نطاق واسع,Large-scale atmospheric dynamics & transport,"","",1168,F0D691B4-D2C4-433E-A45D-BAF5B1D1A9AE
0C7FF64E-1441-4403-A1A1-F4E0059EF9E9,Laser and Optical Technology,الليزر والتكنولوجيا البصرية,Laser and Optical Technology,"","",1169,49C41DF6-30BD-4A7A-8EE4-201F6CCEAFD8
BD0391F2-B059-4A25-90C3-8C1520419DB4,Laser physics,فيزياء الليزر,Laser physics,"","",1170,79BED130-E352-4C2F-A2AB-DFC8239151C0
95AEE02B-2069-4073-A9E8-80C89729CB26,Late Antique history,التاريخ العتيق المتأخر,Late Antique history,"","",1171,BDE37404-BF32-4148-B8C6-CB6DCDF96EE9
0C889C96-CD4B-46F9-AF81-2AA60EE1F7F8,Latin Language,اللغة اللاتينية,Latin Language,"","",1172,A49540BA-CF94-4C4F-ACBA-2CFF003B6DFA
0ECFBFD6-F722-499E-A044-387905A2EE9B,Law & Criminology,القانون وعلم الجريمة,Law & Criminology,"","",1173,53068239-3437-9508-3860-820022132875
007C0A67-246A-401A-AF7B-64F601077384,Law and International Politics ,القانون والسياسة الدولية,Law and International Politics ,"","",1174,53068239-3437-9508-3860-820022132875
F2D4824D-220A-406D-94A1-677B16362427,Law and Shariaa,القانون والشريعة,Law and Shariaa,"","",1175,4F74D66E-F94C-4215-8EE6-20D8B2A0D2DE
57E7370E-497B-4BD3-9E14-CF574151EB6F,Law by area,القانون حسب المنطقة,Law by area,"","",1176,
4F74D66E-F94C-4215-8EE6-20D8B2A0D2DE,Law by topic,القانون حسب الموضوع,Law by topic,"","",1177,
000E7C8B-8A82-49D5-9CBF-30340EABB74F,Leadership,القيادة,Leadership,"","",1179,6075F702-3633-401F-9F28-5B4C802FA648
098CF01A-2028-4BF9-9FF3-6E0B03571408,Leadership and Innovation ,القيادة والابتكار,Leadership and Innovation ,"","",1180,56463547-1778-6080-6803-396575136009
0B467D5F-4EC5-446A-9886-DE83059A20BE,"Leadership, innovation, & Policy ",القيادة والابتكار والسياسة,"Leadership, innovation, & Policy ","","",1181,53068239-3437-9508-3860-820022132875
F3F0E6B0-EA1F-4BDC-B719-9F80BD19881F,Learning disability nursing,تمريض صعوبات التعلم,Learning disability nursing,"","",1182,CE505D71-B5F7-494E-AB4D-BDE190745D96
282A71FD-82C6-4091-BBD1-E48663970CBC,Learning Skills Programs,برامج مهارات التعلم,Learning Skills Programs,"","",1183,0EDE5489-BDF4-4838-9C6C-4E39B0B00E06
5177A0A6-A899-4195-9650-0C0E1E82B6D5,Leather technology,تكنولوجيا الجلود,Leather technology,"","",1184,DA4B5B54-4E28-4E3C-94BF-4971F5FC955F
860A9F3E-FD02-4AD9-9378-B52AE82A96A7,Leatherwork,الأعمال الجلدية,Leatherwork,"","",1185,7695196F-70D0-4244-9B41-DD496FF40793
0F89A750-0AA2-4F5E-BA19-CC21010FC978,Legal and political sciences,العلوم القانونية والسياسية,Legal and political sciences,"","",1186,53068239-3437-9508-3860-820022132875
315FC3FA-A7FD-4D3F-AA68-842707B67E64,Legal practice,الممارسة القانونية,Legal practice,"","",1187,4F74D66E-F94C-4215-8EE6-20D8B2A0D2DE
0EA5AB56-7CEB-42B7-9E23-A33A0CEFFA70,Liberal Arts and Social Science,الفنون الليبرالية والعلوم الاجتماعية,Liberal Arts and Social Science,"","",1189,927C60FE-2C0B-45F1-ACA4-06CD3A5D7EB7
97346A66-1C9B-428B-A65E-037BEDDFCA53,Liberalism,الليبرالية,Liberalism,"","",1190,C3022B9C-4CFB-4E3E-AFE6-897C73A1036E
5A3B3724-462E-49B8-8DAA-B12C8613683F,Librarianship,أمينة المكتبات,Librarianship,"","",1191,FC71437F-9178-4500-8DD9-4D416565B168
05DD5AA0-D991-4867-ADBC-1896035316C0,Librarianship and Information Management,مكتبات وادارة معلومات,Librarianship and Information Management,"","",1192,53068239-3437-9508-3860-820022132875
98C0E7A7-1E7F-4C0D-9FE3-276C348EDFFF,Library studies,الدراسات المكتبية,Library studies,"","",1193,FC71437F-9178-4500-8DD9-4D416565B168
0B4FF64F-802F-48FC-BA6A-E0B60F1620A6,Life and Environmental Sciences,علوم الحياة والبيئة,Life and Environmental Sciences,"","",1194,EF4B99A8-A131-49EB-A044-14B5F227BDC9
0C7748A3-09D6-4752-AE43-83B9050FB8D8,Life Sciences,علوم الحياة,Life Sciences,"","",1196,FA47FBE8-D331-427A-97DB-DC122FCD9BDA
C83DF4CB-CEF7-4959-B860-AF49BEFC8B4B,Linguistics,اللغويات,Linguistics,"","",1197,A49540BA-CF94-4C4F-ACBA-2CFF003B6DFA
03248525-CFBE-419B-AC78-C89AF0DF5F4D,Literature in its original language,الأدب بلغته الأصلية,Literature in its original language,"","",1198,1B51EA47-B126-41D6-98EC-8DFDD5B54492
8BD1E045-D8BE-49EF-9A47-68E57C1CCA64,Literature in translation,الأدب في الترجمة,Literature in translation,"","",1199,1B51EA47-B126-41D6-98EC-8DFDD5B54492
062725DD-1978-46F5-B8AE-54862FD798E6,Livestock,الماشية,Livestock,"","",1200,9D89556F-9EE5-4D31-9883-6A16F8EF09DE
63684C43-0553-4A58-AA68-20C7381F73A8,Livestock husbandry,تربية الماشية,Livestock husbandry,"","",1201,9D89556F-9EE5-4D31-9883-6A16F8EF09DE
0921F8F0-336A-4665-BF5B-2BB40D9A3BD9,Logistics and Materials Management,الخدمات اللوجستية وإدارة المواد,Logistics and Materials Management,"","",1202,53068239-3437-9508-3860-820022132875
06A78187-F62F-4FDF-8508-6FAB0EAC7548,Logistics Management,إدارة لوجستية,Logistics Management,"","",1204,6075F702-3633-401F-9F28-5B4C802FA648
BB68A8CD-FFF2-4D17-A60F-03C7B867DE9D,Machine knitting,آلة الحياكة,Machine knitting,"","",1209,DA4B5B54-4E28-4E3C-94BF-4971F5FC955F
061E0C88-BBC1-4653-B8F9-75B352D69596,Machine learning,التعلم الآلي,Machine learning,"","",1210,C6F2E677-90AA-407B-9735-8FBDFA294CDD
E1828C57-9418-4234-A9DA-2CFD8EEC33B9,Machinery maintenance,صيانة الآلات,Machinery maintenance,"","",1211,1445B371-EACD-45A1-8ACA-2318DF9F9893
0B885F31-D8C1-4CED-A2C9-A3DED0DE989D,Macroeconomics,الاقتصاد الكلي,Macroeconomics,"","",1212,1C167EB2-E4A2-45A5-B2BF-085DB83518DA
0457D580-7138-4B6F-B5ED-129A0A393894,MaintaiNULLce engineering,هندسة الصيانة,MaintaiNULLce engineering,"","",1213,5DB7DE56-F67A-48CD-9089-46FB4E84D197
0BE6DFB8-82BC-49C8-A8A0-FCC40C584D12,MainteNULLce Engineering Technology ,تكنولوجيا هندسة الصيانة,MainteNULLce Engineering Technology ,"","",1215,5DB7DE56-F67A-48CD-9089-46FB4E84D197
18B217CB-9DEB-4032-84FC-18A680E69EDD,Make-up,ماكياج,Make-up,"","",1216,B2B987EF-278C-4E27-AC79-6AAD152BF4DF
1D5AE2B6-06C3-4D80-AB16-2EC644D7425D,Management & organisation of education,إدارة وتنظيم التعليم,Management & organisation of education,"","",1217,6075F702-3633-401F-9F28-5B4C802FA648
06026840-6073-4679-90BF-36BF0A6DE7FA,Management Information Systems and Services.,إدارة نظم المعلومات,Management Information Systems and Services.,"","",1218,53068239-3437-9508-3860-820022132875
E14C7290-04CA-402B-A89C-370942B17C14,Management studies,دراسات الإدارة,Management studies,"","",1219,6075F702-3633-401F-9F28-5B4C802FA648
6075F702-3633-401F-9F28-5B4C802FA648,Management studies,دراسات الإدارة,Management studies,"","",1220,
06A2242F-C487-43B9-B120-F5CB04B9475C,Management Studies Research ,دراسات البحوث الإدارية,Management Studies Research ,"","",1221,53068239-3437-9508-3860-820022132875
ED751B70-D6BB-4B13-9986-08A04DFACEFA,Management techniques,تقنيات الإدارة,Management techniques,"","",1222,6075F702-3633-401F-9F28-5B4C802FA648
40A1FC35-601A-4448-8282-1B2D3B2E46E1,Mantle & core processes,عباءة والعمليات الأساسية,Mantle & core processes,"","",1223,3A626880-24E5-4381-96E7-BFC68C0637E9
9EADFE1E-8EBC-4654-9244-D89C091A104D,Manufacturing installation systems,أنظمة تركيب التصنيع,Manufacturing installation systems,"","",1224,DCE3BC7D-8DCC-4D1B-9025-8CAB4E847E41
B65A0DF3-EA0A-422A-B75A-E784F67F238D,Manufacturing systems design,تصميم أنظمة التصنيع,Manufacturing systems design,"","",1225,DCE3BC7D-8DCC-4D1B-9025-8CAB4E847E41
CCD48FA4-3FB6-4B9B-88BA-67E965F148BF,Manufacturing systems engineering,هندسة نظم التصنيع,Manufacturing systems engineering,"","",1226,DCE3BC7D-8DCC-4D1B-9025-8CAB4E847E41
5EF417F6-972C-48C2-A619-147C5414E54F,Manufacturing systems maintenance,صيانة أنظمة التصنيع,Manufacturing systems maintenance,"","",1227,DCE3BC7D-8DCC-4D1B-9025-8CAB4E847E41
019791A5-7891-44DA-A4F8-582B0FD4E53B,Manufacturing Technology,تكنولوجيا التصنيع,Manufacturing Technology,"","",1228,1445B371-EACD-45A1-8ACA-2318DF9F9893
5F22F9ED-DAB6-4D32-9FF0-1CFB8D5E5F34,Marine and Maritime Technology,التكنولوجيا البحرية,Marine and Maritime Technology,"","",1229,3B9B1C75-8FA4-4E7F-894F-A60BE2D46C49
43C5C726-17DC-4FF9-AC40-4A2B61EA50CC,Marine biology,الأحياء البحرية,Marine biology,"","",1230,BAE3B5D3-F58F-4607-A5FB-49ABD245282E
FC845CBE-A5D7-4149-8540-61D3A5622889,Marine chemistry,الكيمياء البحرية,Marine chemistry,"","",1231,B1BDE659-5A76-41D5-A0C6-4A2FB34444A2
9B711FA1-23C5-4324-A664-7ECCC4DCA6B4,Marine geotechnology,التكنولوجيا الجيولوجية البحرية,Marine geotechnology,"","",1232,3A626880-24E5-4381-96E7-BFC68C0637E9
0071B0FC-4098-4566-9955-6C0D0DD872EC,Marine MainteNULLce and Ship Repair Technology,الصيانة البحرية وتكنولوجيا إصلاح السفن,Marine MainteNULLce and Ship Repair Technology,"","",1233,EF4B99A8-A131-49EB-A044-14B5F227BDC9
FD646D6C-080B-4A1E-B1B1-EE5C7982DD6E,Marine navigation,الملاحة البحرية,Marine navigation,"","",1234,3B9B1C75-8FA4-4E7F-894F-A60BE2D46C49
143A5020-C1FD-432D-9A56-52E080A289A2,Marine physics,الفيزياء البحرية,Marine physics,"","",1235,79BED130-E352-4C2F-A2AB-DFC8239151C0
07A760DE-052C-4DE1-B357-C720B87D45D1,Marine plumbing,السباكة البحرية,Marine plumbing,"","",1236,3B9B1C75-8FA4-4E7F-894F-A60BE2D46C49
F5E35177-66B7-4DFF-A0CE-83C0183938EC,Marine radar,الرادار البحري,Marine radar,"","",1237,3B9B1C75-8FA4-4E7F-894F-A60BE2D46C49
F0D3AB37-5CF9-4D11-BEB2-8A5BAF8BAECF,Marine radio,راديو البحرية,Marine radio,"","",1238,3B9B1C75-8FA4-4E7F-894F-A60BE2D46C49
3FDA9F2D-66A0-40C6-A50B-5BF80D04C2E7,Marine sciences,العلوم البحرية,Marine sciences,"","",1239,F0D691B4-D2C4-433E-A45D-BAF5B1D1A9AE
E2DFD6D1-EFFB-4A13-B5DA-58A11D6F78F2,Marine/Freshwater biology,بيولوجيا البحار/المياه العذبة,Marine/Freshwater biology,"","",1240,BAE3B5D3-F58F-4607-A5FB-49ABD245282E
0438A5AE-80F1-46AF-BA0B-DF35C5659F1A,Maritime geography,الجغرافيا البحرية,Maritime geography,"","",1241,A565B2D4-44FD-42E8-B7AE-CA5E82A64AAB
015F79D9-DF78-4EA0-BA08-897101A44004,Maritime Law,القانون البحري,Maritime Law,"","",1242,57E7370E-497B-4BD3-9E14-CF574151EB6F
0FC7D9A1-1587-442B-9BF6-AB7F0CA1E719,Maritime Safety,السلامة البحرية,Maritime Safety,"","",1243,EF4B99A8-A131-49EB-A044-14B5F227BDC9
3B9B1C75-8FA4-4E7F-894F-A60BE2D46C49,Maritime technology,التكنولوجيا البحرية,Maritime technology,"","",1244,
0EDA1DDF-691C-484B-982F-A29101ACFF50,Maritime Transport Logistics,لوجستيات النقل البحري,Maritime Transport Logistics,"","",1245,EF4B99A8-A131-49EB-A044-14B5F227BDC9
09C57D3F-0CF9-4288-9DFE-166B04011E6C,Maritime Transport Management and Logistics,إدارة ولوجستيات النقل البحري,Maritime Transport Management and Logistics,"","",1246,EF4B99A8-A131-49EB-A044-14B5F227BDC9
2A43121B-DD17-4478-B207-CA294F543C7E,Market research,أبحاث السوق,Market research,"","",1247,43817EFA-BADD-419E-8D15-1E388A7AB85F
43817EFA-BADD-419E-8D15-1E388A7AB85F,Marketing,تسويق,Marketing,"","",1248,
43B00250-B849-4835-A47F-4C8E909FF800,Marketing,تسويق,Marketing,"","",1249,43817EFA-BADD-419E-8D15-1E388A7AB85F
8C9B2F65-F88B-4463-986B-575022F7D592,Marquetry & inlaying,المطعمة والتطعيم,Marquetry & inlaying,"","",1251,7695196F-70D0-4244-9B41-DD496FF40793
0913154F-0B8E-446F-9560-E8670A72CA03,Master of International Business Economics and Management,اقتصاديات الأعمال الدولية والإدارة,Master of International Business Economics and Management,"","",1255,53068239-3437-9508-3860-820022132875
0E062E8F-9A38-468E-87C9-04A30DCC39DB,Master of Social Enterprise Management,إدارة المشاريع الاجتماعية,Master of Social Enterprise Management,"","",1258,6075F702-3633-401F-9F28-5B4C802FA648
817E1D9C-C4E3-4E90-A33F-147BBB383965,Materials engineering,هندسة المواد,Materials engineering,"","",1259,26647CD5-C4EA-4A04-AB6B-CA0CD29794E8
B5E6AFCD-022F-40A3-B956-EE0D55339FF2,Materials science,علم المواد,Materials science,"","",1260,439297D9-7501-457E-BB66-ECB4DA68D9B9
439297D9-7501-457E-BB66-ECB4DA68D9B9,Materials science,علم المواد,Materials science,"","",1261,
DB3CECA1-2BA6-41B7-9A3E-D89D368AE44F,Materials technology,تكنولوجيا المواد,Materials technology,"","",1262,
3AED6425-FB98-4AE5-AB08-041B18240253,Materials technology,تكنولوجيا المواد,Materials technology,"","",1263,DB3CECA1-2BA6-41B7-9A3E-D89D368AE44F
03CB4246-B942-46FD-ACE2-41FD01D70084,Maternal and Child Health.,صحة الأم والطفل,Maternal and Child Health.,"","",1264,E18A0B1B-F30C-4440-98F8-038A56BDF360
4B58FED0-EB36-4347-AFC1-166CAA56993F,Mathematical & theoretical physics,الفيزياء الرياضية والنظرية,Mathematical & theoretical physics,"","",1265,79BED130-E352-4C2F-A2AB-DFC8239151C0
A529E667-CA87-491C-AFE4-F2E627A67F85,Mathematical methods,الطرق الرياضية,Mathematical methods,"","",1266,FDD8F156-4D12-4C75-8683-57C918C454F1
10B4BE41-2047-45BB-99FE-04D9B56FA098,Mathematical modelling,النمذجة الرياضية,Mathematical modelling,"","",1267,FDD8F156-4D12-4C75-8683-57C918C454F1
40D6E9E5-2B70-4C90-825A-84CD852CC01E,Mathematical statistics,الإحصاء الرياضي,Mathematical statistics,"","",1268,E0DDB537-F0A8-4F65-88E5-EDE72D109AEC
A8DF32C0-5347-4745-9A45-150A2C3B198C,Mathematics,الرياضيات,Mathematics,"","",1269,FDD8F156-4D12-4C75-8683-57C918C454F1
FDD8F156-4D12-4C75-8683-57C918C454F1,Mathematics,الرياضيات,Mathematics,"","",1270,
0012887B-D974-4C16-B308-6DB0004BD225,Mathematics and Business Management,الرياضيات وإدارة الأعمال,Mathematics and Business Management,"","",1271,53068239-3437-9508-3860-820022132875
0B59490F-09BD-4A64-8644-B3020F6BB8C8,Mathematics and Computer Science,الرياضيات وعلوم الحاسوب,Mathematics and Computer Science,"","",1272,EF4B99A8-A131-49EB-A044-14B5F227BDC9
08FFED0F-981F-427A-8C94-834D066EB849,Mathematics with Management & FiNULLce ,الرياضيات مع الإدارة والمالية,Mathematics with Management & FiNULLce ,"","",1273,53068239-3437-9508-3860-820022132875
D8507B9F-667F-412C-BB00-005464D971C5,Meat science,علم اللحوم,Meat science,"","",1274,D87DD58D-7913-468E-84D3-BA1DC077D6AA
030C1AC2-809D-422A-8A85-0D2D081F4F30,Mechanical Drafting,الصياغة الميكانيكية,Mechanical Drafting,"","",1275,5DB7DE56-F67A-48CD-9089-46FB4E84D197
CD4F75BE-2E46-4770-AA06-1524A38D051F,Mechanical engineering,الهندسة الميكانيكية,Mechanical engineering,"","",1276,5DB7DE56-F67A-48CD-9089-46FB4E84D197
5DB7DE56-F67A-48CD-9089-46FB4E84D197,Mechanical engineering,الهندسة الميكانيكية,Mechanical engineering,"","",1277,
0E81A63F-3D13-4CF3-B1FD-BBB00B9F8002,Mechanical Engineering Technology,تكنولوجيا الهندسة الميكانيكية,Mechanical Engineering Technology,"","",1278,5DB7DE56-F67A-48CD-9089-46FB4E84D197
0FF39A6A-D60F-4897-A3BE-817F001418DC,Mechanical Engineering With Robotics ,الهندسة الميكانيكية مع الروبوتات,Mechanical Engineering With Robotics ,"","",1279,EF4B99A8-A131-49EB-A044-14B5F227BDC9
6F2EF02D-2D81-42F3-8D03-62A5EB4373D0,Mechanics,ميكانيكا,Mechanics,"","",1280,A4E63C31-2522-498F-A2D1-160A4DE0C61F
09D274B8-C553-4E80-90EF-B70427E82D33,Mechanics (mathematical),الميكانيكا (الرياضية),Mechanics (mathematical),"","",1281,FDD8F156-4D12-4C75-8683-57C918C454F1
1686FEE3-AA7C-484C-B5BC-D2F17FE8E3A5,Mechanisms & machines,الآليات والآلات,Mechanisms & machines,"","",1282,5DB7DE56-F67A-48CD-9089-46FB4E84D197
98F34B73-1997-49DB-89B8-4C5E16848308,Mechatronics,الميكاترونكس,Mechatronics,"","",1283,DCE3BC7D-8DCC-4D1B-9025-8CAB4E847E41
5E0296E0-570C-4BFB-A55B-C1EE9D5875D9,Mechatronics engineering,هندسة الميكاترونكس,Mechatronics engineering,"","",1284,F0986833-4BE7-4B76-91B6-356BDA766CE1
BF003183-6E7D-4FBE-ADC8-6510DCEB9421,Media production,الإنتاج الإعلامي,Media production,"","",1285,56ABF249-06C6-4AC0-91F3-E2586E3E3C0E
0D17BEF4-4A11-4863-8C0F-80EBDD7650BE,Media studies,دراسات إعلامية,Media studies,"","",1286,56ABF249-06C6-4AC0-91F3-E2586E3E3C0E
56ABF249-06C6-4AC0-91F3-E2586E3E3C0E,Media studies,دراسات إعلامية,Media studies,"","",1287,
4B173C4E-B83C-4476-9026-963F65AF067A,Medical & veterinary biochemistry,الكيمياء الحيوية الطبية والبيطرية,Medical & veterinary biochemistry,"","",1288,D697718A-D4C8-4388-9FFD-CEEFEF2C9572
00C7B071-D07C-40D0-900D-B1A259DE0624,Medical & veterinary genetics,الوراثة الطبية والبيطرية,Medical & veterinary genetics,"","",1289,52BC99F6-76CC-4C90-9A98-4603E9DF2FF1
E01F3356-61C1-4169-A993-C36E132B3BC0,Medical & veterinary microbiology,علم الأحياء الدقيقة الطبية والبيطرية,Medical & veterinary microbiology,"","",1290,9234841C-6F26-4470-963E-8594BC2CF961
07803177-39A2-465D-BEDE-B37FC889E5F5,Medical biochemistry,الكيمياء الحيوية الطبية,Medical biochemistry,"","",1291,D697718A-D4C8-4388-9FFD-CEEFEF2C9572
196462DE-2B82-452C-AD32-855A68E98252,Medical biotechnology,التكنولوجيا الحيوية الطبية,Medical biotechnology,"","",1293,A307014E-4A8E-4468-9DFE-8A70904F8FC1
24093B2A-3EB2-42DF-BB27-D2A8BE333747,Medical devices & instrumentation,الأجهزة والأدوات الطبية,Medical devices & instrumentation,"","",1294,A4E63C31-2522-498F-A2D1-160A4DE0C61F
0A546A16-E1C1-43B6-A4E4-D8AA07B8094B,Medical Engineering,الهندسة الطبية,Medical Engineering,"","",1295,EF4B99A8-A131-49EB-A044-14B5F227BDC9
615B8FFF-816E-457A-98B3-316F54E35DAD,Medical genetics,الوراثة الطبية,Medical genetics,"","",1296,52BC99F6-76CC-4C90-9A98-4603E9DF2FF1
0BD16F3A-FEC6-4EA4-B1C0-E61604AF81AE,Medical Insurance Coding Specialist,مبرمج ترميز التأمين الطبي,Medical Insurance Coding Specialist,"","",1297,7AE3CD27-7536-4DC4-A8CF-0F85D2ED3C98
0BC5E87B-9E08-4653-A966-999509C8D1FD,Medical Laboratory Science,علوم المختبرات الطبية,Medical Laboratory Science,"","",1298,49C41DF6-30BD-4A7A-8EE4-201F6CCEAFD8
343F9C0B-3BBC-4B75-BE5C-B2183777C7C0,Medical law,القانون الطبي,Medical law,"","",1299,4F74D66E-F94C-4215-8EE6-20D8B2A0D2DE
8581C96C-2846-45B5-AE2D-E6F80F44FC46,Medical microbiology,علم الأحياء الدقيقة الطبية,Medical microbiology,"","",1300,9234841C-6F26-4470-963E-8594BC2CF961
054FDF3C-7DF6-43BD-A447-D0F3096788E8,Medical Microbiology and Bacteriology,علم الأحياء الدقيقة الطبية وعلم الجراثيم,Medical Microbiology and Bacteriology,"","",1301,EF4B99A8-A131-49EB-A044-14B5F227BDC9
07F502C1-C9AF-4E1D-BD91-9693006B2E2E,Medical Molecular Biology with Genetics ,علم الأحياء الجزيئي الطبي مع علم الوراثة,Medical Molecular Biology with Genetics ,"","",1302,EF4B99A8-A131-49EB-A044-14B5F227BDC9
0B1E5B93-835D-472B-BF71-761B461BFBE7,Medical nursing,التمريض الطبي,Medical nursing,"","",1303,CE505D71-B5F7-494E-AB4D-BDE190745D96
034DA1C0-1C88-452F-9023-E848059BF517,Medical Office Assistant,مساعد مكتب طبي,Medical Office Assistant,"","",1304,6075F702-3633-401F-9F28-5B4C802FA648
0EA0793F-7DEE-4D5B-83AD-1DD3030A068A,Medical Office Computer Assistant,مساعد كمبيوتر في المكتب الطبي,Medical Office Computer Assistant,"","",1305,6075F702-3633-401F-9F28-5B4C802FA648
071E277E-44EB-4657-A6CF-5E60E6C8FA9E,Medical physics,الفيزياء الطبية,Medical physics,"","",1306,79BED130-E352-4C2F-A2AB-DFC8239151C0
0901C793-AB91-49DC-A791-3856036533D1,Medical Records Coding and Encryption,ترميز وتشفير السجلات الطبية,Medical Records Coding and Encryption,"","",1307,49C41DF6-30BD-4A7A-8EE4-201F6CCEAFD8
0C988759-49F2-4147-B6D6-C2B50E6BB8B3,Medical Residency Programs,برامج الإقامة الطبية,Medical Residency Programs,"","",1308,8E3B4DAF-9BCE-452A-A000-81355FF7FCE3
110E8ED4-A639-49BB-B2AA-FBA1DF5635C5,Medical statistics,الإحصائيات الطبية,Medical statistics,"","",1309,E0DDB537-F0A8-4F65-88E5-EDE72D109AEC
49C41DF6-30BD-4A7A-8EE4-201F6CCEAFD8,Medical technology,التكنولوجيا الطبية,Medical technology,"","",1310,
266E3F3A-4871-4715-AFAA-59B78B01BF60,Medical technology,التكنولوجيا الطبية,Medical technology,"","",1311,49C41DF6-30BD-4A7A-8EE4-201F6CCEAFD8
9AFC142C-C77C-46B5-B91D-84DE40D93B52,Medicinal chemistry,الكيمياء الطبية,Medicinal chemistry,"","",1312,B1BDE659-5A76-41D5-A0C6-4A2FB34444A2
8E3B4DAF-9BCE-452A-A000-81355FF7FCE3,Medicine and Dentistry,الطب وطب الأسنان,Medicine and Dentistry,"","",1313,
0E437B10-39BE-4E27-B7C3-C1F40962758A,Medieval and Renaissance Studies,دراسات العصور الوسطى وعصر النهضة,Medieval and Renaissance Studies,"","",1314,53068239-3437-9508-3860-820022132875
37F90F5E-D437-4659-BDA9-CA82406EC693,Medieval history,تاريخ العصور الوسطى,Medieval history,"","",1315,BDE37404-BF32-4148-B8C6-CB6DCDF96EE9
10D65897-3A52-4FF3-B81F-0052889782A0,Men's studies,دراسات الرجال,Men's studies,"","",1316,97EA1354-7504-4C00-B170-E993193B678E
1F5AD66A-7741-4A90-9858-3BEF1C147432,Mental health nursing,تمريض الصحة النفسية,Mental health nursing,"","",1317,CE505D71-B5F7-494E-AB4D-BDE190745D96
02587420-9E6B-4A1B-91AD-45CA0C2067E1,Mental Health Services Technician,فني خدمات الطب النفسي,Mental Health Services Technician,"","",1318,E35FB37B-2402-4603-9776-33D0D4848B9B
B001094B-553A-47CA-A80E-050ACE81DDA1,Mental philosophy,الفلسفة العقلية,Mental philosophy,"","",1319,AF7BBC76-E253-457C-931F-1E6AD491DE55
875FF134-4335-4252-A557-8DC66A2928D2,Metabolic biochemistry,الكيمياء الحيوية الأيضية,Metabolic biochemistry,"","",1320,D697718A-D4C8-4388-9FFD-CEEFEF2C9572
2CA48454-AD62-4F59-89C8-9DD439398E84,Metal crafts,المصنوعات المعدنية,Metal crafts,"","",1321,7695196F-70D0-4244-9B41-DD496FF40793
2FE3681D-2989-4282-B6E1-C875620C095F,Metallic fabrication,تصنيع معدني,Metallic fabrication,"","",1322,9ADB06D0-05C3-4C11-9CC1-41ABE36205E7
0C8D8D3F-EBB9-4D29-99DC-E65B07B8DD14,Metallurgical Engineering,الهندسة المعدنية,Metallurgical Engineering,"","",1323,EF4B99A8-A131-49EB-A044-14B5F227BDC9
71A2F8D6-BBEB-430E-96CD-1B22A2D7AB43,Metallurgy,علم المعادن,Metallurgy,"","",1324,9ADB06D0-05C3-4C11-9CC1-41ABE36205E7
9ADB06D0-05C3-4C11-9CC1-41ABE36205E7,Metallurgy,علم المعادن,Metallurgy,"","",1325,
C0CAF04D-3C95-4F6F-A31B-F27E4F9F9797,Metaphysics,الميتافيزيقا,Metaphysics,"","",1326,AF7BBC76-E253-457C-931F-1E6AD491DE55
69C44179-305F-4F11-9C2B-4AABE64C134F,Meteorology,الأرصاد الجوية,Meteorology,"","",1327,F0D691B4-D2C4-433E-A45D-BAF5B1D1A9AE
CDAB7863-1EAF-46BE-AF8F-6D20CC157312,Methodological & conceptual issues in psychology,قضايا منهجية ومفاهيمية في علم النفس,Methodological & conceptual issues in psychology,"","",1328,0BA9E910-CF12-4040-B5FC-6D18F9A6D765
0C969D73-07B1-4E3B-B923-A50C08783BC2,Microbial,علم الوراثة الميكروبية,Microbial,"","",1329,52BC99F6-76CC-4C90-9A98-4603E9DF2FF1
0C4230E1-DB51-4C5B-AF78-8A230DE0CB47,Microbiological Sciences and Immunology,العلوم الميكروبيولوجية والمناعة,Microbiological Sciences and Immunology,"","",1330,EF4B99A8-A131-49EB-A044-14B5F227BDC9
9234841C-6F26-4470-963E-8594BC2CF961,Microbiology,علم الأحياء الدقيقة,Microbiology,"","",1331,
360535FC-46A5-4325-B7B9-6EED5E0A3A05,Microbiology,علم الأحياء الدقيقة,Microbiology,"","",1332,9234841C-6F26-4470-963E-8594BC2CF961
678E0701-E682-40E2-AF25-17A77E6DF286,Microeconomics,الاقتصاد الجزئي,Microeconomics,"","",1333,1C167EB2-E4A2-45A5-B2BF-085DB83518DA
C8D28E3B-F581-44C7-92DF-801E23D5706A,Microelectronic engineering,هندسة الالكترونيات الدقيقة,Microelectronic engineering,"","",1334,5E0CFB10-3F40-44DE-BB4B-DBCCEF779F34
2A05B896-6BA1-4B99-84BA-55DE29B6BCC8,Microwave engineering,هندسة الميكروويف,Microwave engineering,"","",1335,5E0CFB10-3F40-44DE-BB4B-DBCCEF779F34
42572058-C798-4E0F-A9D2-58E3B2926C85,"Middle East, Asian and African studies",دراسات الشرق الأوسط وآسيا وأفريقيا,"Middle East, Asian and African studies","","",1336,
E1C08459-A368-49BD-9F37-E2873C8E357B,Midwifery,القبالة,Midwifery,"","",1337,CE505D71-B5F7-494E-AB4D-BDE190745D96
CD25C252-76C9-44C8-BDCE-212669663179,Military engineering,الهندسة العسكرية,Military engineering,"","",1338,F0986833-4BE7-4B76-91B6-356BDA766CE1
0D5F1BD0-0BE9-4539-8BEC-74F54F2DE0D5,Millinery,قبعات نسائية,Millinery,"","",1339,DA4B5B54-4E28-4E3C-94BF-4971F5FC955F
7050FB08-A3CD-4872-96EC-330ADFA7B1F9,Minerals processing,معالجة المعادن,Minerals processing,"","",1340,ABD5340D-2F60-4C2A-ADBF-13D43BE28E62
9D0D2921-B53F-4DDD-9EB9-A52B13676EA4,Minerals surveying,مسح المعادن,Minerals surveying,"","",1341,ABD5340D-2F60-4C2A-ADBF-13D43BE28E62
0DC95BCB-298E-42E7-A38D-ADF1737F1A01,Minerals technology,تكنولوجيا المعادن,Minerals technology,"","",1342,ABD5340D-2F60-4C2A-ADBF-13D43BE28E62
ABD5340D-2F60-4C2A-ADBF-13D43BE28E62,Minerals technology,تكنولوجيا المعادن,Minerals technology,"","",1343,
40392064-B8DE-45D5-B4DE-A8B6AE001A60,Mining,التعدين,Mining,"","",1344,ABD5340D-2F60-4C2A-ADBF-13D43BE28E62
8EA36022-8BD8-4592-AE07-C5BB84D9DA54,Mining engineering,هندسة التعدين,Mining engineering,"","",1345,57DEE9CC-7922-460E-8A7C-BED321E792D7
757D34F1-D15D-4A75-9AD4-975369FC5D60,Mining geology,جيولوجيا التعدين,Mining geology,"","",1346,3A626880-24E5-4381-96E7-BFC68C0637E9
0C481296-AC7A-4181-BB34-86740DF1FF9D,Missing,مفقود,Missing,"","",1347,66163734-4185-2658-2649-732820117889
66163734-4185-2658-2649-732820117889,Missing,مفقود,Missing,"","",1348,
D34A682D-D0DA-4BAD-9B7C-A9DD150925DE,Missing Main Major,Missing Main Major,Missing Main Major,"","",1349,
3F5C94FD-7AAC-4DD3-8A65-2450F29D51F3,Missing Sub Major,Missing Sub Major,Missing Sub Major,"","",1350,D34A682D-D0DA-4BAD-9B7C-A9DD150925DE
00AA7996-644B-430A-AED7-708701927C1F,"Modern and Contemporary Art: History, Curating, Criticism",الفن الحديث والمعاصر: التاريخ والتنظيم والنقد,"Modern and Contemporary Art: History, Curating, Criticism","","",1351,53068239-3437-9508-3860-820022132875
AA2432FB-CCC3-401A-BF74-CB25E955E478,Modern history,التاريخ الحديث,Modern history,"","",1352,BDE37404-BF32-4148-B8C6-CB6DCDF96EE9
0238A287-0559-4916-8205-1CA90346D4D4,Modern Languages with Management and EFL,اللغات الحديثة مع الإدارة وتعليم اللغة الإنجليزية كلغة أجنبية,Modern Languages with Management and EFL,"","",1353,53068239-3437-9508-3860-820022132875
059D136E-333E-4291-97FB-F2CE980A6ACA,Modern Middle Eastern studies,دراسات الشرق الأوسط الحديثة,Modern Middle Eastern studies,"","",1354,42572058-C798-4E0F-A9D2-58E3B2926C85
1A204DD1-9A14-46CD-92B6-CFAA0121C888,"Molecular biology, biophysics & biochemistry",البيولوجيا الجزيئية والفيزياء الحيوية والكيمياء الحيوية,"Molecular biology, biophysics & biochemistry","","",1356,D697718A-D4C8-4388-9FFD-CEEFEF2C9572
D697718A-D4C8-4388-9FFD-CEEFEF2C9572,"Molecular biology, biophysics & biochemistry",البيولوجيا الجزيئية والفيزياء الحيوية والكيمياء الحيوية,"Molecular biology, biophysics & biochemistry","","",1357,
FAA941BB-2E67-4EC0-93E9-402E17A8DC0F,Molecular engineering,الهندسة الجزيئية,Molecular engineering,"","",1358,26647CD5-C4EA-4A04-AB6B-CA0CD29794E8
5B993339-910A-44D2-970C-FCCFED161943,Molecular genetics,الوراثة الجزيئية,Molecular genetics,"","",1359,52BC99F6-76CC-4C90-9A98-4603E9DF2FF1
551EE0AC-3CBB-4EC6-A4EF-2071605D03EA,Monetarism,النظرية النقدية,Monetarism,"","",1360,1C167EB2-E4A2-45A5-B2BF-085DB83518DA
01FEE4C9-A944-4653-85BD-E585029035D8,Monetary Security Studies,الدراسات الأمنية النقدية,Monetary Security Studies,"","",1361,53068239-3437-9508-3860-820022132875
045F089B-F798-4628-9CB6-A928008816FF,Mongolian Language,اللغة المنغولية,Mongolian Language,"","",1362,A49540BA-CF94-4C4F-ACBA-2CFF003B6DFA
2F7E3529-E3B9-4023-B7B8-8860F6080126,Moral philosophy,الفلسفة الأخلاقية,Moral philosophy,"","",1363,AF7BBC76-E253-457C-931F-1E6AD491DE55
056AB8D6-F18E-4C3D-AB0D-7354056497FD,Mortuary Sciences and Funeral Service,علوم المشرحة وخدمة الجنائز,Mortuary Sciences and Funeral Service,"","",1364,49C41DF6-30BD-4A7A-8EE4-201F6CCEAFD8
A624CC74-4AAF-41CF-8B45-4B877694211B,Mortuary technology,تكنولوجيا المشرحة,Mortuary technology,"","",1365,49C41DF6-30BD-4A7A-8EE4-201F6CCEAFD8
958DD98E-A5CE-440C-BE08-D51BBE34280F,Moving image techniques,تقنيات الصور المتحركة,Moving image techniques,"","",1366,6569B223-81EB-4A45-B60D-7875E6019300
EF4B99A8-A131-49EB-A044-14B5F227BDC9,Multidisciplinary and Interdisciplinary,متعددة التخصصات ومتعددة التخصصات,Multidisciplinary and Interdisciplinary,"","",1372,
56463547-1778-6080-6803-396575136009,Multidisciplinary and Interdisciplinary_Track-Crea,متعدد التخصصات والمجالات - مسار الإبداع,Multidisciplinary and Interdisciplinary_Track-Crea,"","",1373,
72039078-5123-8018-7821-976435904294,Multidisciplinary and Interdisciplinary_Track-Diploma,متعدد التخصصات والمجالات - مسار الدبلوم,Multidisciplinary and Interdisciplinary_Track-Diploma,"","",1374,
28486045-6425-5050-7815-459339547780,Multidisciplinary and Interdisciplinary_Track-Edu,متعدد التخصصات والمجالات - مسار التربية,Multidisciplinary and Interdisciplinary_Track-Edu,"","",1375,
14702637-5298-9375-6717-257512837849,Multidisciplinary and Interdisciplinary_Track-Health,متعدد التخصصات والمجالات - مسار الصحة,Multidisciplinary and Interdisciplinary_Track-Health,"","",1376,
53068239-3437-9508-3860-820022132875,Multidisciplinary and Interdisciplinary_Track-Soc,متعدد التخصصات والمجالات - مسار العلوم الاجتماعية,Multidisciplinary and Interdisciplinary_Track-Soc,"","",1377,
23651629-2061-4272-8787-614299778765,Multidisciplinary and Interdisciplinary_Track-Sport,متعدد التخصصات والمجالات - مسار الرياضة,Multidisciplinary and Interdisciplinary_Track-Sport,"","",1378,
509398FB-8714-4A38-8FE2-60F7F008564F,Multimedia computing science,علم حوسبة الوسائط المتعددة,Multimedia computing science,"","",1379,46364BE2-BEB2-4B59-B263-23D8CA421126
69ECE7CF-D424-4837-A7C2-41811326A496,Multimedia design,تصميم الوسائط المتعددة,Multimedia design,"","",1380,98726A46-0BA8-437A-AA93-EEA10F29C04F
C72DB38D-37FE-4D8B-BA16-887CEC46620F,Multimedia music composition,تأليف موسيقى الوسائط المتعددة,Multimedia music composition,"","",1381,EABC0146-B80D-473D-AB47-623C38EC444B
9A0A3DC6-C752-4C40-8A71-87E1140C3305,Multimedia publishing,النشر بالوسائط المتعددة,Multimedia publishing,"","",1382,383EA2CE-3E59-4BF5-8235-55F536223D6C
046DD8FB-A6CE-4292-9731-563F01761C54,Museology and Museum Studies,علم المتاحف و دراسات المتاحف,Museology and Museum Studies,"","",1383,53068239-3437-9508-3860-820022132875
0879523C-D157-43B7-BBD8-4FDF0C8AD4F0,Museum and Gallery Practice  ,ممارسة المتحف والمعرض,Museum and Gallery Practice  ,"","",1385,FC71437F-9178-4500-8DD9-4D416565B168
D35A7F3A-4210-441F-9991-6A41841D8C31,Museum studies,دراسات المتحف,Museum studies,"","",1386,FC71437F-9178-4500-8DD9-4D416565B168
0306F175-2BF6-4083-85F5-E92708A37C78,Museums & Digital  Culture,المتاحف والثقافة الرقمية,Museums & Digital  Culture,"","",1387,53068239-3437-9508-3860-820022132875
9A36FF5B-BCB3-47DD-9F9D-DF398C99F5EB,Music,موسيقى,Music,"","",1388,EABC0146-B80D-473D-AB47-623C38EC444B
EABC0146-B80D-473D-AB47-623C38EC444B,Music,موسيقى,Music,"","",1389,
001D48E8-59A3-4185-8C3C-8F790FEE8321,Music and film production ,إنتاج الموسيقى والأفلام,Music and film production ,"","",1390,6569B223-81EB-4A45-B60D-7875E6019300
7ED9D99B-8724-402D-8DEA-16D457FE9E21,Music education/teaching,تعليم/تدريس الموسيقى,Music education/teaching,"","",1391,EABC0146-B80D-473D-AB47-623C38EC444B
0A6E7897-EDCD-44D4-9260-FBF807D7380D,"Music History, Literature, and Theory",تاريخ الموسيقى والأدب والنظرية,"Music History, Literature, and Theory","","",1392,BDE37404-BF32-4148-B8C6-CB6DCDF96EE9
44E56294-350F-4DB8-8BA5-F4B075D79A05,Music management/music industry management/arts management,إدارة الموسيقى / إدارة صناعة الموسيقى / إدارة الفنون,Music management/music industry management/arts management,"","",1393,EABC0146-B80D-473D-AB47-623C38EC444B
ED37223F-9E42-44C6-8455-53FA32F61C41,Music production,إنتاج الموسيقى,Music production,"","",1394,EABC0146-B80D-473D-AB47-623C38EC444B
EB48FD2F-CF24-40B4-90FF-C22795971E0C,Music recording,تسجيل الموسيقى,Music recording,"","",1395,1445B371-EACD-45A1-8ACA-2318DF9F9893
4A1B7D68-D6E4-4358-BA3A-9D4A9E1CEF6D,Music technology & industry,تكنولوجيا وصناعة الموسيقى,Music technology & industry,"","",1396,EABC0146-B80D-473D-AB47-623C38EC444B
A718B4EE-F97B-4FCD-8E2C-7A91A79DF218,Music theory & analysis,نظرية الموسيقى والتحليل,Music theory & analysis,"","",1397,EABC0146-B80D-473D-AB47-623C38EC444B
0EF0D86D-74FE-4111-A1EC-2ACD0BBAABD7,Music Therapy,العلاج بالموسيقى,Music Therapy,"","",1398,14702637-5298-9375-6717-257512837849
02CD70BF-FA3C-4790-A7E9-7D8C6D0C344E,Musical instrument technology,تكنولوجيا الآلات الموسيقية,Musical instrument technology,"","",1399,1445B371-EACD-45A1-8ACA-2318DF9F9893
44EAE3E1-D527-4DEA-8714-54AF4A83847A,Musical theatre,المسرح الموسيقي,Musical theatre,"","",1400,EABC0146-B80D-473D-AB47-623C38EC444B
5ADF7D6D-88A4-40EA-8FDA-6695BC3DA217,Musicianship/performance studies,دراسات الموسيقى / الأداء,Musicianship/performance studies,"","",1401,EABC0146-B80D-473D-AB47-623C38EC444B
24C7D262-8544-4E00-8FC1-A6F35D8CFEA5,Mycology,علم الفطريات,Mycology,"","",1402,114C82E2-3F3A-4B10-97B8-7EFFD801A55F
BFC9BBF0-9B95-414A-B883-7C9E42550B91,Nanoengineering,هندسة النانو,Nanoengineering,"","",1403,F0986833-4BE7-4B76-91B6-356BDA766CE1
093F9B08-A445-485E-869D-71D21A0C7694,Nationalism,القومية,Nationalism,"","",1404,C3022B9C-4CFB-4E3E-AFE6-897C73A1036E
AE4388DE-8CDE-48B8-B190-BBBB14318B5A,Natural heritage,التراث الطبيعي,Natural heritage,"","",1405,A158CEFA-5D2C-46EF-BC48-12DE95A564AE
008FC389-5138-4541-AB4F-61B10942A5DD,Natural Products Chemistry and Pharmacognosy,كيمياء المنتجات الطبيعية والعقاقير,Natural Products Chemistry and Pharmacognosy,"","",1406,EF4B99A8-A131-49EB-A044-14B5F227BDC9
0826C422-2864-4A42-854A-F6CF0C4AE341,Natural Resources Conservation,الحفاظ على الموارد الطبيعية,Natural Resources Conservation,"","",1407,EF4B99A8-A131-49EB-A044-14B5F227BDC9
0246C7BD-47C0-44DD-AFA8-EDBD02F61A47,Natural Resources Conservation and Research,الحفاظ على الموارد الطبيعية والبحوث,Natural Resources Conservation and Research,"","",1408,EF4B99A8-A131-49EB-A044-14B5F227BDC9
02D3C334-51DE-45F2-9BB8-60FA0BAAA176,Natural Resources Management and Policy,إدارة الموارد الطبيعية والسياسات,Natural Resources Management and Policy,"","",1409,53068239-3437-9508-3860-820022132875
0C6DEA47-83ED-499E-9114-31C90A0FC21A,Natural Sciences,العلوم الطبيعية,Natural Sciences,"","",1410,F0D691B4-D2C4-433E-A45D-BAF5B1D1A9AE
6C88BD41-F46D-4BE7-873E-FEE8F8731703,Naval architecture,العمارة البحرية,Naval architecture,"","",1411,
4FE0B3CE-0844-4131-8D64-8EF3386D6F71,Naval architecture,العمارة البحرية,Naval architecture,"","",1412,6C88BD41-F46D-4BE7-873E-FEE8F8731703
4337E0F0-CB07-4F4D-A8CB-C5522172BCEC,Naval Studies,الدراسات البحرية,Naval Studies,"","",1413,605F0873-4D76-4FC5-A357-FE7C18869824
15B4956C-297F-45EF-ADA0-EC3914934800,Needlecraft,تطريز,Needlecraft,"","",1414,7695196F-70D0-4244-9B41-DD496FF40793
BDDAC24E-5DF9-4499-B0A0-A53242DB6BA5,Neonatal care,رعاية الأطفال حديثي الولادة,Neonatal care,"","",1417,CE505D71-B5F7-494E-AB4D-BDE190745D96
9B910312-00E5-42D4-80BD-34C61E6BE4F1,Networks & communications,الشبكات والاتصالات,Networks & communications,"","",1418,46364BE2-BEB2-4B59-B263-23D8CA421126
09357AB1-01C1-43A6-B93B-E04C05F34D2D,Networks Engineering,هندسة شبكات,Networks Engineering,"","",1419,46364BE2-BEB2-4B59-B263-23D8CA421126
B9746ABE-ACDC-444F-B6CB-6AFC457CBBF2,Neural computing,الحوسبة العصبية,Neural computing,"","",1420,C6F2E677-90AA-407B-9735-8FBDFA294CDD
FE407F0A-AC8D-404F-8969-77BB0F8AF4B4,Neural engineering,الهندسة العصبية,Neural engineering,"","",1421,A4E63C31-2522-498F-A2D1-160A4DE0C61F
067A055C-D870-4760-8095-3D4B0FC40349,Neurological Surgery,جراحة الأعصاب,Neurological Surgery,"","",1422,8E3B4DAF-9BCE-452A-A000-81355FF7FCE3
0BB95668-CCF6-4FF1-88AA-6CC103614971,Neurology Medicine,طب الأعصاب,Neurology Medicine,"","",1423,8E3B4DAF-9BCE-452A-A000-81355FF7FCE3
02848434-846B-4131-9458-CB0F0524AF37,Neuropathology,علم الأمراض العصبية,Neuropathology,"","",1424,14702637-5298-9375-6717-257512837849
076B8B0A-CB27-4A4B-80D8-8DDE0476D53A,Neuropharmacology,علم الأدوية العصبية,Neuropharmacology,"","",1425,14702637-5298-9375-6717-257512837849
F7F13E91-F7A7-4811-B3E8-84A84E15731D,Neuroscience,علم الأعصاب,Neuroscience,"","",1426,A038E0EA-4410-40C2-9FAB-039786715382
0B0F6F87-5E2C-40BE-A961-00910BC441F6,Neuroscience and Education,العلوم العصبية والتعليم,Neuroscience and Education,"","",1427,EF4B99A8-A131-49EB-A044-14B5F227BDC9
883C0970-CD23-47E8-A7F0-6CC7D6E613E0,Northern Irish law,قانون أيرلندا الشمالية,Northern Irish law,"","",1428,57E7370E-497B-4BD3-9E14-CF574151EB6F
0BFA9CC3-FB5D-4BD9-A6ED-2587066B26C8,Norwegian Language,اللغة النرويجية,Norwegian Language,"","",1429,A49540BA-CF94-4C4F-ACBA-2CFF003B6DFA
04FB7291-5CA3-485D-9B45-1FE50AA8A455,Novel and Story Literature,أدب الرواية والقصة,Novel and Story Literature,"","",1430,1B51EA47-B126-41D6-98EC-8DFDD5B54492
D71BEB91-1940-44A4-8E31-F42805719AEB,Nuclear & particle physics,الفيزياء النووية والجسيمية,Nuclear & particle physics,"","",1431,79BED130-E352-4C2F-A2AB-DFC8239151C0
0CD6051A-6645-4C07-9F6A-DD2A0A5657F0,Nuclear and Industrial Radiologic Technologies,تقنيات الأشعة النووية والصناعية,Nuclear and Industrial Radiologic Technologies,"","",1432,1445B371-EACD-45A1-8ACA-2318DF9F9893
07F1C389-EE45-410E-8E10-002C0C2EC031,Nuclear Energy Technology,تكنولوجيا الطاقة النووية,Nuclear Energy Technology,"","",1433,1445B371-EACD-45A1-8ACA-2318DF9F9893
84A50E6A-EB74-475D-83A7-45D0C123AE01,Nuclear engineering,الهندسة النووية,Nuclear engineering,"","",1434,26647CD5-C4EA-4A04-AB6B-CA0CD29794E8
0C3968CF-4AB6-4019-8A6F-A16602105CB6,Nuclear engineering Technology,تكنولوجيا الهندسة النووية,Nuclear engineering Technology,"","",1435,26647CD5-C4EA-4A04-AB6B-CA0CD29794E8
0D5325A4-9850-43F0-BB96-211F0907D432,Nuclear Medical Technology,التكنولوجيا الطبية النووية,Nuclear Medical Technology,"","",1436,14702637-5298-9375-6717-257512837849
0A7BB45B-D1DF-4D9D-8F6E-D7E6091DB64E,Nuclear Medicine,الطب النووي,Nuclear Medicine,"","",1437,A038E0EA-4410-40C2-9FAB-039786715382
0DBB6473-85AF-4539-AEB3-C2DC0E3654CE,NULLotechnology and Regenerative Medicine,تكنولوجيا النانو والطب التجديدي,NULLotechnology and Regenerative Medicine,"","",1438,EF4B99A8-A131-49EB-A044-14B5F227BDC9
54FAA0EE-B528-414F-894A-529C523650B1,Numerical analysis,التحليل العددي,Numerical analysis,"","",1439,FDD8F156-4D12-4C75-8683-57C918C454F1
093F6AB7-01C4-47AE-8666-0FC108C62362,Nurse Anesthesia,تمريض التخدير,Nurse Anesthesia,"","",1440,CE505D71-B5F7-494E-AB4D-BDE190745D96
01C628B9-7724-41A3-A0DA-4939004DC940,Nurse Midwifery,تمريض القبالة,Nurse Midwifery,"","",1441,CE505D71-B5F7-494E-AB4D-BDE190745D96
CE505D71-B5F7-494E-AB4D-BDE190745D96,Nursing,تمريض,Nursing,"","",1442,
BF1379B5-84CD-45CD-B954-D7632BB1564E,Nursing,تمريض,Nursing,"","",1443,CE505D71-B5F7-494E-AB4D-BDE190745D96
0D11A67E-D315-429C-8AFC-A5750A3785CA,Nursing Administration,إدارة التمريض,Nursing Administration,"","",1444,14702637-5298-9375-6717-257512837849
E1A5C391-DBA7-4699-991A-BB694B098B78,Nutrition,تَغذِيَة,Nutrition,"","",1447,
CCE43DF1-BAE5-4059-B47C-0356D86BED4C,Nutrition,تَغذِيَة,Nutrition,"","",1448,E1A5C391-DBA7-4699-991A-BB694B098B78
F963CB55-A36C-4178-ADA8-CA412FBE0A60,Object-oriented programming,البرمجة الشيئية,Object-oriented programming,"","",1449,92B1806A-2E2D-421A-92DB-344E1CA3E34A
4CA330CA-8398-4B40-A439-32AB4E45803B,Obstetrics and Gynaecology,أمراض النساء والتوليد,Obstetrics and Gynaecology,"","",1450,8E3B4DAF-9BCE-452A-A000-81355FF7FCE3
74D6C561-57D4-44F7-A22D-635783D52820,Occupational health,الصحة المهنية,Occupational health,"","",1451,E35FB37B-2402-4603-9776-33D0D4848B9B
04217F40-A624-465F-9FB3-2D6E00ACD894,Occupational health and safety and the environment,صحة وسلامة مهنية وبيئية,Occupational health and safety and the environment,"","",1452,53068239-3437-9508-3860-820022132875
C8900519-DF8C-4A95-940A-8AC936C65E3F,Occupational psychology,علم النفس المهني,Occupational psychology,"","",1454,0BA9E910-CF12-4040-B5FC-6D18F9A6D765
046078FB-22FB-453A-8891-F5CA0EFE810F,Occupational Safety and Health Technology,تكنولوجيا السلامة والصحة المهنية,Occupational Safety and Health Technology,"","",1455,72039078-5123-8018-7821-976435904294
E81C00DC-59EE-4A27-BD68-5A37A6C8637E,Occupational therapy,العلاج المهني,Occupational therapy,"","",1456,E35FB37B-2402-4603-9776-33D0D4848B9B
E2E3933A-5B01-4D4F-BA89-EA23F1E0F065,Ocean circulation,الدورة المحيطية,Ocean circulation,"","",1457,F0D691B4-D2C4-433E-A45D-BAF5B1D1A9AE
0C602F7C-12E7-4A6C-B18B-33D104698D74,Ocean Engineering,هندسة المحيطات,Ocean Engineering,"","",1458,EF4B99A8-A131-49EB-A044-14B5F227BDC9
49116163-1ACE-4DF9-8DD5-81AEEB554F35,Ocean sciences,علوم المحيطات,Ocean sciences,"","",1459,F0D691B4-D2C4-433E-A45D-BAF5B1D1A9AE
2BD1C07C-3E87-4E54-BB0B-55FBA9F0BDB5,Oceanographic survey & monitoring,المسح والرصد الأوقيانوغرافي,Oceanographic survey & monitoring,"","",1460,F0D691B4-D2C4-433E-A45D-BAF5B1D1A9AE
C7934D2C-9294-4A52-91C7-07CC7F33625A,Office administration,إدارة المكتب,Office administration,"","",1461,E9281E81-96F0-474B-B6D4-9F264FC2FC72
5C6D0BAF-EC29-47D4-ACD5-B16C6F2E3068,Office machinery maintenance,صيانة الآلات المكتبية,Office machinery maintenance,"","",1462,1445B371-EACD-45A1-8ACA-2318DF9F9893
E9281E81-96F0-474B-B6D4-9F264FC2FC72,Office skills,مهارات مكتبية,Office skills,"","",1463,
52B12A6C-2399-445F-A913-04F82F910951,Office skills,مهارات مكتبية,Office skills,"","",1464,E9281E81-96F0-474B-B6D4-9F264FC2FC72
C2A9C31D-28E5-4AE4-B644-860E30329923,Offset lithography,الطباعة الحجرية الأوفست,Offset lithography,"","",1465,DB3CECA1-2BA6-41B7-9A3E-D89D368AE44F
C17B00E9-617D-423E-834D-805122BD47FB,Offshore engineering,الهندسة البحرية,Offshore engineering,"","",1466,5DB7DE56-F67A-48CD-9089-46FB4E84D197
0512E19D-45C0-4CAA-911E-D2B70AD212F8,Oil and Gas Safety Engineering,هندسة سلامة النفط والغاز,Oil and Gas Safety Engineering,"","",1467,EF4B99A8-A131-49EB-A044-14B5F227BDC9
84121CE8-8C05-4EEE-BCC2-24D43406A1DF,Older people nursing,تمريض كبار السن,Older people nursing,"","",1468,CE505D71-B5F7-494E-AB4D-BDE190745D96
5357FBCB-BF46-4324-95C1-B7CEDFAA7D09,Oligarchy,الأوليغارشية,Oligarchy,"","",1469,C3022B9C-4CFB-4E3E-AFE6-897C73A1036E
050C3C17-0F3F-41A4-A0B5-4B60042DF47F,Oncology,طب الأورام,Oncology,"","",1470,8E3B4DAF-9BCE-452A-A000-81355FF7FCE3
182AFD3B-572B-47C7-9F58-1728B49B3688,Opera,الأوبرا,Opera,"","",1471,EABC0146-B80D-473D-AB47-623C38EC444B
CB726B1F-E158-460C-83D6-67A22C7AC1FC,Operating systems,أنظمة التشغيل,Operating systems,"","",1472,46364BE2-BEB2-4B59-B263-23D8CA421126
DCB8B273-9CB0-481D-87CF-777BEB7E434F,Operational research,البحوث التشغيلية,Operational research,"","",1473,
7BDB75FD-7037-443F-A626-5855450AF512,Operational research,البحوث التشغيلية,Operational research,"","",1474,DCB8B273-9CB0-481D-87CF-777BEB7E434F
0A2EBA38-B64D-4A9D-A080-F91501055EA6,Operations Management and Supervision,إدارة العمليات والإشراف,Operations Management and Supervision,"","",1475,6075F702-3633-401F-9F28-5B4C802FA648
812031F3-25A5-4F12-ACB7-D850D8E73358,Ophthalmics,طب العيون,Ophthalmics,"","",1476,
67CBFCE8-0A3B-4B84-A2D4-516D19BCCA16,Ophthalmics,طب العيون,Ophthalmics,"","",1477,812031F3-25A5-4F12-ACB7-D850D8E73358
269B681D-26C4-4961-9D57-F6FEAAFB1FCD,Optical engineering,الهندسة البصرية,Optical engineering,"","",1478,5E0CFB10-3F40-44DE-BB4B-DBCCEF779F34
56214A88-61FE-4F03-8B16-FEFC65CF00C3,Optical physics,الفيزياء البصرية,Optical physics,"","",1479,79BED130-E352-4C2F-A2AB-DFC8239151C0
A2CAB9BD-A65C-46C9-9D00-9C8C04E38BE5,Optoelectronic engineering,الهندسة الإلكترونية الضوئية,Optoelectronic engineering,"","",1480,5E0CFB10-3F40-44DE-BB4B-DBCCEF779F34
3A412B9B-C681-4184-ADD1-ADCAA8057679,Optometry,قياس البصر,Optometry,"","",1481,812031F3-25A5-4F12-ACB7-D850D8E73358
0EC77F12-9F88-43AC-B0A2-88940293D3C1,Oral and Maxillofacial Surgery,جراحة الفم والوجه والفكين,Oral and Maxillofacial Surgery,"","",1482,8E3B4DAF-9BCE-452A-A000-81355FF7FCE3
41B7B6C7-96A2-4738-93AD-8FC8F3A54970,"Oral history, heritage & genealogy",التاريخ الشفهي والتراث وعلم الأنساب,"Oral history, heritage & genealogy","","",1483,A158CEFA-5D2C-46EF-BC48-12DE95A564AE
0B681A66-4083-4F31-9E45-B4140712FD49,Oral Medicine,طب الفم,Oral Medicine,"","",1484,A038E0EA-4410-40C2-9FAB-039786715382
0AD5B2CA-6B14-48A6-91F2-0D1B0BFE4871,Oral Pathology,علم أمراض الفم,Oral Pathology,"","",1485,A038E0EA-4410-40C2-9FAB-039786715382
9CAAD005-962E-4956-95E3-A6BECBAAB042,Organic arable & fruit farming,الزراعة العضوية للزراعة والفواكه,Organic arable & fruit farming,"","",1486,9D89556F-9EE5-4D31-9883-6A16F8EF09DE
5F38E612-41A2-4948-8755-E9065CD0F022,Organic chemistry,الكيمياء العضوية,Organic chemistry,"","",1487,B1BDE659-5A76-41D5-A0C6-4A2FB34444A2
8C8B1910-D368-4061-B227-D8A9F9796399,Organic farming,الزراعة العضوية,Organic farming,"","",1488,9D89556F-9EE5-4D31-9883-6A16F8EF09DE
567404FB-5A43-4F51-8F4C-FF397395C507,Organic fish farming,تربية الأسماك العضوية,Organic fish farming,"","",1489,9D89556F-9EE5-4D31-9883-6A16F8EF09DE
25D0182B-61D2-47C4-A6BF-6A3030EEA3A9,Organic forestry,الغابات العضوية,Organic forestry,"","",1490,820CF2C6-3F0D-48EE-B176-4F5B6267053B
B5703812-11D9-45F1-A553-AF7BAE1B39B0,Organic livestock,الماشية العضوية,Organic livestock,"","",1491,9D89556F-9EE5-4D31-9883-6A16F8EF09DE
93121348-97CD-4084-A6A1-1E00538FCFC7,Organisational development,التطوير التنظيمي,Organisational development,"","",1492,6075F702-3633-401F-9F28-5B4C802FA648
856AF83E-685A-4045-96E1-5CD03ABED277,Organisational psychology,علم النفس التنظيمي,Organisational psychology,"","",1493,0BA9E910-CF12-4040-B5FC-6D18F9A6D765
928B1FE7-030C-4CC2-9C8C-95532EBA470B,Organometallic chemistry,الكيمياء العضوية المعدنية,Organometallic chemistry,"","",1494,B1BDE659-5A76-41D5-A0C6-4A2FB34444A2
ADD337FF-4E3E-495C-977F-17119AC6462E,Origami,اوريغامي,Origami,"","",1495,7695196F-70D0-4244-9B41-DD496FF40793
5CF2CA6A-2900-4A67-92F3-C18C0FDEC326,Ornamental fish,أسماك الزينة,Ornamental fish,"","",1496,9D89556F-9EE5-4D31-9883-6A16F8EF09DE
0C58C041-32C6-4521-ADB4-CEB8075E1283,Orthopedic Surgery,جراحة العظام,Orthopedic Surgery,"","",1497,8E3B4DAF-9BCE-452A-A000-81355FF7FCE3
0FC175E0-AC4E-428C-94FE-54210C285220,Orthopedic Surgery of the Spine,جراحة عظام العمود الفقري,Orthopedic Surgery of the Spine,"","",1498,8E3B4DAF-9BCE-452A-A000-81355FF7FCE3
E9A11623-A2C4-4566-B6EC-8DB8FB918BAE,Orthoptics,تقويم العظام,Orthoptics,"","",1499,812031F3-25A5-4F12-ACB7-D850D8E73358
E2E704E4-3791-4A57-A649-88521FB7BE3B,Osteopathy,العظام,Osteopathy,"","",1500,B2B987EF-278C-4E27-AC79-6AAD152BF4DF
D834585E-3BD7-4972-BE05-E5A547AC0DCC,Other Asian studies,دراسات آسيوية أخرى,Other Asian studies,"","",1501,42572058-C798-4E0F-A9D2-58E3B2926C85
FA47FBE8-D331-427A-97DB-DC122FCD9BDA,Others in Biological Sciences,آخرون في العلوم البيولوجية,Others in Biological Sciences,"","",1502,
F0986833-4BE7-4B76-91B6-356BDA766CE1,Others in Engineering,وآخرون في الهندسة,Others in Engineering,"","",1503,
E35FB37B-2402-4603-9776-33D0D4848B9B,Others in subjects allied to medicine,وآخرون في مواضيع مرتبطة بالطب,Others in subjects allied to medicine,"","",1504,
1445B371-EACD-45A1-8ACA-2318DF9F9893,Others in technology,وآخرون في التكنولوجيا,Others in technology,"","",1505,
046E422E-7756-4DF4-94F0-A6710E2D2844,Otorhinolaryngology,أنف وأذن وحنجرة,Otorhinolaryngology,"","",1506,8E3B4DAF-9BCE-452A-A000-81355FF7FCE3
EEB60F02-E213-4409-90A6-927AD1E967B0,Overseas veterinary development,التنمية البيطرية في الخارج,Overseas veterinary development,"","",1507,44AF3AB9-7B6D-4DB3-BC97-5655FA0FC007
026FC6C1-4F9F-46BB-B390-FC900A908851,Pacific Area Studies,دراسة المحيط الهادئ,Pacific Area Studies,"","",1508,97EA1354-7504-4C00-B170-E993193B678E
72A39384-515C-4843-8766-6F5FA08EABAF,Paediatrics,طب الأطفال,Paediatrics,"","",1509,8E3B4DAF-9BCE-452A-A000-81355FF7FCE3
3713D2A9-1A5F-4948-B4ED-87C6443EDAA7,Painting,تلوين,Painting,"","",1510,8947863D-C8BC-4697-A114-8918F4241B58
4750A4FF-9EC1-406C-9CAA-5EC7A0B70C66,Painting and Printing,الرسم والطباعة,Painting and Printing,"","",1511,98726A46-0BA8-437A-AA93-EEA10F29C04F
0E15FE7D-3844-4F96-9B5A-1EB40AE2B0A3,painting and printing ,الطلاء والطباعة,painting and printing ,"","",1512,56463547-1778-6080-6803-396575136009
0A490105-8DB6-462F-887D-0A110EE6243E,Painting and Printmaking,الرسم والتلوين,Painting and Printmaking,"","",1513,56463547-1778-6080-6803-396575136009
0C5E728E-5887-48C0-8AFB-F79F0BE07B5C,painting and printmaking ,الطلاء والطباعة,painting and printmaking ,"","",1514,8947863D-C8BC-4697-A114-8918F4241B58
0244DC3F-6385-487C-B343-75840CFA8CE6,Pakistani Law,القانون الباكستاني,Pakistani Law,"","",1515,57E7370E-497B-4BD3-9E14-CF574151EB6F
5A66B746-D7E3-442E-8CB4-35C8D96CDE60,Palaeontology,علم الحفريات,Palaeontology,"","",1516,3A626880-24E5-4381-96E7-BFC68C0637E9
B436968E-1A25-4922-9059-13E068ADA908,Palliative care nursing,تمريض الرعاية التلطيفية,Palliative care nursing,"","",1517,CE505D71-B5F7-494E-AB4D-BDE190745D96
C6226645-5268-4B6D-B5E7-AC9951B83658,Paper crafts,الحرف الورقية,Paper crafts,"","",1518,7695196F-70D0-4244-9B41-DD496FF40793
3DD16D9B-BDE5-4DB9-B4F1-7CC9DA1526BA,Paper technology,تكنولوجيا الورق,Paper technology,"","",1519,DB3CECA1-2BA6-41B7-9A3E-D89D368AE44F
CCA4CC71-BC24-4670-A287-3EF248589EA1,Paper-based media studies,الدراسات الإعلامية الورقية,Paper-based media studies,"","",1520,56ABF249-06C6-4AC0-91F3-E2586E3E3C0E
2478B5F8-0AF3-4C43-ADEB-08F48F7E39A5,Parallel computing,الحوسبة المتوازية,Parallel computing,"","",1521,46364BE2-BEB2-4B59-B263-23D8CA421126
EA7DCD25-8D67-4B27-AD44-F0E2B20F14C8,Paramedical science,العلوم شبه الطبية,Paramedical science,"","",1522,E35FB37B-2402-4603-9776-33D0D4848B9B
A5150CC0-7216-4A24-B767-824EEEE51FFE,Parasitology,علم الطفيليات,Parasitology,"","",1523,BAE3B5D3-F58F-4607-A5FB-49ABD245282E
89F71ACF-0757-4FE6-B620-A9A95598CA50,Parental Education Programs,برامج تعليم الوالدين,Parental Education Programs,"","",1524,927C60FE-2C0B-45F1-ACA4-06CD3A5D7EB7
092D5EE0-67F9-49A7-AB6D-8C4F0F1A62C7,"Parks, Recreation and Leisure Facilities Management",إدارة الحدائق والترفيه والمرافق الترفيهية,"Parks, Recreation and Leisure Facilities Management","","",1525,6075F702-3633-401F-9F28-5B4C802FA648
03B263B1-D110-4F3F-8D40-F0890F8BDB55,Parts and Warehousing Operations and MainteNULLce Technology,تقنية عمليات وصيانة قطع الغيار والمخازن,Parts and Warehousing Operations and MainteNULLce Technology,"","",1526,53068239-3437-9508-3860-820022132875
0E94E26B-07CA-401A-AF1C-97760C0FE654,"Parts, Warehousing, and Inventory Management Operations",عمليات إدارة قطع الغيار والتخزين والمخزون,"Parts, Warehousing, and Inventory Management Operations","","",1527,6075F702-3633-401F-9F28-5B4C802FA648
80D1B14B-C650-4B57-BA20-88C599F2C592,Pathobiology,علم الأحياء المرضي,Pathobiology,"","",1528,A038E0EA-4410-40C2-9FAB-039786715382
9EEAB88B-43D3-4F51-B68E-3D62EBCDF8C9,Pathology,علم الأمراض,Pathology,"","",1529,A038E0EA-4410-40C2-9FAB-039786715382
844CF4EB-BC7B-4B57-B7AC-9ACE74C64255,Pattern cutting,قطع النمط,Pattern cutting,"","",1530,DA4B5B54-4E28-4E3C-94BF-4971F5FC955F
AF0DEA6B-FDC4-496F-B00F-BE213FF71B5F,Pattern making,صنع النمط,Pattern making,"","",1531,9ADB06D0-05C3-4C11-9CC1-41ABE36205E7
FBCDA86F-27E9-45F3-A92B-571BA87E17E1,Pavement engineering,هندسة الرصف,Pavement engineering,"","",1532,57DEE9CC-7922-460E-8A7C-BED321E792D7
0511F281-3667-4D31-B720-2A54000FAF0A,Peace Studies and Conflict Resolution,دراسات السلام وحل النزاعات,Peace Studies and Conflict Resolution,"","",1533,53068239-3437-9508-3860-820022132875
08FC2DA1-1F94-446F-B45B-714005CD8DFF,Pediatric Cardiology,طب القلب للأطفال,Pediatric Cardiology,"","",1534,8E3B4DAF-9BCE-452A-A000-81355FF7FCE3
0CD3ABAC-2525-4398-9A06-66F30AECDEB1,Pediatric Endocrinology,طب الغدد الصماء للأطفال,Pediatric Endocrinology,"","",1535,8E3B4DAF-9BCE-452A-A000-81355FF7FCE3
0DA12E4C-0BDB-44D4-B908-C47B0D8977DF,Pediatric Hemato-Oncology,طب الدم والأورام للأطفال,Pediatric Hemato-Oncology,"","",1536,8E3B4DAF-9BCE-452A-A000-81355FF7FCE3
09C29947-E44D-4843-94BE-9FB208A4A0B7,Pediatric Nephrology,طب الكلى للأطفال,Pediatric Nephrology,"","",1537,8E3B4DAF-9BCE-452A-A000-81355FF7FCE3
06CDD5CE-348F-4C01-9A61-EB2505485032,Pediatric Nursing,تمريض الأطفال,Pediatric Nursing,"","",1538,CE505D71-B5F7-494E-AB4D-BDE190745D96
0AE466F3-8BB6-4026-AA12-A2400D68A18A,Pediatric Orthopedics,جراحة عظام الأطفال,Pediatric Orthopedics,"","",1539,8E3B4DAF-9BCE-452A-A000-81355FF7FCE3
0535DA64-D07A-4ECF-871C-1AA60F6AD285,Pediatric Surgery,جراحة الأطفال,Pediatric Surgery,"","",1540,8E3B4DAF-9BCE-452A-A000-81355FF7FCE3
0C818002-A917-45D9-9AD9-EE4B08888B4E,Pediatric Urology,طب المسالك البولية للأطفال,Pediatric Urology,"","",1541,8E3B4DAF-9BCE-452A-A000-81355FF7FCE3
046CEC48-15E2-491A-B610-38F409631EBF,Pedodontics Specialty,طب أسنان الأطفال,Pedodontics Specialty,"","",1542,8E3B4DAF-9BCE-452A-A000-81355FF7FCE3
E29D177D-38B6-4CC5-8A62-2CCD55F01BB1,Performance & live arts,الأداء والفنون الحية,Performance & live arts,"","",1543,27F76109-CE90-4F0B-A56C-AE5943612575
5855AEA6-79D6-48D4-9E64-E89CBD329F40,Permanent way engineering,هندسة الطرق الدائمة,Permanent way engineering,"","",1544,57DEE9CC-7922-460E-8A7C-BED321E792D7
08CAA45C-76F5-4760-A1B1-7C620BE4BC2E,Persian Language,اللغة الفارسية,Persian Language,"","",1545,A49540BA-CF94-4C4F-ACBA-2CFF003B6DFA
F83F033D-85F2-4002-B202-0E2D9F31247B,Personality & individual differences,الشخصية والفروق الفردية,Personality & individual differences,"","",1546,0BA9E910-CF12-4040-B5FC-6D18F9A6D765
964BAE30-CDA0-4257-A3B4-22A229AF7D3E,Petrochemical chemistry,كيمياء البتروكيماويات,Petrochemical chemistry,"","",1547,B1BDE659-5A76-41D5-A0C6-4A2FB34444A2
B0EBD050-4C81-4400-98B7-67B27BFF773D,Petrochemical technology,تكنولوجيا البتروكيماويات,Petrochemical technology,"","",1548,ABD5340D-2F60-4C2A-ADBF-13D43BE28E62
013A8FDD-6C3C-4BB6-AB26-91BE0ED6B811,Petroleum Economics & Management,اقتصاديات البترول وإدارتها,Petroleum Economics & Management,"","",1549,53068239-3437-9508-3860-820022132875
4F8AE0AE-3A72-40F4-AC1C-F4ABD7C38779,Petroleum engineering,هندسة البترول,Petroleum engineering,"","",1550,26647CD5-C4EA-4A04-AB6B-CA0CD29794E8
037DD83D-D288-4062-883E-C012062F2898,Petroleum Geoscience,علوم الأرض البترولية,Petroleum Geoscience,"","",1551,EF4B99A8-A131-49EB-A044-14B5F227BDC9
E96FB0A6-B0DA-40AA-8709-60B771449872,Pharmaceutical chemistry,الكيمياء الصيدلانية,Pharmaceutical chemistry,"","",1552,B1BDE659-5A76-41D5-A0C6-4A2FB34444A2
37C577BA-569F-49D1-A155-7A04972FB187,Pharmaceutical engineering,الهندسة الصيدلانية,Pharmaceutical engineering,"","",1553,26647CD5-C4EA-4A04-AB6B-CA0CD29794E8
0D79AA61-3BC0-4846-BAD6-3D2F0B212BBA,Pharmacological and pharmaceutical economics,الاقتصاد الدوائي والصيدلاني,Pharmacological and pharmaceutical economics,"","",1556,14702637-5298-9375-6717-257512837849
F1A1470E-79AB-47EF-AE7B-D9C04F6943EA,Pharmacology,علم الصيدلة,Pharmacology,"","",1557,252C93BF-180D-4330-BEA8-453317B03A4B
0A022099-30D9-4406-A17C-413701F7844A,Pharmacology and drug design,الصيدلة وتصميم الدواء,Pharmacology and drug design,"","",1558,EF4B99A8-A131-49EB-A044-14B5F227BDC9
0FE735D9-C011-490B-8B54-DA8C06BC6C9C,Pharmacology and Toxicology,علم الأدوية وعلم السموم,Pharmacology and Toxicology,"","",1559,252C93BF-180D-4330-BEA8-453317B03A4B
E636304B-77D0-4F52-920B-84954DCE8CCF,"Pharmacology, toxicology & pharmacy",الصيدلة وعلم السموم والصيدلة,"Pharmacology, toxicology & pharmacy","","",1560,252C93BF-180D-4330-BEA8-453317B03A4B
252C93BF-180D-4330-BEA8-453317B03A4B,"Pharmacology, toxicology & pharmacy",الصيدلة وعلم السموم والصيدلة,"Pharmacology, toxicology & pharmacy","","",1561,
4C9575FE-F8CF-4E0E-9670-BC79FAA71BAE,Pharmacy,صيدلية,Pharmacy,"","",1562,252C93BF-180D-4330-BEA8-453317B03A4B
09A507F9-21BF-438E-9B33-D7B40FD05AF8,Pharmacy Administration and Pharmacy Policy and Regulatory Affairs,إدارة الصيدلة وسياسة الصيدلة والشؤون التنظيمية,Pharmacy Administration and Pharmacy Policy and Regulatory Affairs,"","",1563,14702637-5298-9375-6717-257512837849
0EC167FC-532A-4A70-BAF6-D3BC09B02A91,Pharmacy Assistant,مساعد صيدلة,Pharmacy Assistant,"","",1564,252C93BF-180D-4330-BEA8-453317B03A4B
02C04C08-55D8-486E-8D1A-AD7C01EE759F,"Pharmacy, Pharmaceutical Sciences, and Administration",الصيدلة والعلوم الصيدلانية والإدارة,"Pharmacy, Pharmaceutical Sciences, and Administration","","",1565,14702637-5298-9375-6717-257512837849
F538BB2D-ED4A-40F3-A772-869C493CEF4C,Philosophy,فلسفة,Philosophy,"","",1566,AF7BBC76-E253-457C-931F-1E6AD491DE55
AF7BBC76-E253-457C-931F-1E6AD491DE55,Philosophy,فلسفة,Philosophy,"","",1567,
0C05E355-F729-4882-AD70-953B03A9569B,Philosophy in Computer Science,الفلسفة في علوم الحاسب,Philosophy in Computer Science,"","",1568,EF4B99A8-A131-49EB-A044-14B5F227BDC9
4E007365-F63A-4C6E-B870-BF586CAEB010,Philosophy of psychology,فلسفة علم النفس,Philosophy of psychology,"","",1569,0BA9E910-CF12-4040-B5FC-6D18F9A6D765
B41E164D-4246-45DB-8AFF-F2A44D4DEF55,Philosophy of science,فلسفة العلم,Philosophy of science,"","",1570,AF7BBC76-E253-457C-931F-1E6AD491DE55
0C04AB61-1A06-4653-8F6F-2FFB06AA9C3A,"Philosophy, Politics and Economics",الفلسفة والسياسة والاقتصاد,"Philosophy, Politics and Economics","","",1571,AF7BBC76-E253-457C-931F-1E6AD491DE55
DF629FC3-B178-49A2-8A21-177DCCFCB8F5,Phonetics & phonology,الصوتيات وعلم الأصوات,Phonetics & phonology,"","",1572,A49540BA-CF94-4C4F-ACBA-2CFF003B6DFA
097BE0A9-C61D-479A-B3F4-30ECAC45DEB0,Phonology,علم الأصوات,Phonology,"","",1573,A49540BA-CF94-4C4F-ACBA-2CFF003B6DFA
01385C9F-ACCC-4C95-9E54-291507EA7D8B,Photographic and Film/Video Technology,تقنية التصوير والفيلم/الفيديو,Photographic and Film/Video Technology,"","",1574,56ABF249-06C6-4AC0-91F3-E2586E3E3C0E
B21C8A8E-BDA5-46AC-B0AC-BF084CBD7AF5,Photography,التصوير الفوتوغرافي,Photography,"","",1575,6569B223-81EB-4A45-B60D-7875E6019300
66E60FA4-39EC-40AB-AE68-CE977A11A9B9,Photo-lithography,الطباعة الحجرية,Photo-lithography,"","",1576,DB3CECA1-2BA6-41B7-9A3E-D89D368AE44F
0B94B78A-F1F0-4050-B6C9-22FF06B8FBFC,Photvoltaics and solar energy,الطاقة الكهروضوئية والطاقة الشمسية,Photvoltaics and solar energy,"","",1577,1445B371-EACD-45A1-8ACA-2318DF9F9893
0CE7D3B8-64D9-485D-900B-8B97CC44736A,Physical & biological anthropology,الأنثروبولوجيا الفيزيائية والبيولوجية,Physical & biological anthropology,"","",1578,DDFBE911-31BD-4240-984F-282B08516D24
15875BBF-4A64-472A-B709-ECCE9B033AE3,Physical chemistry,الكيمياء الفيزيائية,Physical chemistry,"","",1579,B1BDE659-5A76-41D5-A0C6-4A2FB34444A2
01AAE63C-14F5-472F-950B-437909B14187,Physical Education,تربية بدنية,Physical Education,"","",1580,6CB67E60-E96A-4EF1-85E6-FBFDCA9460E9
A565B2D4-44FD-42E8-B7AE-CA5E82A64AAB,Physical geographical sciences,العلوم الجغرافية الفيزيائية,Physical geographical sciences,"","",1581,
E78FB1AB-0855-4272-A7D2-C5FF50C9B4BC,Physical geographical sciences,العلوم الجغرافية الفيزيائية,Physical geographical sciences,"","",1582,A565B2D4-44FD-42E8-B7AE-CA5E82A64AAB
8E4CC204-F126-4323-B65A-7E22B288E647,Physical geography,الجغرافيا الطبيعية,Physical geography,"","",1583,A565B2D4-44FD-42E8-B7AE-CA5E82A64AAB
0B23BA07-FC94-4FB0-A84A-A29D0FD11365,Physical science and architecture ,العلوم الفيزيائية والعمارة,Physical science and architecture ,"","",1584,EF4B99A8-A131-49EB-A044-14B5F227BDC9
0DEBD6CE-0229-415B-8961-58410EB3768C,Physical Science Technician,فني العلوم الفيزيائية,Physical Science Technician,"","",1585,79BED130-E352-4C2F-A2AB-DFC8239151C0
5DE75188-C7CF-4C73-AB6B-81B4CB1E0FEA,Physician assistant studies,دراسات مساعد الطبيب,Physician assistant studies,"","",1586,E35FB37B-2402-4603-9776-33D0D4848B9B
4196495B-1C31-4F51-B52D-017B130ABA91,Physics,الفيزياء,Physics,"","",1587,79BED130-E352-4C2F-A2AB-DFC8239151C0
79BED130-E352-4C2F-A2AB-DFC8239151C0,Physics,الفيزياء,Physics,"","",1588,
013007EE-8D4E-4973-A55F-0C040D4AD410,Physics and Astronomy,الفيزياء وعلم الفلك,Physics and Astronomy,"","",1589,EF4B99A8-A131-49EB-A044-14B5F227BDC9
D84220A0-D71B-45FD-BA03-7E6F2B23FF47,Physiology,علم وظائف الأعضاء,Physiology,"","",1590,A038E0EA-4410-40C2-9FAB-039786715382
01B81519-5EE9-49C1-BC99-812F09CD54F9,Physiology of Fitness Training,فسيولوجيا تدريب اللياقة البدنية ,Physiology of Fitness Training,"","",1591,8EEFC790-92F6-4472-94B8-8F02D0F07688
77D4BB99-F414-4B96-BB2B-AE3494B42FB5,Physiotherapy,العلاج الطبيعي,Physiotherapy,"","",1593,A038E0EA-4410-40C2-9FAB-039786715382
09B3E3CC-8303-4E0F-A486-283402134414,Physiotherapy and rehabilitation,العلاج الطبيعي وإعادة التأهيل,Physiotherapy and rehabilitation,"","",1594,A038E0EA-4410-40C2-9FAB-039786715382
26D457EA-25A2-478E-ABEA-7C7C04403500,Planetary science,علم الكواكب,Planetary science,"","",1595,2E16E0DA-608E-4B96-B9D7-B000923DF19C
7520D603-C251-4A21-8A0C-1FDEA6D666C2,"Planning (urban, rural & regional)",التخطيط (الحضري والريفي والإقليمي),"Planning (urban, rural & regional)","","",1596,
C0DE58FB-D9E9-4CC6-948B-E6DB9F01E9CC,"Planning (urban, rural & regional)",التخطيط (الحضري والريفي والإقليمي),"Planning (urban, rural & regional)","","",1597,7520D603-C251-4A21-8A0C-1FDEA6D666C2
0396392E-F225-4E7D-942E-75EA0415520C,Planning and designing museum exhibitions,تخطيط وتصميم المعارض المتحفية,Planning and designing museum exhibitions,"","",1599,FC71437F-9178-4500-8DD9-4D416565B168
06CF028E-FAC7-4F7F-BC2A-C80A07B00EEF,Planning and Quality Engineering,هندسة التخطيط والجودة,Planning and Quality Engineering,"","",1600,F0986833-4BE7-4B76-91B6-356BDA766CE1
37B2B31E-BE86-4FA3-B720-1617111E1B07,Planning studies,دراسات التخطيط,Planning studies,"","",1601,7520D603-C251-4A21-8A0C-1FDEA6D666C2
CA4C33F7-C790-4DE5-A884-CEC384F71DB6,Plant biochemistry,الكيمياء الحيوية النباتية,Plant biochemistry,"","",1602,D697718A-D4C8-4388-9FFD-CEEFEF2C9572
EE996F60-BDD4-4204-A06A-4680F6F993B7,Plant biotechnology,التكنولوجيا الحيوية النباتية,Plant biotechnology,"","",1603,114C82E2-3F3A-4B10-97B8-7EFFD801A55F
459960B4-3C23-4022-BDEF-138BA0EDDBB8,"Plant biotechnology (crops, trees, shrubs etc.)",التكنولوجيا الحيوية النباتية (المحاصيل والأشجار والشجيرات وغيرها),"Plant biotechnology (crops, trees, shrubs etc.)","","",1604,A307014E-4A8E-4468-9DFE-8A70904F8FC1
71BEA3D7-6C02-44A1-B406-AB24678F023E,Plant cell science,علم الخلايا النباتية,Plant cell science,"","",1605,114C82E2-3F3A-4B10-97B8-7EFFD801A55F
054ED712-F4C8-4EE9-8C02-16C10E7949EC,Plant Genetics,علم الوراثة النباتية,Plant Genetics,"","",1606,52BC99F6-76CC-4C90-9A98-4603E9DF2FF1
0B461097-9E86-43EC-85A7-B46D01A8D7E2,Plant Nursery Operations and Management,عمليات وإدارة مشتل النبات,Plant Nursery Operations and Management,"","",1607,53068239-3437-9508-3860-820022132875
702BE68D-9215-4CEB-9CEB-2034F9EBA7A8,Plant pathology,أمراض النبات,Plant pathology,"","",1608,114C82E2-3F3A-4B10-97B8-7EFFD801A55F
2F84EA3B-5CB0-45FA-BE95-796EB3B64B37,Plant physiology,فسيولوجيا النبات,Plant physiology,"","",1609,114C82E2-3F3A-4B10-97B8-7EFFD801A55F
0CE4B297-C3B8-4C5B-BB42-EE5B00F9CF83,Plastic Surgery,الجراحة التجميلية,Plastic Surgery,"","",1610,8E3B4DAF-9BCE-452A-A000-81355FF7FCE3
ED9F8349-CD21-43B0-84A1-A8C066BF5F2C,Plastics,البلاستيك,Plastics,"","",1611,DA4B5B54-4E28-4E3C-94BF-4971F5FC955F
F035F9F7-3852-42BD-952C-B9E952CA0BE4,Plutocracy,البلوتوقراطية,Plutocracy,"","",1612,C3022B9C-4CFB-4E3E-AFE6-897C73A1036E
0D69FDBD-FADE-4552-8A4F-4B2460B358D7,Podiatry,علاج الأرجل,Podiatry,"","",1613,A038E0EA-4410-40C2-9FAB-039786715382
75438D08-2E2D-4E20-9075-D4E0F2122028,Poetry writing,كتابة الشعر,Poetry writing,"","",1614,296095D5-CE94-4C64-A4E1-B47E8C24BCED
0575502D-B339-474E-84E3-0DE00699702C,"Policy, Planning and Development",السياسات والتخطيط والتنمية,"Policy, Planning and Development","","",1615,7520D603-C251-4A21-8A0C-1FDEA6D666C2
0EED6730-0FAD-4325-A8EB-04110C4E5779,Polish Language,اللغة البولندية,Polish Language,"","",1616,A49540BA-CF94-4C4F-ACBA-2CFF003B6DFA
0804820D-AFAD-49D6-A8B4-5CE607425C05,Political Communications,الاتصالات السياسية,Political Communications,"","",1617,56463547-1778-6080-6803-396575136009
AA47421E-FBAB-4D85-A282-9AD36BB37E81,Political economics,الاقتصاد السياسي,Political economics,"","",1618,1C167EB2-E4A2-45A5-B2BF-085DB83518DA
2D368B51-F04E-4C34-ABE2-6073D510ABCF,Political geography,الجغرافيا السياسية,Political geography,"","",1620,344586BA-A3D0-4075-ACC6-44E7FA38A3C7
0F94D5AE-4F18-42BF-A7EE-C266029571F1,Political Science and Government,العلوم السياسية والحكومة,Political Science and Government,"","",1621,C3022B9C-4CFB-4E3E-AFE6-897C73A1036E
DF8FD11A-C7A6-4E29-8131-187DCB821126,Political sociology,علم الاجتماع السياسي,Political sociology,"","",1622,97EA1354-7504-4C00-B170-E993193B678E
C2068A47-F165-4C68-9652-A5637844961F,Political systems,الأنظمة السياسية,Political systems,"","",1623,C3022B9C-4CFB-4E3E-AFE6-897C73A1036E
F65A37C4-9C04-4827-AC8D-2068740B348F,Political theories,النظريات السياسية,Political theories,"","",1624,C3022B9C-4CFB-4E3E-AFE6-897C73A1036E
C3022B9C-4CFB-4E3E-AFE6-897C73A1036E,Politics,سياسة,Politics,"","",1625,
11D9ED0F-28EF-4986-8287-DBE3600999BB,Politics,سياسة,Politics,"","",1626,C3022B9C-4CFB-4E3E-AFE6-897C73A1036E
58088D56-9EDB-486F-92FF-1DAD8DFFA9F0,Politics of a specific country/region,سياسة بلد/منطقة معينة,Politics of a specific country/region,"","",1627,C3022B9C-4CFB-4E3E-AFE6-897C73A1036E
06FA34C2-03B7-4A56-852E-5BBF05EFE6CE,"Politics, Violence and Crime ",السياسة والعنف والجريمة,"Politics, Violence and Crime ","","",1628,C3022B9C-4CFB-4E3E-AFE6-897C73A1036E
8EF58C75-97C7-4DAC-A8A6-78AE82F3C569,Pollution control,مكافحة التلوث,Pollution control,"","",1629,F0D691B4-D2C4-433E-A45D-BAF5B1D1A9AE
60292203-1DFF-43C1-BC0A-EC3CE61CE077,Polymer chemistry,كيمياء البوليمر,Polymer chemistry,"","",1630,B1BDE659-5A76-41D5-A0C6-4A2FB34444A2
DA4B5B54-4E28-4E3C-94BF-4971F5FC955F,Polymers & textiles,البوليمرات والمنسوجات,Polymers & textiles,"","",1631,
F215315A-B54A-4353-84AE-1B91925D3311,Polymers & textiles,البوليمرات والمنسوجات,Polymers & textiles,"","",1632,DA4B5B54-4E28-4E3C-94BF-4971F5FC955F
84C05AA1-CD0F-41E5-B438-06FA81137448,Polymers technology,تكنولوجيا البوليمرات,Polymers technology,"","",1633,DA4B5B54-4E28-4E3C-94BF-4971F5FC955F
90B298AE-04ED-428A-850E-F8C565CC2EA8,Popular music performance,أداء الموسيقى الشعبية,Popular music performance,"","",1634,EABC0146-B80D-473D-AB47-623C38EC444B
B47DD7C3-7CB1-4490-B0C6-EC2BD5442F4C,Population biology,البيولوجيا السكانية,Population biology,"","",1635,BAE3B5D3-F58F-4607-A5FB-49ABD245282E
F5FE07E3-9146-43E1-AEA0-2F41D61F8A04,Population ecology,البيئة السكانية,Population ecology,"","",1636,BAE3B5D3-F58F-4607-A5FB-49ABD245282E
001D5A45-08D7-49E7-AC2C-FD986146A1AD,Population genetics & evolution,علم الوراثة السكانية والتطور,Population genetics & evolution,"","",1637,52BC99F6-76CC-4C90-9A98-4603E9DF2FF1
0563B1DD-4034-4C0C-ABCE-02440CB5D495,Port Management,إدارة الموانئ,Port Management,"","",1639,3B9B1C75-8FA4-4E7F-894F-A60BE2D46C49
04B92A69-8318-40BB-9F19-557B066D845C,Port Security,أمن الموانئ,Port Security,"","",1640,53068239-3437-9508-3860-820022132875
03CB08B7-4460-42D7-9264-50440682F776,Portuguese Language,اللغة البرتغالية,Portuguese Language,"","",1641,A49540BA-CF94-4C4F-ACBA-2CFF003B6DFA
09C587FE-640C-4CB9-96AE-4FD10130D58E,Portuguese Language,اللغة البرتغالية,Portuguese Language,"","",1642,A49540BA-CF94-4C4F-ACBA-2CFF003B6DFA
9336D924-24F1-497B-99CE-388CF3527C0F,Pottery,الفخار,Pottery,"","",1643,7695196F-70D0-4244-9B41-DD496FF40793
C0D61351-370B-4A1F-BC3D-B29BA0E86DBF,Poultry keeping,تربية الدواجن,Poultry keeping,"","",1644,9D89556F-9EE5-4D31-9883-6A16F8EF09DE
09EB77E4-C6C1-4274-8E09-9C070EE7EBA7,Powerplant/Engines Engineering,هندسة المحركات / المحركات,Powerplant/Engines Engineering,"","",1645,EF4B99A8-A131-49EB-A044-14B5F227BDC9
A0812CC6-5F86-4925-9640-6B706A6A5AB9,Practice nursing,ممارسة التمريض,Practice nursing,"","",1646,CE505D71-B5F7-494E-AB4D-BDE190745D96
0000C709-F86A-4EC5-A3D9-60560B3DCF81,Precision Production Trades,تجارة الإنتاج الدقيقة,Precision Production Trades,"","",1647,17384735-4CF2-48DA-ACA9-18F37FF9CCBC
843F96ED-EEB1-4CE1-AB68-C84AB5C5EA65,Pre-clinical dentistry,طب الأسنان ما قبل السريري,Pre-clinical dentistry,"","",1648,8E3B4DAF-9BCE-452A-A000-81355FF7FCE3
A01964D0-05C2-40DC-9FD2-2BFFC89B17BD,Pre-clinical medicine,الطب ما قبل السريري,Pre-clinical medicine,"","",1649,8E3B4DAF-9BCE-452A-A000-81355FF7FCE3
05C9D4A9-C1E6-46BE-9C99-80E807B257A7,Pre-Law Studies,دراسات ما قبل القانون,Pre-Law Studies,"","",1650,4F74D66E-F94C-4215-8EE6-20D8B2A0D2DE
03F21551-5831-467C-8D31-DD7A0D666619,Pre-Medical Studies,دراسات ما قبل الطب,Pre-Medical Studies,"","",1651,8E3B4DAF-9BCE-452A-A000-81355FF7FCE3
098B3EF9-24DD-4403-9DCB-E2CE059F116A,Pre-Nursing Studies,دراسات ما قبل التمريض,Pre-Nursing Studies,"","",1652,CE505D71-B5F7-494E-AB4D-BDE190745D96
0993C1F3-C90A-446A-89CC-8B6A048A45A5,Pre-Pharmacy Studies,دراسات ما قبل الصيدلة,Pre-Pharmacy Studies,"","",1653,252C93BF-180D-4330-BEA8-453317B03A4B
0CE3DC10-5FC4-4157-AFC5-EFED0661CDB0,Preventive Medicine,الطب الوقائي,Preventive Medicine,"","",1654,8E3B4DAF-9BCE-452A-A000-81355FF7FCE3
0ED066BF-ABC2-4606-81DF-6CB303C07CFB,Pre-Veterinary Studies,الدراسات ما قبل البيطرية,Pre-Veterinary Studies,"","",1655,9BA51219-2070-4110-8E2C-6C01300A10B1
01053627-B8AF-4E4F-BA84-F41904CFC26F,Primary Education: Mathematics and Science,تعليم إبتدائي: رياضيات وعلوم,Primary Education: Mathematics and Science,"","",1656,6CB67E60-E96A-4EF1-85E6-FBFDCA9460E9
012B8550-84D5-4983-AFD1-E6A006E24435,Primary Education: Mathematics and Science,تعليم إبتدائي: لغة عربية,Primary Education: Mathematics and Science,"","",1657,6CB67E60-E96A-4EF1-85E6-FBFDCA9460E9
02712E67-E5D9-4D12-9D90-C8984347AA69,Printmaking,الطباعة,Printmaking,"","",1658,8947863D-C8BC-4697-A114-8918F4241B58
13B77FE8-8C0B-46AF-AD68-6039095A00AF,Private law,القانون الخاص,Private law,"","",1659,4F74D66E-F94C-4215-8EE6-20D8B2A0D2DE
8797A856-2A5C-4BFC-8B20-EE2D3D4738B3,Probability,احتمال,Probability,"","",1660,E0DDB537-F0A8-4F65-88E5-EDE72D109AEC
167BCB91-CC46-4D25-ABE6-6460398EC246,Probation/after-care,الاختبار / الرعاية اللاحقة,Probation/after-care,"","",1661,C73D8BF3-FB18-4B10-931F-26B0B3A7CE2A
2123F8EF-0FBC-4A74-B4DA-29B0D9D2A9A5,Procedural programming,البرمجة الإجرائية,Procedural programming,"","",1662,92B1806A-2E2D-421A-92DB-344E1CA3E34A
BE1B0E2B-61CC-4360-BF47-5B98FFE5E309,Producing for theatre,إنتاج للمسرح,Producing for theatre,"","",1663,27F76109-CE90-4F0B-A56C-AE5943612575
69A96A29-4731-4439-87CF-C15C64D6D163,Producing motion pictures,إنتاج الصور المتحركة,Producing motion pictures,"","",1664,6569B223-81EB-4A45-B60D-7875E6019300
DCE3BC7D-8DCC-4D1B-9025-8CAB4E847E41,Production & manufacturing engineering,هندسة الإنتاج والتصنيع,Production & manufacturing engineering,"","",1665,
0F3A9DF7-5B89-4A0B-9AFD-4273D55FF759,Production & manufacturing engineering,هندسة الإنتاج والتصنيع,Production & manufacturing engineering,"","",1666,DCE3BC7D-8DCC-4D1B-9025-8CAB4E847E41
9AA272DD-D4C1-45FD-8760-B71C0FB3E0C0,Production processes,عمليات الإنتاج,Production processes,"","",1667,DCE3BC7D-8DCC-4D1B-9025-8CAB4E847E41
0B56360C-CF28-4D70-8194-689A0F63B66C,Professional Studies,الدراسات المهنية,Professional Studies,"","",1668,53068239-3437-9508-3860-820022132875
90DE20E9-A35B-4207-B87A-74B971A30447,Programming,برمجة,Programming,"","",1669,92B1806A-2E2D-421A-92DB-344E1CA3E34A
012715B6-9B23-4D8A-9D50-794D0245E551,Programs for Foreign Lawyers,برامج المحامين الأجانب,Programs for Foreign Lawyers,"","",1670,4F74D66E-F94C-4215-8EE6-20D8B2A0D2DE
42C4E9D7-8E9B-4CE5-B2C4-E43F83BE1988,Project management,إدارة المشروع,Project management,"","",1671,6075F702-3633-401F-9F28-5B4C802FA648
0B4C1599-97BD-41D0-B2FB-EBA642C60825,Promotion & advertising,الترويج والإعلان,Promotion & advertising,"","",1672,43817EFA-BADD-419E-8D15-1E388A7AB85F
FE448885-46A1-4033-8EB9-140AFCF510F9,Property development,تطوير العقارات,Property development,"","",1673,48B330C5-9720-4A8F-8C43-E5D0902BD193
CCEEAF2B-7146-48F3-85E6-CD1CB9982976,Property law,قانون الملكية,Property law,"","",1674,4F74D66E-F94C-4215-8EE6-20D8B2A0D2DE
99BF3140-6BF1-401F-AB0A-F31858B9FBF7,Property management,إدارة الممتلكات,Property management,"","",1675,6075F702-3633-401F-9F28-5B4C802FA648
80577A77-F007-4FE7-93B8-C9074D4066BF,Property valuation & auctioneering,تقييم الممتلكات والمزاد العلني,Property valuation & auctioneering,"","",1676,6075F702-3633-401F-9F28-5B4C802FA648
3CA4CE6D-EE8C-4A8E-96EC-4979098128B1,Propulsion systems,أنظمة الدفع,Propulsion systems,"","",1677,413C8F0F-01A1-4339-B3A5-A42C2989B803
0CADCB9E-831C-41A4-B697-5E2D6BE9433D,Prose writing,كتابة النثر,Prose writing,"","",1678,296095D5-CE94-4C64-A4E1-B47E8C24BCED
0EB63047-0CEA-4629-BA7C-4778027923AF,Psychiatry,طب نفسي,Psychiatry,"","",1679,8E3B4DAF-9BCE-452A-A000-81355FF7FCE3
0147C777-53A6-424D-B29B-60F10CC1578F,Psychoanalysis and Psychotherapy,التحليل النفسي والعلاج النفسي,Psychoanalysis and Psychotherapy,"","",1680,53068239-3437-9508-3860-820022132875
33539B73-6787-4A9A-BF3C-D430611D40F7,Psychoanalytical studies,دراسات التحليل النفسي,Psychoanalytical studies,"","",1681,0BA9E910-CF12-4040-B5FC-6D18F9A6D765
E4C52F32-5828-4E97-BC2C-FC40B9C1CCBF,Psychobiology,علم النفس النفسي,Psychobiology,"","",1682,0BA9E910-CF12-4040-B5FC-6D18F9A6D765
BCAF179F-82C6-4A2A-87A7-6A966EBC7D38,Psycholinguistics,علم اللغة النفسي,Psycholinguistics,"","",1683,A49540BA-CF94-4C4F-ACBA-2CFF003B6DFA
C3F1A677-EBEC-4061-BAC0-D0268C71EFBA,Psychological modelling,النمذجة النفسية,Psychological modelling,"","",1684,0BA9E910-CF12-4040-B5FC-6D18F9A6D765
0BA9E910-CF12-4040-B5FC-6D18F9A6D765,Psychology,علم النفس,Psychology,"","",1685,
7A088D10-7E38-451D-86C3-7A0F9ED8EDD9,Psychology,علم النفس,Psychology,"","",1686,0BA9E910-CF12-4040-B5FC-6D18F9A6D765
573D4B4D-E990-4D38-B498-284D94C4101C,Psychology in health & medicine,علم النفس في الصحة والطب,Psychology in health & medicine,"","",1687,0BA9E910-CF12-4040-B5FC-6D18F9A6D765
13D8E8D4-FAD1-4034-8DE1-5EE5DE190C34,Psychology of communication,سيكولوجية التواصل,Psychology of communication,"","",1688,0BA9E910-CF12-4040-B5FC-6D18F9A6D765
F96AFD6F-1991-47C0-B90A-0217E82779B9,Psychology of gender,سيكولوجية الجنس,Psychology of gender,"","",1689,0BA9E910-CF12-4040-B5FC-6D18F9A6D765
2274D35E-DD71-4586-9EF6-B5FE5B1FCC1C,Psychology of higher cognitive processes,علم نفس العمليات المعرفية العليا,Psychology of higher cognitive processes,"","",1690,0BA9E910-CF12-4040-B5FC-6D18F9A6D765
F793C3A5-E507-4362-8EF0-58DD08709143,Psychology of memory & learning,سيكولوجية الذاكرة والتعلم,Psychology of memory & learning,"","",1691,0BA9E910-CF12-4040-B5FC-6D18F9A6D765
C3BD8A65-F41B-448C-AC78-04889A7D966A,Psychology of mental health,سيكولوجية الصحة العقلية,Psychology of mental health,"","",1692,0BA9E910-CF12-4040-B5FC-6D18F9A6D765
A7BDB6CF-D9DA-4894-852E-A0710D379BA4,Psychology of perception,سيكولوجية الإدراك,Psychology of perception,"","",1693,0BA9E910-CF12-4040-B5FC-6D18F9A6D765
A2AEF26C-DAB0-4005-A919-BB6598EA212D,Psychometrics,القياسات النفسية,Psychometrics,"","",1694,0BA9E910-CF12-4040-B5FC-6D18F9A6D765
BF9AA6BB-9CB5-4975-9C28-39E5E4E83337,Psychopharmacology,علم الأدوية النفسية,Psychopharmacology,"","",1695,0BA9E910-CF12-4040-B5FC-6D18F9A6D765
4E63EE01-DAEB-4A7E-BFAC-FD76856F3036,Psychotherapy,العلاج النفسي,Psychotherapy,"","",1696,0BA9E910-CF12-4040-B5FC-6D18F9A6D765
37EA3B22-9A39-4BF7-B3F8-D9B7244E201A,Public accountancy,المحاسبة العامة,Public accountancy,"","",1697,FE8830F7-D320-422C-90BE-2593BB1B9B89
3F8F201D-2160-4E40-BF54-C22459781AB5,Public administration,الإدارة العامة,Public administration,"","",1698,C3022B9C-4CFB-4E3E-AFE6-897C73A1036E
03B66688-9DCF-4A95-BC57-42C60E35ADA9,Public Administration and Development Economics,الإدارة العامة واقتصاديات التنمية,Public Administration and Development Economics,"","",1699,53068239-3437-9508-3860-820022132875
06EBDC35-9B39-460A-A785-2B3009330FF5,Public Applied History and Archival Administration,التاريخ العام التطبيقي وإدارة الأرشيف,Public Applied History and Archival Administration,"","",1701,53068239-3437-9508-3860-820022132875
0217F882-C1C5-43CD-B666-867A07C29286,Public Diplomacy and International Communication,دبلوماسية عامة و تواصل دولي,Public Diplomacy and International Communication,"","",1702,53068239-3437-9508-3860-820022132875
03D9B43D-4982-42B2-BCD3-BC6F0AAAFD13,Public FiNULLce,التمويل العام,Public FiNULLce,"","",1703,9589CFD6-4CBF-4FA8-B1EC-ABC0BF11F7EC
0F489B7C-6375-42CA-9D1C-E72C0CC55D85,Public Health,صحة عامة,Public Health,"","",1704,E18A0B1B-F30C-4440-98F8-038A56BDF360
E18A0B1B-F30C-4440-98F8-038A56BDF360,Public Health,الصحة العامة,Public Health,"","",1705,
1C7B6E86-8F83-4391-A5F8-46FDA18CDEB8,Public health engineering,هندسة الصحة العامة,Public health engineering,"","",1706,A4E63C31-2522-498F-A2D1-160A4DE0C61F
FB0D000E-77E4-4768-8E0A-6FF593A98348,Public international law,القانون الدولي العام,Public international law,"","",1707,57E7370E-497B-4BD3-9E14-CF574151EB6F
13B012D3-7F37-4A55-9E2D-9664E51AE83A,Public law,القانون العام,Public law,"","",1708,4F74D66E-F94C-4215-8EE6-20D8B2A0D2DE
1F0B0D0F-6C95-4EFC-91BE-A1B6536B839F,Public policy,السياسة العامة,Public policy,"","",1709,64D65E23-2E73-493D-9B47-7A355D6FE5FD
189B5CED-9BAD-43E0-AAD4-C1073C56F658,Public relations,العلاقات العامة,Public relations,"","",1710,C87EA065-F33A-43EB-A226-AF698EF92F60
C87EA065-F33A-43EB-A226-AF698EF92F60,Publicity studies,دراسات الدعاية,Publicity studies,"","",1711,
14E1A4E3-10A6-4818-ABD5-D248CA8F5667,Publicity studies,دراسات الدعاية,Publicity studies,"","",1712,C87EA065-F33A-43EB-A226-AF698EF92F60
FED632D6-D25D-4A32-B5AA-D18415AFF453,Publishing,نشر,Publishing,"","",1713,383EA2CE-3E59-4BF5-8235-55F536223D6C
383EA2CE-3E59-4BF5-8235-55F536223D6C,Publishing,نشر,Publishing,"","",1714,
550C281E-B63C-4EFF-B2BD-FF376552C371,Publishing via the World Wide Web,النشر عبر الشبكة العالمية,Publishing via the World Wide Web,"","",1715,383EA2CE-3E59-4BF5-8235-55F536223D6C
0E10DE0E-6306-4B5A-A302-5BE607DE911F,Pulmonary Pathology,علم أمراض الرئة,Pulmonary Pathology,"","",1716,A038E0EA-4410-40C2-9FAB-039786715382
06337C84-6735-4E4F-B9D0-61D808E3E8D4,Punjabi Language,اللغة البنجابية,Punjabi Language,"","",1717,A49540BA-CF94-4C4F-ACBA-2CFF003B6DFA
6E5D5409-78FD-409D-9425-D0FEDDBDC929,Pure mathematics,الرياضيات البحتة,Pure mathematics,"","",1718,FDD8F156-4D12-4C75-8683-57C918C454F1
FF5442FB-AF64-411E-BAB5-95D92E428B92,Qualitative psychology,علم النفس النوعي,Qualitative psychology,"","",1719,0BA9E910-CF12-4040-B5FC-6D18F9A6D765
01758A4F-9960-4802-A3D9-71490BEF7E3F,Quality and Conformity,الجودة والمطابقة,Quality and Conformity,"","",1720,F0986833-4BE7-4B76-91B6-356BDA766CE1
BD8C6573-1D4E-438F-ACEE-A3D6E3E06345,Quality assurance engineering,هندسة ضمان الجودة,Quality assurance engineering,"","",1721,DCE3BC7D-8DCC-4D1B-9025-8CAB4E847E41
0F5635E8-1E8D-45C5-96E7-00E3019EEA55,Quality Management,إدارة الجودة,Quality Management,"","",1722,6075F702-3633-401F-9F28-5B4C802FA648
132C3411-90F5-415D-9CD1-482B5E816A9E,Quantitative psychology,علم النفس الكمي,Quantitative psychology,"","",1723,0BA9E910-CF12-4040-B5FC-6D18F9A6D765
0E2243B6-BEBE-444E-80C8-AE820707A472,Quantity Calculation and Commercial Management,حساب كميات والإدارة التجارية,Quantity Calculation and Commercial Management,"","",1724,53068239-3437-9508-3860-820022132875
0B1F3794-FB45-4683-8A46-C88A0441D818,Quantity Calculation Engineering,هندسة حساب الكميات,Quantity Calculation Engineering,"","",1725,48B330C5-9720-4A8F-8C43-E5D0902BD193
D640F73E-7C24-4E51-BF9D-6BBF75A7C507,Quantity surveying,مسح الكميات,Quantity surveying,"","",1726,48B330C5-9720-4A8F-8C43-E5D0902BD193
08119F2B-A5E6-48AE-A168-3CC7067C8BC9,Quantity Surveying and Commercial Management,مسح الكميات والإدارة التجارية,Quantity Surveying and Commercial Management,"","",1727,EF4B99A8-A131-49EB-A044-14B5F227BDC9
141F3F62-8B34-42E3-9D40-21D6FA57B87B,Quantum mechanics,ميكانيكا الكم,Quantum mechanics,"","",1728,79BED130-E352-4C2F-A2AB-DFC8239151C0
DA2331C5-ECE8-40A7-BF34-5149E1CC7161,Quarrying,المحاجر,Quarrying,"","",1729,ABD5340D-2F60-4C2A-ADBF-13D43BE28E62
7FFB29ED-6635-4BCF-9FBD-5FE6DB2CF8FF,Quaternary studies,دراسات رباعية,Quaternary studies,"","",1730,3A626880-24E5-4381-96E7-BFC68C0637E9
7FA0A62F-D3C3-4A17-B351-88F5D33FB17F,Quranic Sceinces and Exegesis,علوم القرآن والتفسير,Quranic Sceinces and Exegesis,"","",1731,7E272DDE-3A15-43D0-AD21-1800E8A9A48B
0B6B64FA-5068-407D-9521-B44293C71770,Radiation physics,فيزياء الإشعاع,Radiation physics,"","",1732,79BED130-E352-4C2F-A2AB-DFC8239151C0
0F8D0636-E6FF-4B8A-95EA-6B2A061C967F,Radiation Safety,الوقاية من الإشعاع,Radiation Safety,"","",1734,F0D691B4-D2C4-433E-A45D-BAF5B1D1A9AE
94ED6AD2-D5A3-413E-B79C-27D122B87C02,Radiative processes & effects,العمليات والتأثيرات الإشعاعية,Radiative processes & effects,"","",1735,F0D691B4-D2C4-433E-A45D-BAF5B1D1A9AE
D634D167-36FA-4288-8F97-BB9623F4F076,Radio production,الإنتاج الإذاعي,Radio production,"","",1736,56ABF249-06C6-4AC0-91F3-E2586E3E3C0E
FC9442D8-C1DA-46DC-BEBA-CA26E8DF0F93,Radio studies,الدراسات الإذاعية,Radio studies,"","",1737,56ABF249-06C6-4AC0-91F3-E2586E3E3C0E
8D599CA6-8E04-4F24-9FCC-CAA60134F765,"Radiography, diagnostic",التصوير الشعاعي، التشخيصي,"Radiography, diagnostic","","",1738,49C41DF6-30BD-4A7A-8EE4-201F6CCEAFD8
091E42F2-C79F-4C13-989D-99B2CD00B36C,"Radiography, therapeutic",التصوير الشعاعي العلاجي,"Radiography, therapeutic","","",1739,49C41DF6-30BD-4A7A-8EE4-201F6CCEAFD8
07A289AF-1F6C-47EF-94FB-FA3602A7A9D8,Radioisotopic Pathology,علم أمراض النظائر المشعة,Radioisotopic Pathology,"","",1740,A038E0EA-4410-40C2-9FAB-039786715382
03E400C5-41AF-489F-A5EF-A76B05C00DC0,Radiologic Technology,تكنولوجيا الأشعة,Radiologic Technology,"","",1741,49C41DF6-30BD-4A7A-8EE4-201F6CCEAFD8
FF31AAAD-4C54-4607-8AB6-534D8CA1410A,Radiology,الأشعة,Radiology,"","",1742,49C41DF6-30BD-4A7A-8EE4-201F6CCEAFD8
10B256FF-FCA9-4753-A6DF-C34E4BD1590F,Rail vehicle engineering,هندسة مركبات السكك الحديدية,Rail vehicle engineering,"","",1744,5DB7DE56-F67A-48CD-9089-46FB4E84D197
59E8884D-06DD-4C0A-A2AD-38AE6F97AE1A,Railway engineering,هندسة السكك الحديدية,Railway engineering,"","",1745,57DEE9CC-7922-460E-8A7C-BED321E792D7
0AF8145D-5A63-4F15-8157-D1B00AD286BF,Range Science and Management,علوم وإدارة المدى,Range Science and Management,"","",1746,EF4B99A8-A131-49EB-A044-14B5F227BDC9
0D123D47-5CBF-4D63-9009-63A007021611,Real Estate Development and Design,التصميم والتطوير العقاري,Real Estate Development and Design,"","",1747,56463547-1778-6080-6803-396575136009
83E3F336-BBBE-4D41-9D30-67EBB5032E7F,Recreation & leisure studies,دراسات الترفيه والتسلية,Recreation & leisure studies,"","",1748,96D55527-8E7C-4FB8-8487-F27A5DAC0FAD
01452168-CF96-44AF-B689-6A8867B48D33,Recruitment methods,أساليب التوظيف,Recruitment methods,"","",1749,F7F7A906-A232-4DD6-81DB-1477A28264BD
059EFD67-511B-4FBD-A548-CC6A073B11DD,Recycling efficiency,كفاءة إعادة التدوير,Recycling efficiency,"","",1750,F0D691B4-D2C4-433E-A45D-BAF5B1D1A9AE
7A509213-A35C-4406-98DC-921EDB196C0C,Reed crafts,الحرف ريد,Reed crafts,"","",1751,7695196F-70D0-4244-9B41-DD496FF40793
278F5BC5-CED9-4DE5-B324-E1CFE253D1F3,Reflexology,علم المنعكسات,Reflexology,"","",1752,B2B987EF-278C-4E27-AC79-6AAD152BF4DF
9928E621-E5BD-401A-8829-25EEB5DFBB32,Regional planning,التخطيط الإقليمي,Regional planning,"","",1753,7520D603-C251-4A21-8A0C-1FDEA6D666C2
F3BC90D4-460A-41A7-8412-C80964DBFDFB,Rehabilitation engineering,هندسة إعادة التأهيل,Rehabilitation engineering,"","",1754,A4E63C31-2522-498F-A2D1-160A4DE0C61F
F5B9FCA8-4D65-4045-A910-B744E9CD24CD,Religion in society,الدين في المجتمع,Religion in society,"","",1755,97EA1354-7504-4C00-B170-E993193B678E
0DCD1C35-AF8E-4E04-9BC7-52650333894F,Religious Education,التربية الدينية,Religious Education,"","",1756,28486045-6425-5050-7815-459339547780
732EDC06-F368-4F08-95A8-D246565114A1,Religious studies,الدراسات الدينية,Religious studies,"","",1757,7E272DDE-3A15-43D0-AD21-1800E8A9A48B
54BADCC1-86AE-44C7-9C87-B986940B8C69,Religious writings,كتابات دينية,Religious writings,"","",1758,7E272DDE-3A15-43D0-AD21-1800E8A9A48B
24CC776D-92AC-4C16-A42F-28FD1FB385DF,Remote sensing,الاستشعار عن بعد,Remote sensing,"","",1759,A565B2D4-44FD-42E8-B7AE-CA5E82A64AAB
080A693A-B13C-4C82-95AB-6E850F9A7ADF,Renal medicine ,طب الكلى,Renal medicine ,"","",1760,A038E0EA-4410-40C2-9FAB-039786715382
077ACD98-3324-4A30-82DE-F02F0F2422FB,Renewable Energy and Power Systems Management,إدارة أنظمة الطاقة المتجددة والطاقة,Renewable Energy and Power Systems Management,"","",1761,EF4B99A8-A131-49EB-A044-14B5F227BDC9
78570CFC-5BE2-461C-BF7B-E1D1D433B5B8,Reproductive biology,بيولوجيا الإنجاب,Reproductive biology,"","",1762,BAE3B5D3-F58F-4607-A5FB-49ABD245282E
88F2711B-76B3-49E1-9252-810BB988A62B,Reprographic techniques,تقنيات النسخ,Reprographic techniques,"","",1763,DB3CECA1-2BA6-41B7-9A3E-D89D368AE44F
5F85B4DD-8635-46FA-A946-9D259F62D16A,Research methods in psychology,طرق البحث في علم النفس,Research methods in psychology,"","",1764,0BA9E910-CF12-4040-B5FC-6D18F9A6D765
05E17448-2C7F-4C29-8435-0190F99F16DB,Respiratory Therapy,العلاج التنفسي,Respiratory Therapy,"","",1765,8E3B4DAF-9BCE-452A-A000-81355FF7FCE3
087C2BC1-F132-4676-9226-A72A0B929B1C,Restoration,ترميم,Restoration,"","",1767,8947863D-C8BC-4697-A114-8918F4241B58
38D9D4F6-3728-49F1-BDAB-0D4ED727F1BB,Retail management,إدارة البيع بالتجزئة,Retail management,"","",1768,6075F702-3633-401F-9F28-5B4C802FA648
0270D627-77B9-42A3-A780-15E10B43A48F,Risk management,إدارة المخاطر,Risk management,"","",1769,6075F702-3633-401F-9F28-5B4C802FA648
E29B8FDA-9313-4ACD-A489-AEF28889533A,Road vehicle engineering,هندسة مركبات الطرق,Road vehicle engineering,"","",1770,5DB7DE56-F67A-48CD-9089-46FB4E84D197
07F14F33-8CBB-476F-A8A4-53BC05FE8ABB,Robotic Engineering,الهندسة الروبوتية,Robotic Engineering,"","",1771,EF4B99A8-A131-49EB-A044-14B5F227BDC9
729D382E-26A9-42B6-9FC5-7413052D37CE,Robotics,الروبوتات,Robotics,"","",1772,5E0CFB10-3F40-44DE-BB4B-DBCCEF779F34
DEF94A1D-D180-49F9-9D48-821C93F047E0,Robotics & cybernetics,الروبوتات وعلم التحكم الآلي,Robotics & cybernetics,"","",1774,5E0CFB10-3F40-44DE-BB4B-DBCCEF779F34
A942D6CA-5738-492C-AA00-32ADAC8A6524,Rock mechanics,ميكانيكا الصخور,Rock mechanics,"","",1776,ABD5340D-2F60-4C2A-ADBF-13D43BE28E62
0A35B1B4-0D35-4CA7-BDBA-7879042D5355,Romanian Language,اللغة الرومانية,Romanian Language,"","",1777,A49540BA-CF94-4C4F-ACBA-2CFF003B6DFA
DB65BCE3-970E-4263-BB8A-0F874498EDC2,Rural estate management,إدارة العقارات الريفية,Rural estate management,"","",1778,9D89556F-9EE5-4D31-9883-6A16F8EF09DE
E767D17E-7A5A-44F9-B24B-F4FF5C840C46,Rural planning,التخطيط الريفي,Rural planning,"","",1779,7520D603-C251-4A21-8A0C-1FDEA6D666C2
006079D0-7353-4A56-B7F4-86BF0F5C8C71,Russian and East European literature and Culture,الأدب والثقافة في أوروبا الشرقية,Russian and East European literature and Culture,"","",1780,A49540BA-CF94-4C4F-ACBA-2CFF003B6DFA
0A74A108-7F91-4232-A249-6D8D02553CFD,Russian Language,اللغة الروسية,Russian Language,"","",1781,A49540BA-CF94-4C4F-ACBA-2CFF003B6DFA
0D638BDA-08E9-485E-974F-8A8300A0F682,Russian law,القانون الروسي,Russian law,"","",1782,57E7370E-497B-4BD3-9E14-CF574151EB6F
25AD4D29-775C-4B7D-B2A5-C74A9958E783,Safety engineering,هندسة السلامة,Safety engineering,"","",1783,A4E63C31-2522-498F-A2D1-160A4DE0C61F
07E37496-7532-40AF-A411-C20900A565FF,Safety Management,إدارة السلامة,Safety Management,"","",1784,EF4B99A8-A131-49EB-A044-14B5F227BDC9
0EE09115-1EC9-4D7B-8D6E-987608C32A63,"Safety, Health and Environmental Mangement ",إدارة السلامة والصحة والبيئة,"Safety, Health and Environmental Mangement ","","",1785,EF4B99A8-A131-49EB-A044-14B5F227BDC9
79E77FC4-2151-4F30-B7EC-4BE2C93B385D,Sales management,إدارة المبيعات,Sales management,"","",1787,43817EFA-BADD-419E-8D15-1E388A7AB85F
99AEAF23-772D-40A5-AEA9-A69CD6A2E956,Salon management,إدارة الصالون,Salon management,"","",1788,96D55527-8E7C-4FB8-8487-F27A5DAC0FAD
574FD636-13F5-4F26-B085-A6D30F1292E4,Saltwater fish,أسماك المياه المالحة,Saltwater fish,"","",1789,9D89556F-9EE5-4D31-9883-6A16F8EF09DE
AD9B1C48-120F-473F-B80E-3B3C774269C0,Satellite engineering,هندسة الأقمار الصناعية,Satellite engineering,"","",1790,5E0CFB10-3F40-44DE-BB4B-DBCCEF779F34
EA64CEB3-ABE6-42BF-8838-25C57C7C6D54,Scholastic philosophy,الفلسفة المدرسية,Scholastic philosophy,"","",1791,AF7BBC76-E253-457C-931F-1E6AD491DE55
5D9CF22A-96F1-43B1-AC4D-72D26576ABF8,School nursing,التمريض المدرسي,School nursing,"","",1792,CE505D71-B5F7-494E-AB4D-BDE190745D96
087FD329-340A-402E-98A7-17C30D378A29,Science and Engineering,العلوم والهندسة,Science and Engineering,"","",1793,EF4B99A8-A131-49EB-A044-14B5F227BDC9
0AA5BA7D-B7D2-42CA-B3A4-71D40BA024DD,Science and Health Communication,العلوم والاتصالات الصحية,Science and Health Communication,"","",1794,EF4B99A8-A131-49EB-A044-14B5F227BDC9
0C48F36E-7AB4-47D2-92BA-04860F34D188,Science in Autism Spectrum Disorders,العلوم في اضطرابات طيف التوحد,Science in Autism Spectrum Disorders,"","",1795,0BA9E910-CF12-4040-B5FC-6D18F9A6D765
05908CFB-BE75-44C1-A955-27FB0B6C9071,Science in data and cyber security ,العلوم في الأمن السيبراني والبيانات,Science in data and cyber security ,"","",1796,EF4B99A8-A131-49EB-A044-14B5F227BDC9
0AF5A8D6-CBB3-4656-BC67-B483098A25F7,Science in Security Management with a concentration in Emergency Planning  ,العلوم في إدارة الأمن مع التركيز في التخطيط للطوارئ,Science in Security Management with a concentration in Emergency Planning  ,"","",1797,53068239-3437-9508-3860-820022132875
09DAEF8A-4671-4854-AE59-EF6F04DBC0B5,Science in Teaching STEM,علوم تعليم المواد العلمية والتقنية والهندسية والرياضية (STEM),Science in Teaching STEM,"","",1798,EF4B99A8-A131-49EB-A044-14B5F227BDC9
F0D691B4-D2C4-433E-A45D-BAF5B1D1A9AE,Science of aquatic & terrestrial environments,علم البيئات المائية والبرية,Science of aquatic & terrestrial environments,"","",1799,
A50AB7A1-7FE2-4C68-8959-3889A1573E89,Science of aquatic & terrestrial environments,علم البيئات المائية والبرية,Science of aquatic & terrestrial environments,"","",1800,F0D691B4-D2C4-433E-A45D-BAF5B1D1A9AE
037AE4F5-6A2C-483A-83E0-B2B004E7DCC4,Science of Islam exposed and heritage jurisprudence and principles of jurisprudence,الفلسفة في علم الإسلام المكشوف والتراث الفقه وأصول الفقه,Science of Islam exposed and heritage jurisprudence and principles of jurisprudence,"","",1801,53068239-3437-9508-3860-820022132875
00483BA1-0EA8-45AF-BDB1-57CB069153E8,"Science, Technology and Society",العلوم والتكنولوجيا والمجتمع,"Science, Technology and Society","","",1802,EF4B99A8-A131-49EB-A044-14B5F227BDC9
6B61F5C7-FDC7-4933-B2E7-CD244877BD4D,Scottish law,القانون الاسكتلندي,Scottish law,"","",1803,57E7370E-497B-4BD3-9E14-CF574151EB6F
41A13694-21C0-4D79-BF4A-C2EFC250E0EC,Screen process printing,طباعة عملية الشاشة,Screen process printing,"","",1804,DB3CECA1-2BA6-41B7-9A3E-D89D368AE44F
D06683C9-FE2B-4F95-982C-9EEE76EB1BBE,Scriptwriting,كتابة السيناريو,Scriptwriting,"","",1805,296095D5-CE94-4C64-A4E1-B47E8C24BCED
BC82CBD8-B5F2-463A-A770-DAE8EA268D54,Sculpture,النحت,Sculpture,"","",1806,8947863D-C8BC-4697-A114-8918F4241B58
993B3AC2-7C6B-4401-9AB9-363CA738BE69,Sea travel,السفر البحري,Sea travel,"","",1807,96D55527-8E7C-4FB8-8487-F27A5DAC0FAD
02A728B2-66A2-4ABF-BE9B-B65B04D29A2F,Secondary Education: Arabic Language,تعليم ثانوي: لغة عربية,Secondary Education: Arabic Language,"","",1808,6CB67E60-E96A-4EF1-85E6-FBFDCA9460E9
02AF58E4-64F1-4DD6-B478-779F073B97C1,Secondary Education: Biology,تعليم ثانوي: أحياء,Secondary Education: Biology,"","",1809,6CB67E60-E96A-4EF1-85E6-FBFDCA9460E9
06B6019B-9B86-40AB-9E47-0C0F04402BC4,Secondary Education: Chemistry,تعليم ثانوي: كيمياء,Secondary Education: Chemistry,"","",1810,6CB67E60-E96A-4EF1-85E6-FBFDCA9460E9
076986B5-DD3F-4B13-83FC-C5B90DE7B702,Secondary Education: Islamic Studies,تعليم ثانوي: دراسات إسلامية,Secondary Education: Islamic Studies,"","",1811,6CB67E60-E96A-4EF1-85E6-FBFDCA9460E9
0D3995A0-FBAE-4079-9DF5-8F7D0EE40988,Secondary Education: Mathematics,تعليم ثانوي: رياضيات,Secondary Education: Mathematics,"","",1812,6CB67E60-E96A-4EF1-85E6-FBFDCA9460E9
00A3C8CF-20F5-4EA7-B1C0-587508F66376,Secondary Education: Physics,تعليم ثانوي: فيزياء,Secondary Education: Physics,"","",1813,6CB67E60-E96A-4EF1-85E6-FBFDCA9460E9
0BBBD535-665E-4E4F-9724-333C0FDD284D,Secondary Education: Social Studies,تعليم ثانوي: دراسات اجتماعية,Secondary Education: Social Studies,"","",1814,6CB67E60-E96A-4EF1-85E6-FBFDCA9460E9
42B172E8-84B3-4913-AB53-FEB5087E2DA2,Secretarial & typing skills,مهارات السكرتارية والطباعة,Secretarial & typing skills,"","",1815,E9281E81-96F0-474B-B6D4-9F264FC2FC72
0DE777C4-D2FA-4800-B12E-8BE9023F1BD6,Security and Loss Prevention Services,خدمات الأمن ومنع الخسائر,Security and Loss Prevention Services,"","",1816,72039078-5123-8018-7821-976435904294
0213EBB5-36F8-497D-A07C-8E75A2BC251F,Security policy,السياسة الأمنية,Security policy,"","",1817,64D65E23-2E73-493D-9B47-7A355D6FE5FD
036FB1B6-5866-4E98-AAED-D96B01169A47,"Security System Installation, Repair and Inspection Technology",تكنولوجيا تركيب نظام الأمان وإصلاحه,"Security System Installation, Repair and Inspection Technology","","",1818,72039078-5123-8018-7821-976435904294
7E23CCE9-D3CA-493F-B871-CFD0C325E684,Seismology & tectonics,علم الزلازل والتكتونية,Seismology & tectonics,"","",1819,3A626880-24E5-4381-96E7-BFC68C0637E9
0B64172F-D3B2-4A5F-AEF6-09F30807AFBF,Serbian-Croatian Language,اللغة الصربية والكرواتية,Serbian-Croatian Language,"","",1820,A49540BA-CF94-4C4F-ACBA-2CFF003B6DFA
1A084C25-FB6D-42A8-9D9A-85A97B6517B3,Serology,الأمصال,Serology,"","",1821,9234841C-6F26-4470-963E-8594BC2CF961
0D166C1C-AE81-47FC-ADD0-F6730C81DB69,Service Experience Design and Innovation,تصميم وابتكار تجربة الخدمة,Service Experience Design and Innovation,"","",1822,56463547-1778-6080-6803-396575136009
FDB4EC6E-85B1-4BA0-83C2-2BCA54291F3B,Ship design,تصميم السفينة,Ship design,"","",1823,6C88BD41-F46D-4BE7-873E-FEE8F8731703
333B8752-0C62-480C-B8A5-061736469ED8,Ship propulsion engineering,هندسة دفع السفن,Ship propulsion engineering,"","",1824,5DB7DE56-F67A-48CD-9089-46FB4E84D197
779B2CA7-2163-4465-B845-70B5CFA6D8EC,Shipbuilding,بناء السفن,Shipbuilding,"","",1825,6C88BD41-F46D-4BE7-873E-FEE8F8731703
0C958BCB-2D83-43E6-AD20-ADD209BDBF35,Shipping Agencies,الوكالات الملاحية,Shipping Agencies,"","",1826,56463547-1778-6080-6803-396575136009
02585414-6625-43BC-B041-D1F20C8F02F9,"Shoe, Boot and Leather Repair",إصلاح الأحذية والأحذية والجلود,"Shoe, Boot and Leather Repair","","",1827,7695196F-70D0-4244-9B41-DD496FF40793
F3C9D3E7-53E2-4C6F-A9A5-934A118943BA,Shorthand & shorthand transcription,الاختزال والنسخ المختصر,Shorthand & shorthand transcription,"","",1828,E9281E81-96F0-474B-B6D4-9F264FC2FC72
447E12C1-3901-4683-BF21-6556D639949E,Silversmithing/goldsmithing,صياغة الفضة / صياغة الذهب,Silversmithing/goldsmithing,"","",1829,7695196F-70D0-4244-9B41-DD496FF40793
0CC602EE-E51B-4B7E-B480-053F07F08B0C,Slovak Language,اللغة السلوفاكية,Slovak Language,"","",1831,A49540BA-CF94-4C4F-ACBA-2CFF003B6DFA
25F61B45-78DD-4C8B-AF87-BB7C278A6C4B,Social & cultural anthropology,الأنثروبولوجيا الاجتماعية والثقافية,Social & cultural anthropology,"","",1832,DDFBE911-31BD-4240-984F-282B08516D24
04BA171C-B2F2-48B7-867A-09B7066FBC6B,Social and Behavioural Science,العلوم الاجتماعية والسلوكية,Social and Behavioural Science,"","",1833,53068239-3437-9508-3860-820022132875
A3E8594F-8BA5-45B9-BA29-995806BDB73D,Social and Interpersonal Skills Programs,برامج المهارات الاجتماعية والشخصية,Social and Interpersonal Skills Programs,"","",1834,927C60FE-2C0B-45F1-ACA4-06CD3A5D7EB7
0F9A7B12-25ED-4AD6-B21B-59BA06AC1234,Social and Political Sciences,العلوم الاجتماعية والسياسية,Social and Political Sciences,"","",1835,53068239-3437-9508-3860-820022132875
B067A4C2-3B8E-4A84-A081-3B8DF0F278A6,Social cognition,الإدراك الاجتماعي,Social cognition,"","",1836,0BA9E910-CF12-4040-B5FC-6D18F9A6D765
A26038C8-53F9-4221-A8B2-A698BE0E8AA1,Social hierarchy,التسلسل الهرمي الاجتماعي,Social hierarchy,"","",1837,97EA1354-7504-4C00-B170-E993193B678E
DBB37920-4CB8-475B-AF1E-28595487E54D,Social philosophy,الفلسفة الاجتماعية,Social philosophy,"","",1838,AF7BBC76-E253-457C-931F-1E6AD491DE55
64D65E23-2E73-493D-9B47-7A355D6FE5FD,Social policy,السياسة الاجتماعية,Social policy,"","",1839,
E4B6DE2F-FAAC-43E4-B7A4-DBCDF46ED9F0,Social policy,السياسة الاجتماعية,Social policy,"","",1840,64D65E23-2E73-493D-9B47-7A355D6FE5FD
EF2BACBF-521A-4F1C-9A7C-A0B95E996C13,Social psychology,علم النفس الاجتماعي,Social psychology,"","",1842,0BA9E910-CF12-4040-B5FC-6D18F9A6D765
927C60FE-2C0B-45F1-ACA4-06CD3A5D7EB7,Social Skills Programs,برامج المهارات الاجتماعية,Social Skills Programs,"","",1843,
EE386B9D-B7C9-48EB-B1DD-4E322B452205,Social Skills Programs nec,برامج المهارات الاجتماعية غير المصنّفة في موضع آخر,Social Skills Programs nec,"","",1844,927C60FE-2C0B-45F1-ACA4-06CD3A5D7EB7
57F67A6D-C090-4192-8E17-723F0BB0E43F,Social theory,النظرية الاجتماعية,Social theory,"","",1845,97EA1354-7504-4C00-B170-E993193B678E
C73D8BF3-FB18-4B10-931F-26B0B3A7CE2A,Social work,العمل الاجتماعي,Social work,"","",1846,
019E6BF0-5E5C-4406-9454-E83811D90AE7,Social work,العمل الاجتماعي,Social work,"","",1847,C73D8BF3-FB18-4B10-931F-26B0B3A7CE2A
EF0859DE-725B-4C02-8B33-DBE2DD0FD7B0,Socialism,الاشتراكية,Socialism,"","",1848,C3022B9C-4CFB-4E3E-AFE6-897C73A1036E
65943DE8-BBCD-469C-BAB4-EE0CF40738F4,Socio-economics,الاقتصاد الاجتماعي,Socio-economics,"","",1849,97EA1354-7504-4C00-B170-E993193B678E
941DA13C-29C4-4BAA-BBDA-7A53D8D57CA6,Sociolinguistics,علم اللغة الاجتماعي,Sociolinguistics,"","",1850,A49540BA-CF94-4C4F-ACBA-2CFF003B6DFA
97EA1354-7504-4C00-B170-E993193B678E,Sociology,علم الاجتماع,Sociology,"","",1851,
E2C32C6A-3CE3-4066-81FA-BC7C38131B59,Sociology,علم الاجتماع,Sociology,"","",1852,97EA1354-7504-4C00-B170-E993193B678E
0EA21219-F3D3-40A1-911C-E6100ACB945D,Sociology and Anthropology,علم الاجتماع والأنثروبولوجيا,Sociology and Anthropology,"","",1853,53068239-3437-9508-3860-820022132875
DAEF81C8-0F6E-4497-8C1E-91D6325E1A3A,Sociology of law,سوسيولوجيا القانون,Sociology of law,"","",1854,4F74D66E-F94C-4215-8EE6-20D8B2A0D2DE
A47A81F2-5431-4CE7-99BE-B328A3A0EC68,Sociology of science & technology,سوسيولوجيا العلوم والتكنولوجيا,Sociology of science & technology,"","",1855,97EA1354-7504-4C00-B170-E993193B678E
45C3ABED-4B13-4326-B664-6E01F8EFE1DC,Soft furnishing,تأثيث ناعم,Soft furnishing,"","",1856,7695196F-70D0-4244-9B41-DD496FF40793
7663AF68-CBEA-4E10-BBB9-8494D47C7207,Software design,تصميم البرمجيات,Software design,"","",1857,92B1806A-2E2D-421A-92DB-344E1CA3E34A
92B1806A-2E2D-421A-92DB-344E1CA3E34A,Software engineering,هندسة البرمجيات,Software engineering,"","",1858,
00716632-63B1-4FBF-8DEA-9C03073BBC83,Software Technology ,تكنولوجيا البرمجيات,Software Technology ,"","",1859,92B1806A-2E2D-421A-92DB-344E1CA3E34A
007A6844-2758-459D-91DA-89AD055B8148,Soil Chemistry and Physics,كيمياء التربة والفيزياء,Soil Chemistry and Physics,"","",1860,EF4B99A8-A131-49EB-A044-14B5F227BDC9
4A25CC75-64A8-4E47-BA0C-8C0D7FB2CF09,Soil science,علم التربة,Soil science,"","",1861,F0D691B4-D2C4-433E-A45D-BAF5B1D1A9AE
0F007D69-C808-4103-B550-ECA702185765,Soil Science and Agronomy,علوم التربة والهندسة الزراعية,Soil Science and Agronomy,"","",1862,EF4B99A8-A131-49EB-A044-14B5F227BDC9
8F87F9F5-4262-43EE-BC3B-AC20E5EFBBC7,Solar & solar terrestrial physics,الفيزياء الشمسية والشمسية الأرضية,Solar & solar terrestrial physics,"","",1863,2E16E0DA-608E-4B96-B9D7-B000923DF19C
0F16E28E-0469-492B-BF4E-09A40B9CA8BA,Solar Energy Technology,تكنولوجيا الطاقة الشمسية,Solar Energy Technology,"","",1864,1445B371-EACD-45A1-8ACA-2318DF9F9893
E6F0205D-2526-4AF7-81AB-5F15E1043248,Solid mechanics,ميكانيكا الصلبة,Solid mechanics,"","",1865,A4E63C31-2522-498F-A2D1-160A4DE0C61F
4C15FBF7-6983-4205-8254-0FD692CE706A,Solid-state physics,فيزياء الحالة الصلبة,Solid-state physics,"","",1866,79BED130-E352-4C2F-A2AB-DFC8239151C0
03F9E74A-4935-4EE7-99A9-576D0B9832C5,Sound and Music Engineering,هندسة صوت وموسيقى,Sound and Music Engineering,"","",1867,EABC0146-B80D-473D-AB47-623C38EC444B
F987AE1F-59B0-4435-B4B6-B8545C8A7FEA,Sound design/commercial music recording,تصميم الصوت/تسجيل الموسيقى التجارية,Sound design/commercial music recording,"","",1868,EABC0146-B80D-473D-AB47-623C38EC444B
0EE7A885-CD74-4927-9DE4-7EFD0A37B29A,Sound Engineering - Music,هندسه صوت - موسيقى,Sound Engineering - Music,"","",1869,EF4B99A8-A131-49EB-A044-14B5F227BDC9
0BA40B4C-0B18-43FD-995A-0360065FDAAA,"South Asian Languages, Literatures, and Linguistics",لغات جنوب آسيا وآداب ولغوياتها,"South Asian Languages, Literatures, and Linguistics","","",1870,A49540BA-CF94-4C4F-ACBA-2CFF003B6DFA
C0EE8DCC-964F-4681-BCDB-DDDA0A07CF03,South Asian studies,دراسات جنوب آسيا,South Asian studies,"","",1871,42572058-C798-4E0F-A9D2-58E3B2926C85
5D4B7D54-96E7-48C4-942A-77D70AEDD1B0,Spa & water-based therapies,علاجات السبا والعلاجات المائية,Spa & water-based therapies,"","",1872,B2B987EF-278C-4E27-AC79-6AAD152BF4DF
E90174ED-1B2E-447F-9D85-14AC05DE385A,Space & planetary sciences,علوم الفضاء والكواكب,Space & planetary sciences,"","",1873,2E16E0DA-608E-4B96-B9D7-B000923DF19C
60F2D79B-F433-4198-A6FE-4CA1F1CA8406,Space science,علم الفضاء,Space science,"","",1874,2E16E0DA-608E-4B96-B9D7-B000923DF19C
0C45FB2A-75C3-4093-B82B-53AE04E15133,Spanish Language,اللغة الإسبانية,Spanish Language,"","",1875,A49540BA-CF94-4C4F-ACBA-2CFF003B6DFA
0FC1756B-6CB8-4A5A-A854-799807022EE9,Spanish Law,القانون الإسباني,Spanish Law,"","",1876,57E7370E-497B-4BD3-9E14-CF574151EB6F
0E447892-8EBE-4387-A297-D2BD091C582F,Special Education: For Severe Disabilities,تربية خاصة: في الإعاقة الشديدة,Special Education: For Severe Disabilities,"","",1877,6CB67E60-E96A-4EF1-85E6-FBFDCA9460E9
0893C5FC-745E-4D39-A2B1-DF4E0FB057D7,Special Education: In Early Childhood,تربية خاصة: في الطفولة المبكرة,Special Education: In Early Childhood,"","",1878,6CB67E60-E96A-4EF1-85E6-FBFDCA9460E9
0F63AD50-9F6C-478F-88A9-82DA027A2EE2,Special Education: In School,تربية خاصة: في المدرسة,Special Education: In School,"","",1879,6CB67E60-E96A-4EF1-85E6-FBFDCA9460E9
0D4E0289-60FD-4E14-A5E2-A39A94F3ADD7,Speech & natural language processing,معالجة الكلام واللغة الطبيعية,Speech & natural language processing,"","",1880,C6F2E677-90AA-407B-9735-8FBDFA294CDD
22AEDC54-C5D1-431E-AF82-E124065A3A27,Speech science,علم الكلام,Speech science,"","",1881,5E7A14B4-6733-4477-8E95-FD49EA9612BA
06554662-89D8-483B-8246-A6320196AAD9,Speech therapy,علاج مقوم للنطق,Speech therapy,"","",1882,E35FB37B-2402-4603-9776-33D0D4848B9B
B192A721-32E4-4E85-8BED-5C2ED95CAEBF,Sponsorship,الرعاية,Sponsorship,"","",1883,43817EFA-BADD-419E-8D15-1E388A7AB85F
FE4CEC80-209F-4961-AEDB-738B91438612,Sport & exercise science,علم الرياضة والتمرين,Sport & exercise science,"","",1884,8EEFC790-92F6-4472-94B8-8F02D0F07688
8EEFC790-92F6-4472-94B8-8F02D0F07688,Sport & exercise science,علم الرياضة والتمرين,Sport & exercise science,"","",1885,
64854351-2219-4D8A-BE1D-13B7A8B407CA,Sport coaching,التدريب الرياضي,Sport coaching,"","",1889,8EEFC790-92F6-4472-94B8-8F02D0F07688
671612AC-6FB0-42E5-B82D-09000DAC85AA,"Sport conditioning, rehabilitation & therapy",التكييف الرياضي وإعادة التأهيل والعلاج,"Sport conditioning, rehabilitation & therapy","","",1890,8EEFC790-92F6-4472-94B8-8F02D0F07688
ECB196CF-FA6D-4770-A64C-BDA50F14F36D,Sport development,تطوير الرياضة,Sport development,"","",1891,8EEFC790-92F6-4472-94B8-8F02D0F07688
12282875-641D-46E2-945E-99AB48CD079E,Sport management,إدارة الرياضة,Sport management,"","",1893,96D55527-8E7C-4FB8-8487-F27A5DAC0FAD
751D2F5D-470D-405A-935C-C8A76308B49C,Sport psychology,علم النفس الرياضي,Sport psychology,"","",1894,0BA9E910-CF12-4040-B5FC-6D18F9A6D765
DAD233AF-0419-4EA2-A1DD-61BD315CD41D,Sport studies,دراسات رياضية,Sport studies,"","",1896,8EEFC790-92F6-4472-94B8-8F02D0F07688
5E2F65A6-913C-4B53-A6D0-F7FEA2724D52,Sport technology,تكنولوجيا الرياضة,Sport technology,"","",1897,8EEFC790-92F6-4472-94B8-8F02D0F07688
0FC3E030-AD16-4F7C-9D3B-B5C40EE11222,Sports and Fitness,الرياضة واللياقة البدنية,Sports and Fitness,"","",1898,8EEFC790-92F6-4472-94B8-8F02D0F07688
013F78DB-C441-40C3-A62C-31140BF7C658,Sports Biomechanics,الميكانيكا الحيوية الرياضية,Sports Biomechanics,"","",1900,A4E63C31-2522-498F-A2D1-160A4DE0C61F
006FDEE4-2352-41B7-8C2A-F7390EAC831A,Sports Facilities and Venue Management,إدارة المنشآت والمرافق الرياضية ,Sports Facilities and Venue Management,"","",1901,96D55527-8E7C-4FB8-8487-F27A5DAC0FAD
03221CFE-616A-4747-83DA-9C8F09EC41FE,Sports law,القانون الرياضي,Sports law,"","",1902,4F74D66E-F94C-4215-8EE6-20D8B2A0D2DE
0CFACF35-FD7A-40FF-9647-C2030DD75E5D,Sports media,اعلام رياضي,Sports media,"","",1903,56ABF249-06C6-4AC0-91F3-E2586E3E3C0E
A8C29AB7-5C62-4570-8663-6CF53D5442FF,Staff development,تطوير الموظفين,Staff development,"","",1905,F7F7A906-A232-4DD6-81DB-1477A28264BD
644A2B03-986A-47CC-AD97-53F14FEB2C82,Stage design,تصميم المرحلة,Stage design,"","",1906,27F76109-CE90-4F0B-A56C-AE5943612575
E9CF6043-2607-4212-8546-3D0B1FF9FC1C,Stage management,إدارة المرحلة,Stage management,"","",1907,27F76109-CE90-4F0B-A56C-AE5943612575
74667217-5175-49D7-9461-6C76B4373F3A,Statistical modelling,النمذجة الإحصائية,Statistical modelling,"","",1908,E0DDB537-F0A8-4F65-88E5-EDE72D109AEC
E0DDB537-F0A8-4F65-88E5-EDE72D109AEC,Statistics,إحصائيات,Statistics,"","",1909,
2E93CED2-15F3-4839-BF24-E2B2E3424B5E,Statistics,إحصائيات,Statistics,"","",1910,E0DDB537-F0A8-4F65-88E5-EDE72D109AEC
0AA0B5D6-9A68-471B-B444-5D6F05BA8569,Stem Cells and Regenerative Medicine,الخلايا الجذعية والطب التجديدي,Stem Cells and Regenerative Medicine,"","",1911,EF4B99A8-A131-49EB-A044-14B5F227BDC9
8BE3FC28-AE56-4246-86F6-CC9FA3E6C16D,Stochastic processes,العمليات العشوائية,Stochastic processes,"","",1912,E0DDB537-F0A8-4F65-88E5-EDE72D109AEC
EC748D9B-1E20-4D0B-A16B-BF9D0DE640E7,Stone crafts,الحرف الحجرية,Stone crafts,"","",1913,7695196F-70D0-4244-9B41-DD496FF40793
34DEF684-A055-43B4-B901-16F48A73048D,Strategic management,الإدارة الإستراتيجية,Strategic management,"","",1914,6075F702-3633-401F-9F28-5B4C802FA648
F7DB61D6-6046-42D9-9984-679D288117EF,Strategic studies,الدراسات الاستراتيجية,Strategic studies,"","",1915,C3022B9C-4CFB-4E3E-AFE6-897C73A1036E
0FEE3433-FF60-40D3-A4F8-7ACE08B7FCAF,"Strategy, Cybersecurity, and Intelligence ",الاستراتيجية والأمن السيبراني والاستخبارات,"Strategy, Cybersecurity, and Intelligence ","","",1916,53068239-3437-9508-3860-820022132875
FE1B1CF9-24C8-4750-9CE6-BC92D6249677,Structural chemistry,الكيمياء الهيكلية,Structural chemistry,"","",1917,B1BDE659-5A76-41D5-A0C6-4A2FB34444A2
333A65A1-1038-418A-8646-3F196D3916A9,Structural engineering,الهندسة الإنشائية,Structural engineering,"","",1918,57DEE9CC-7922-460E-8A7C-BED321E792D7
3DCCAF4F-F655-40EC-A764-C75564365C82,Structural mechanics,الميكانيكا الهيكلية,Structural mechanics,"","",1919,A4E63C31-2522-498F-A2D1-160A4DE0C61F
037CF35C-98A6-4C0E-90DA-B144094BFFAE,Studies and Research,الدراسات والبحوث,Studies and Research,"","",1920,53068239-3437-9508-3860-820022132875
1EEE5250-924E-450E-B319-B2EBEB55676C,Submarine building,مبنى الغواصة,Submarine building,"","",1921,6C88BD41-F46D-4BE7-873E-FEE8F8731703
DE8C9401-8593-4E53-8A50-6C304A27BECA,Submarine design,تصميم الغواصة,Submarine design,"","",1922,6C88BD41-F46D-4BE7-873E-FEE8F8731703
0953F40A-BC3E-4E02-9303-C5C71382F049,Supply Chain Management,إدارة سلسلة التوريد,Supply Chain Management,"","",1923,6075F702-3633-401F-9F28-5B4C802FA648
7130394A-7B8A-4C0D-AAFB-2BF3BD110206,Surface combat ship building,بناء السفن القتالية السطحية,Surface combat ship building,"","",1924,6C88BD41-F46D-4BE7-873E-FEE8F8731703
75D42E4C-FBF7-4913-9B8E-AD98738D21EC,Surface combat ship design,تصميم السفن القتالية السطحية,Surface combat ship design,"","",1925,6C88BD41-F46D-4BE7-873E-FEE8F8731703
3B5C4C76-1E45-4AAC-93AF-CFC7CA8256A7,Surface decoration,زخرفة السطح,Surface decoration,"","",1926,7695196F-70D0-4244-9B41-DD496FF40793
BEECAB3F-025D-49E7-A17F-5A3406E5FD0A,Surface freight ship building,بناء سفن الشحن السطحية,Surface freight ship building,"","",1927,6C88BD41-F46D-4BE7-873E-FEE8F8731703
EE68E935-A192-4F26-A9EC-672816A20ABA,Surface freight ship design,تصميم سفينة الشحن السطحية,Surface freight ship design,"","",1928,6C88BD41-F46D-4BE7-873E-FEE8F8731703
CA77659B-A6E2-4033-B110-048DE3772157,Surface passenger ship building,بناء سفن الركاب السطحية,Surface passenger ship building,"","",1929,6C88BD41-F46D-4BE7-873E-FEE8F8731703
E0C89240-1B9B-4D01-9B16-E17120DAE5A9,Surface passenger ship design,تصميم سفينة الركاب السطحية,Surface passenger ship design,"","",1930,6C88BD41-F46D-4BE7-873E-FEE8F8731703
A56684F6-1DEC-4A04-B7D5-6943A2A38396,Surgery,جراحة,Surgery,"","",1931,8E3B4DAF-9BCE-452A-A000-81355FF7FCE3
0A9BEF96-A650-4B54-97B5-93E00AA0A369,Surgery & Obstetrics,جراحة وتوليد,Surgery & Obstetrics,"","",1932,8E3B4DAF-9BCE-452A-A000-81355FF7FCE3
9257826C-49A4-4463-ACE6-CF32C1B0896E,Surgical nursing,التمريض الجراحي,Surgical nursing,"","",1933,CE505D71-B5F7-494E-AB4D-BDE190745D96
0E52BF6A-04F6-47DC-92E0-07D600464BD2,Surgical Technology,التكنولوجيا الجراحية,Surgical Technology,"","",1934,49C41DF6-30BD-4A7A-8EE4-201F6CCEAFD8
D84A79A8-964C-4556-B907-3AFA4109A85E,Surveying science,علم المساحة,Surveying science,"","",1935,57DEE9CC-7922-460E-8A7C-BED321E792D7
0EDCEAB2-095C-411B-A053-847F0E104D78,Surveying Technology,تكنولوجيا المسح,Surveying Technology,"","",1936,1445B371-EACD-45A1-8ACA-2318DF9F9893
D094F5AB-073F-4FB0-A001-F36A66E04C0B,Survival Skills Programs,برامج مهارات البقاء,Survival Skills Programs,"","",1937,927C60FE-2C0B-45F1-ACA4-06CD3A5D7EB7
9D2484FC-07C2-42E5-9F36-B7ED6C3212CF,Sustainable agricultural & landscape development,التنمية الزراعية والمناظر الطبيعية المستدامة,Sustainable agricultural & landscape development,"","",1938,9D89556F-9EE5-4D31-9883-6A16F8EF09DE
068DFEE4-CCEF-43E6-8FE9-94AE0937E2D7,Sustainable Construction ,البناء المستدام,Sustainable Construction ,"","",1939,EF4B99A8-A131-49EB-A044-14B5F227BDC9
36AFE366-26A6-455B-819E-00FF6FF721F1,Sustainable Energy,الطاقة المستدامة,Sustainable Energy,"","",1940,EF4B99A8-A131-49EB-A044-14B5F227BDC9
581E4C8A-A520-4A87-9E31-C94A06358C3E,Sustainable Environment,البيئة المستدامة,Sustainable Environment,"","",1941,EF4B99A8-A131-49EB-A044-14B5F227BDC9
0C847168-D549-4296-845D-185F0A529AA8,Swedish Language,اللغة السويدية,Swedish Language,"","",1942,A49540BA-CF94-4C4F-ACBA-2CFF003B6DFA
0BD8BD80-E67F-4C4B-ADE8-A5A506CD3561,Swedish Law,القانون السويدي,Swedish Law,"","",1943,57E7370E-497B-4BD3-9E14-CF574151EB6F
048323A9-B23B-4EE3-B46A-896009E44FBC,Switzerland law,القانون السويسري,Switzerland law,"","",1944,57E7370E-497B-4BD3-9E14-CF574151EB6F
0443ED9E-0024-4386-BAEF-4BDC0983220E,Systematic Biology,علم الأحياء المنهجي,Systematic Biology,"","",1945,9234841C-6F26-4470-963E-8594BC2CF961
81CD8FF5-D54C-4EFD-9584-4191E7356CD2,Systematic botany,علم النبات المنهجي,Systematic botany,"","",1946,114C82E2-3F3A-4B10-97B8-7EFFD801A55F
BD95DA5A-8FBD-4336-81C4-BED017DCCAC4,Systems analysis & design,تحليل وتصميم النظم,Systems analysis & design,"","",1947,A5B2B263-AAB5-47BD-9063-CB304465E7BE
0D0533A3-B1EF-48DB-9C23-C4C10A444643,Systems and Network Administration,إدارة الأنظمة والشبكات,Systems and Network Administration,"","",1948,A5B2B263-AAB5-47BD-9063-CB304465E7BE
5A97BC79-E8D9-403E-B357-25BE5EC344E6,Systems auditing,تدقيق الأنظمة,Systems auditing,"","",1949,A5B2B263-AAB5-47BD-9063-CB304465E7BE
B1AEA8F6-31C5-455E-AB91-C8E57A3ECEDA,Systems design methodologies,منهجيات تصميم النظم,Systems design methodologies,"","",1950,A5B2B263-AAB5-47BD-9063-CB304465E7BE
DBBC6DE1-5DDB-4D9B-8760-BE34BB305051,Systems engineering,هندسة النظم,Systems engineering,"","",1951,5E0CFB10-3F40-44DE-BB4B-DBCCEF779F34
0156118F-4FC7-40B5-8DD0-220401C64691,Systems Science and Theory,علوم ونظرية الأنظمة,Systems Science and Theory,"","",1952,EF4B99A8-A131-49EB-A044-14B5F227BDC9
0BF83E98-09C5-4672-87BE-7244087F3CDB,Tamil Language,اللغة التاميلية,Tamil Language,"","",1953,A49540BA-CF94-4C4F-ACBA-2CFF003B6DFA
B7598865-7AB8-49E9-9E1A-46E445DFC3CC,Tanning,دباغة,Tanning,"","",1954,DA4B5B54-4E28-4E3C-94BF-4971F5FC955F
04FB217C-F4E8-470D-A41E-ACD0047FC7C4,Tax Law,قانون الضرائب,Tax Law,"","",1955,4F74D66E-F94C-4215-8EE6-20D8B2A0D2DE
CB9EE0B8-8906-4AA8-B9FA-8056C9F7ECB3,Taxation,الضرائب,Taxation,"","",1956,9589CFD6-4CBF-4FA8-B1EC-ABC0BF11F7EC
6CB67E60-E96A-4EF1-85E6-FBFDCA9460E9,Teacher Education,تعليم المعلمين,Teacher Education,"","",1957,
6E239E6B-988D-41E1-B022-3F5CBFD65E98,Teacher Education nec,تعليم المعلمين غير المصنّفة في موضع آخر,Teacher Education nec,"","",1958,6CB67E60-E96A-4EF1-85E6-FBFDCA9460E9
C84CA793-EF80-4B13-854E-7667E34A8A43,Teacher Education: Early Childhood,تعليم المعلمين: الطفولة المبكرة,Teacher Education: Early Childhood,"","",1959,6CB67E60-E96A-4EF1-85E6-FBFDCA9460E9
05422B17-F6D7-41EE-84B2-AE4D67B99BF2,Teacher Education: Higher Education,تعليم المعلمين: التعليم العالي,Teacher Education: Higher Education,"","",1960,6CB67E60-E96A-4EF1-85E6-FBFDCA9460E9
165160F3-9845-4030-957E-72FEF1C0AEF1,Teacher Education: Primary,تعليم المعلمين: ابتدائي,Teacher Education: Primary,"","",1961,6CB67E60-E96A-4EF1-85E6-FBFDCA9460E9
18C8F725-02F9-404B-8830-CC77929EEF8C,Teacher Education: Secondary,تعليم المعلمين: ثانوي,Teacher Education: Secondary,"","",1962,6CB67E60-E96A-4EF1-85E6-FBFDCA9460E9
2DED9287-5F89-41E7-B68C-6705E33F16E8,Teacher Education: Special Education,تعليم المعلمين: التربية الخاصة,Teacher Education: Special Education,"","",1963,6CB67E60-E96A-4EF1-85E6-FBFDCA9460E9
1EF7FC53-FF72-4712-8CEC-DD7C863748DC,Teacher Education: Vocational Education and Training,تعليم المعلمين: التعليم والتدريب المهني,Teacher Education: Vocational Education and Training,"","",1964,6CB67E60-E96A-4EF1-85E6-FBFDCA9460E9
5418DAE0-E17D-474B-A838-8F26B0AA75F9,Teacher Librarianship,مكتبة المعلم,Teacher Librarianship,"","",1965,6CB67E60-E96A-4EF1-85E6-FBFDCA9460E9
07875630-3381-40E4-B2AF-E9B90AD1829A,Technical and Business Writing,الكتابة الفنية والتجارية,Technical and Business Writing,"","",1967,E9281E81-96F0-474B-B6D4-9F264FC2FC72
2D8972B7-E916-42E4-BF52-9BDB1F3E3E26,Technical arts & special effects for theatre,الفنون التقنية والمؤثرات الخاصة للمسرح,Technical arts & special effects for theatre,"","",1968,27F76109-CE90-4F0B-A56C-AE5943612575
DEBC1DD6-5979-4052-80E6-1F0C84895B1B,Technical stage management,إدارة المرحلة الفنية,Technical stage management,"","",1969,27F76109-CE90-4F0B-A56C-AE5943612575
06C41302-A54A-4D61-B96E-BFC8092AAD05,Technical Theatre/Theatre Design and Technology,تصميم وتكنولوجيا المسرح التقني,Technical Theatre/Theatre Design and Technology,"","",1970,EF4B99A8-A131-49EB-A044-14B5F227BDC9
061B448B-EAFC-41E3-A79C-7AF2026B392A,technology engineering,هندسة التكنولوجيا,technology engineering,"","",1971,F0986833-4BE7-4B76-91B6-356BDA766CE1
0981A8A0-8737-4EE7-95EE-AA4A043F2762,Technology Entrepreneurship ,ريادة الأعمال التكنولوجية,Technology Entrepreneurship ,"","",1972,53068239-3437-9508-3860-820022132875
27FB39A9-4EFD-4782-8F24-7CBE0B2C3879,Tele healthcare,الرعاية الصحية عن بعد,Tele healthcare,"","",1973,7AE3CD27-7536-4DC4-A8CF-0F85D2ED3C98
006178E0-F8E8-40D5-8247-C05007159D1B,Telecommunications and Network Engineering Technology,هندسة الاتصالات والشبكات,Telecommunications and Network Engineering Technology,"","",1974,EF4B99A8-A131-49EB-A044-14B5F227BDC9
52E3CB4D-86A6-44FE-986D-8BD0CFC8939C,Telecommunications and Network engineering Technology,تكنولوجيا هندسة الاتصالات والشبكات,Telecommunications and Network engineering Technology,"","",1975,5E0CFB10-3F40-44DE-BB4B-DBCCEF779F34
BC863FBA-FD1C-4987-8FCD-2624FA126027,Television production,الإنتاج التلفزيوني,Television production,"","",1976,56ABF249-06C6-4AC0-91F3-E2586E3E3C0E
46C438E3-241C-4B7C-A94A-E3C0AEF64676,Television studies,دراسات تلفزيونية,Television studies,"","",1977,56ABF249-06C6-4AC0-91F3-E2586E3E3C0E
B05AE4D9-417A-4E2C-91C0-10BED62FCCA5,Test main,Test main,Test main,"","",1979,
41FFBFF8-50D7-426B-9998-20CB8EDAC34F,Test sub,Test sub,Test sub,"","",1980,B05AE4D9-417A-4E2C-91C0-10BED62FCCA5
B2629D90-0E49-43A0-8271-702182440FB0,Textile chemistry,كيمياء النسيج,Textile chemistry,"","",1981,DA4B5B54-4E28-4E3C-94BF-4971F5FC955F
86003CD6-A1EA-435C-9528-783ACA6BC2A3,Textile design,تصميم المنسوجات,Textile design,"","",1982,98726A46-0BA8-437A-AA93-EEA10F29C04F
348A3D72-2EDC-473E-9CBB-28BD86E5A58C,Textile engineering,هندسة النسيج,Textile engineering,"","",1983,F0986833-4BE7-4B76-91B6-356BDA766CE1
22DD1A50-9D63-4D17-8214-0E3D266ED2D1,Textiles technology,تكنولوجيا المنسوجات,Textiles technology,"","",1984,DA4B5B54-4E28-4E3C-94BF-4971F5FC955F
0ACE3C09-673D-4228-BBC8-55490662E2C1,Thai Language,اللغة التايلاندية,Thai Language,"","",1985,A49540BA-CF94-4C4F-ACBA-2CFF003B6DFA
1CF4E681-E760-4172-81BD-BB658175C0A9,Thatching,القش,Thatching,"","",1986,7695196F-70D0-4244-9B41-DD496FF40793
14A5690C-6D90-45FC-9B21-637FBFB1CCC3,The psychology of ageing,سيكولوجية الشيخوخة,The psychology of ageing,"","",1987,0BA9E910-CF12-4040-B5FC-6D18F9A6D765
34756D48-30AE-4451-B5C4-5ADE05684799,The Qur'an & Islamic texts,القرآن والنصوص الإسلامية,The Qur'an & Islamic texts,"","",1988,7E272DDE-3A15-43D0-AD21-1800E8A9A48B
587202C2-EED4-45E4-9DD9-E371BA4A5279,Theatre & professional practice,المسرح والممارسة المهنية,Theatre & professional practice,"","",1989,27F76109-CE90-4F0B-A56C-AE5943612575
006AD9A5-9564-4A5F-8825-D4B40D43B248,Theatre Arts Management,إدارة فنون المسرح,Theatre Arts Management,"","",1990,27F76109-CE90-4F0B-A56C-AE5943612575
CE71FED3-5C1E-49AD-915B-3CED515F3D24,Theatre design,تصميم المسرح,Theatre design,"","",1991,27F76109-CE90-4F0B-A56C-AE5943612575
4A68C7B5-D9C9-477D-80D8-497076382C41,Theatre studies,دراسات مسرحية,Theatre studies,"","",1992,27F76109-CE90-4F0B-A56C-AE5943612575
701A9F04-E4D7-49C3-95D8-CFD0782137FB,Theatrical make-up,مكياج مسرحي,Theatrical make-up,"","",1993,27F76109-CE90-4F0B-A56C-AE5943612575
F623E549-CB6D-4B86-93A1-A08D47473756,Theatrical wardrobe design,تصميم خزانة الملابس المسرحية,Theatrical wardrobe design,"","",1994,27F76109-CE90-4F0B-A56C-AE5943612575
45CFEAAB-E708-4AE4-8A6A-ED0C1FEF05E4,Theology,اللاهوت,Theology,"","",1995,7E272DDE-3A15-43D0-AD21-1800E8A9A48B
7E272DDE-3A15-43D0-AD21-1800E8A9A48B,Theology & religious studies,اللاهوت والدراسات الدينية,Theology & religious studies,"","",1996,
6DBE203D-6DBE-44B7-B410-275CC5F1A23E,Thermodynamics,الديناميكا الحرارية,Thermodynamics,"","",1997,5DB7DE56-F67A-48CD-9089-46FB4E84D197
0F9F87C1-52A9-40D7-A171-F938032D6EFD,Thoracic Surgery,جراحة الصدر,Thoracic Surgery,"","",1998,8E3B4DAF-9BCE-452A-A000-81355FF7FCE3
09122689-FEAE-4C8D-869B-016808DF1E8F,Tibetan Language,لغة التبت,Tibetan Language,"","",1999,A49540BA-CF94-4C4F-ACBA-2CFF003B6DFA
99B45CF4-224C-4DDD-A6F7-2E39F4BC85E7,Tile making,صنع البلاط,Tile making,"","",2000,7695196F-70D0-4244-9B41-DD496FF40793
D22BCAE6-A0A0-4699-B31E-01FC0054652E,Timber production,إنتاج الأخشاب,Timber production,"","",2001,820CF2C6-3F0D-48EE-B176-4F5B6267053B
87868BF4-F46C-4992-95B2-E8059C574F01,Tissue engineering & regenerative medicine,هندسة الأنسجة والطب التجديدي,Tissue engineering & regenerative medicine,"","",2002,A4E63C31-2522-498F-A2D1-160A4DE0C61F
0E60F3C3-ADBF-4173-AF64-2CAB03018F3E,Tool and Die Technology,تقنية الأدوات والقوالب,Tool and Die Technology,"","",2003,DCE3BC7D-8DCC-4D1B-9025-8CAB4E847E41
8E0668AD-6651-4B0C-9CF6-E331A9B60EEC,Topography,التضاريس,Topography,"","",2004,A565B2D4-44FD-42E8-B7AE-CA5E82A64AAB
727FD5B5-9BBE-4AB8-8BCE-3B97A092E956,Torts,الأضرار,Torts,"","",2005,4F74D66E-F94C-4215-8EE6-20D8B2A0D2DE
D457F244-0AC7-43FC-A8DA-F127C58FA192,Tourism,السياحة,Tourism,"","",2006,96D55527-8E7C-4FB8-8487-F27A5DAC0FAD
0578F3A7-A99D-436B-8935-83EA03C86047,Tourism and Hospitality,السياحة والضيافة,Tourism and Hospitality,"","",2007,96D55527-8E7C-4FB8-8487-F27A5DAC0FAD
05943BBB-0DA2-47C6-9EB7-D6C40290C310,Tourism and Hospitality Law,قانون السياحة والضيافة,Tourism and Hospitality Law,"","",2008,4F74D66E-F94C-4215-8EE6-20D8B2A0D2DE
838107DD-0EF8-4281-BD53-9E03BA9F0383,Tourism management,إدارة السياحة,Tourism management,"","",2009,96D55527-8E7C-4FB8-8487-F27A5DAC0FAD
0D7C4F83-3257-4503-AD6B-2AB30602D337,Tourism Promotion Operations,عمليات الترويج السياحي,Tourism Promotion Operations,"","",2010,96D55527-8E7C-4FB8-8487-F27A5DAC0FAD
9029E889-BAC4-4C6C-800A-80BB921064E6,Tourism studies,الدراسات السياحية,Tourism studies,"","",2011,96D55527-8E7C-4FB8-8487-F27A5DAC0FAD
33BF7B75-7B41-4350-9A96-0E74E8002C7B,Toxicology,علم السموم,Toxicology,"","",2012,252C93BF-180D-4330-BEA8-453317B03A4B
01F8E25B-9E15-4CD7-865C-82E30094D06E,Traffic engineering,هندسة المرور,Traffic engineering,"","",2013,57DEE9CC-7922-460E-8A7C-BED321E792D7
09F711B2-8CF0-4509-9985-C4A80448B2FD,Training individuals with special needs,تدريب ذوي احتياجات خاصة,Training individuals with special needs,"","",2014,8EEFC790-92F6-4472-94B8-8F02D0F07688
9B27A613-45E6-4F81-833D-12F7576AA539,Training methods,طرق التدريب,Training methods,"","",2015,F7F7A906-A232-4DD6-81DB-1477A28264BD
63BEABA6-28B3-4FF4-827A-3F192917B787,Transcriptomics,علم النسخ,Transcriptomics,"","",2016,52BC99F6-76CC-4C90-9A98-4603E9DF2FF1
75158F21-86B0-4F3B-8A22-E75AFF7C24C8,Translation studies,دراسات الترجمة,Translation studies,"","",2017,A49540BA-CF94-4C4F-ACBA-2CFF003B6DFA
B211D182-6A4E-4274-A100-E0B836E63136,Translation theory,نظرية الترجمة,Translation theory,"","",2018,A49540BA-CF94-4C4F-ACBA-2CFF003B6DFA
A6997BAD-2A93-481F-8898-0753A4769BE6,Transpersonal psychology,علم النفس عبر الشخصية,Transpersonal psychology,"","",2019,0BA9E910-CF12-4040-B5FC-6D18F9A6D765
E369B268-0350-4818-93B5-0C599A8D8D12,Transport engineering,هندسة النقل,Transport engineering,"","",2020,57DEE9CC-7922-460E-8A7C-BED321E792D7
621B46DC-F820-4FD4-A0A7-BD8FC3501FFF,Transport geography,جغرافية النقل,Transport geography,"","",2021,344586BA-A3D0-4075-ACC6-44E7FA38A3C7
592ECB20-E678-4BF4-A442-BCE9B45B8C8D,Transport logistics,لوجستيات النقل,Transport logistics,"","",2022,1445B371-EACD-45A1-8ACA-2318DF9F9893
749312C1-EC49-433D-A1A1-8F17C0214BE3,Transport planning,تخطيط النقل,Transport planning,"","",2023,7520D603-C251-4A21-8A0C-1FDEA6D666C2
8FF235BA-2DAF-47E5-B436-6CF3BE2A1906,Transport policy,سياسة النقل,Transport policy,"","",2024,64D65E23-2E73-493D-9B47-7A355D6FE5FD
E5B9CE30-F654-416A-B299-8B64BFF008AB,Transport studies,دراسات النقل,Transport studies,"","",2025,96D55527-8E7C-4FB8-8487-F27A5DAC0FAD
84C4CAA1-E37A-40B5-BDE9-5A9405B88EE0,Travel management,إدارة السفر,Travel management,"","",2026,96D55527-8E7C-4FB8-8487-F27A5DAC0FAD
3BDBED91-F9CD-4058-AFE6-F23F5CD13C95,Tree nutrition,تغذية الشجرة,Tree nutrition,"","",2027,820CF2C6-3F0D-48EE-B176-4F5B6267053B
D8346853-469B-449F-8BD6-BF0A1A822FEF,Tree physiology,فسيولوجيا الشجرة,Tree physiology,"","",2028,820CF2C6-3F0D-48EE-B176-4F5B6267053B
68DC8A99-B7AF-403F-90A1-124021AACE71,Tree production,إنتاج الأشجار,Tree production,"","",2029,820CF2C6-3F0D-48EE-B176-4F5B6267053B
AC492C6E-F31F-4742-9FAF-6EADA4816853,Tree protection,حماية الشجرة,Tree protection,"","",2030,820CF2C6-3F0D-48EE-B176-4F5B6267053B
23C0EC72-E713-4A76-ACBA-34A9839710C3,Trees & shrubs,الأشجار والشجيرات,Trees & shrubs,"","",2031,820CF2C6-3F0D-48EE-B176-4F5B6267053B
6980C305-5C92-4249-8424-AAA0F7CB2E1E,Turbine technology,تكنولوجيا التوربينات,Turbine technology,"","",2032,5DB7DE56-F67A-48CD-9089-46FB4E84D197
099A9412-D6D0-4CEF-8A6D-FCD20D823013,Turkish Language,اللغة التركية,Turkish Language,"","",2033,A49540BA-CF94-4C4F-ACBA-2CFF003B6DFA
0F8F3C7E-1CB9-4164-A442-36E9062357E3,Turkish Law,القانون التركي,Turkish Law,"","",2034,57E7370E-497B-4BD3-9E14-CF574151EB6F
99F427BE-D87C-4042-B7AD-19A765539F57,Types of dance,أنواع الرقص,Types of dance,"","",2035,3E3CD1C2-E37B-459A-89F8-957EB309D9E6
09AF2CCE-3073-4846-93D5-661F2C029877,UK constitutional studies,الدراسات الدستورية في المملكة المتحدة,UK constitutional studies,"","",2036,C3022B9C-4CFB-4E3E-AFE6-897C73A1036E
DD21C751-073E-4FE1-ACB9-B2CF4B812DBF,UK government/parliamentary studies,الحكومة البريطانية/الدراسات البرلمانية,UK government/parliamentary studies,"","",2037,C3022B9C-4CFB-4E3E-AFE6-897C73A1036E
5FA469CE-F3B0-4EFD-A7F0-F7E21C3C370B,UK legal systems,الأنظمة القانونية في المملكة المتحدة,UK legal systems,"","",2038,57E7370E-497B-4BD3-9E14-CF574151EB6F
CA144DF2-84FC-41AD-A20B-601E15826EA6,UK social policy,السياسة الاجتماعية في المملكة المتحدة,UK social policy,"","",2039,64D65E23-2E73-493D-9B47-7A355D6FE5FD
0334BF2C-476B-4F8F-A4B6-2A270EC53B21,Ukrainian Language,اللغة الأوكرانية,Ukrainian Language,"","",2040,A49540BA-CF94-4C4F-ACBA-2CFF003B6DFA
F6A78673-43EA-4598-AAC9-8026825A1970,Urban & rural planning,التخطيط الحضري والريفي,Urban & rural planning,"","",2041,7520D603-C251-4A21-8A0C-1FDEA6D666C2
0805EC17-8107-43BD-8B8E-FF350C292B67,Urban Forestry,الغابات الحضرية,Urban Forestry,"","",2042,820CF2C6-3F0D-48EE-B176-4F5B6267053B
3FFD147B-8EC6-443A-8190-EA4FC07AB6B1,Urban geography,الجغرافيا الحضرية,Urban geography,"","",2043,344586BA-A3D0-4075-ACC6-44E7FA38A3C7
E3EEB0B0-8B5C-451A-94A5-D8A688F616D6,Urban planning,التخطيط الحضري,Urban planning,"","",2044,7520D603-C251-4A21-8A0C-1FDEA6D666C2
A8FACC78-EBC0-4582-8B31-291807906351,Urban studies,الدراسات الحضرية,Urban studies,"","",2045,7520D603-C251-4A21-8A0C-1FDEA6D666C2
05487B9C-2973-419A-99D1-EF85005BC346,Urdu Language,اللغة الأردية,Urdu Language,"","",2046,A49540BA-CF94-4C4F-ACBA-2CFF003B6DFA
05B64306-E148-458F-B0FB-8705090EDDCD,Urology,طب المسالك البولية,Urology,"","",2047,8E3B4DAF-9BCE-452A-A000-81355FF7FCE3
06A7F6BF-EBE0-4668-837E-D8190C5F6A65,Vascular Surgery,جراحة الأوعية الدموية,Vascular Surgery,"","",2048,8E3B4DAF-9BCE-452A-A000-81355FF7FCE3
854FDF0C-AC0B-45A8-A9C8-F168287741F3,Vegetable science,علم الخضار,Vegetable science,"","",2049,D87DD58D-7913-468E-84D3-BA1DC077D6AA
0DE5C810-FBC0-4D2E-A8DF-09A2092DFFC9,Vehicle Emissions Inspection and MainteNULLce Technology,تقنية فحص وصيانة انبعاثات المركبات,Vehicle Emissions Inspection and MainteNULLce Technology,"","",2050,1445B371-EACD-45A1-8ACA-2318DF9F9893
0C696D6A-1A60-436B-ADCA-B3F4A58BC7E5,Veneering,القشرة,Veneering,"","",2051,7695196F-70D0-4244-9B41-DD496FF40793
04806646-5F15-4524-B157-2A6D06EE8A41,Veterinary Anaesthesiology,طب التخدير البيطري,Veterinary Anaesthesiology,"","",2052,9BA51219-2070-4110-8E2C-6C01300A10B1
E6710866-A7DC-40B6-9365-01140CFC4772,Veterinary biochemistry,الكيمياء الحيوية البيطرية,Veterinary biochemistry,"","",2054,D697718A-D4C8-4388-9FFD-CEEFEF2C9572
08EAAA33-2306-4F6C-A075-2D3B0E4C0F8F,Veterinary Dermatology,طب الأمراض الجلدية البيطرية,Veterinary Dermatology,"","",2056,9BA51219-2070-4110-8E2C-6C01300A10B1
C56C80EE-2534-4753-A1CB-11B77AE1FC6C,Veterinary genetics,الوراثة البيطرية,Veterinary genetics,"","",2057,52BC99F6-76CC-4C90-9A98-4603E9DF2FF1
8A1333DE-9866-43E4-B04F-E4B333541E0B,Veterinary Medicine,الطب البيطري,Veterinary Medicine,"","",2058,44AF3AB9-7B6D-4DB3-BC97-5655FA0FC007
BDE38642-0891-4242-A7E3-D292B1C5BCFD,Veterinary microbiology,علم الأحياء الدقيقة البيطرية,Veterinary microbiology,"","",2060,9234841C-6F26-4470-963E-8594BC2CF961
4E8878AB-373E-4A77-9C1D-5EA815A815B3,Veterinary nursing,التمريض البيطري,Veterinary nursing,"","",2061,44AF3AB9-7B6D-4DB3-BC97-5655FA0FC007
030D5983-8018-4DA4-AE16-FB180ACCC569,Veterinary Ophthalmics,طب العيون البيطري,Veterinary Ophthalmics,"","",2062,9BA51219-2070-4110-8E2C-6C01300A10B1
08B0ABB2-E0BA-4DC8-A197-4BD50FD4E723,Veterinary Practice,الممارسة البيطرية,Veterinary Practice,"","",2063,9BA51219-2070-4110-8E2C-6C01300A10B1
04661F48-0AA3-473D-9C3F-73ED0C44CB0B,Veterinary Preventive Medicine.,الطب البيطري الوقائي,Veterinary Preventive Medicine.,"","",2064,9BA51219-2070-4110-8E2C-6C01300A10B1
346A58F4-F2BD-409F-A2AE-620E54125974,Veterinary public health,الصحة العامة البيطرية,Veterinary public health,"","",2065,44AF3AB9-7B6D-4DB3-BC97-5655FA0FC007
0CC89FCB-69F7-4936-9BCD-3D3E06A7DFB9,Veterinary Residency Programs,برامج الإقامة البيطرية,Veterinary Residency Programs,"","",2066,9BA51219-2070-4110-8E2C-6C01300A10B1
000C12C0-99AD-4030-9F85-B9460518E888,Veterinary Surgery,الجراحة البيطرية,Veterinary Surgery,"","",2067,9BA51219-2070-4110-8E2C-6C01300A10B1
0EFBA1F6-66AA-4447-AE35-ADC76F0A6800,Vibration,اهتزاز,Vibration,"","",2068,5DB7DE56-F67A-48CD-9089-46FB4E84D197
0FFED707-1CFD-4C50-9EC8-3B30B8A28638,Victimology,علم الضحايا,Victimology,"","",2069,97EA1354-7504-4C00-B170-E993193B678E
07E0CCC5-6372-499E-BABA-47880BC8A956,Vietnamese Language,اللغة الفيتنامية,Vietnamese Language,"","",2070,A49540BA-CF94-4C4F-ACBA-2CFF003B6DFA
03FDBE75-ACDC-4939-8F5D-67A0020CACF7,"Violin, Viola, Guitar and Other Stringed Instruments",الكمان والفيولا والغيتار والآلات الوترية الأخرى,"Violin, Viola, Guitar and Other Stringed Instruments","","",2071,EABC0146-B80D-473D-AB47-623C38EC444B
2AC877B5-7F28-4CA8-B30D-E663D6AC3FDC,Virology,علم الفيروسات,Virology,"","",2072,9234841C-6F26-4470-963E-8594BC2CF961
A8CD4F5E-F90D-4F73-9740-EF4BB8D0D65C,Virtual reality engineering,هندسة الواقع الافتراضي,Virtual reality engineering,"","",2073,5E0CFB10-3F40-44DE-BB4B-DBCCEF779F34
06516A8D-1097-4BE0-B434-74E202A3DDC7,Vision Science and Physiological Optics.,علوم الرؤية والبصريات الفسيولوجية,Vision Science and Physiological Optics.,"","",2074,A038E0EA-4410-40C2-9FAB-039786715382
16ED203F-0E56-4E5B-BAB4-E0476F52B53B,Visitor management including interpretation,إدارة الزوار بما في ذلك الترجمة الفورية,Visitor management including interpretation,"","",2075,A158CEFA-5D2C-46EF-BC48-12DE95A564AE
2DE05C29-E433-496F-B740-46E4AD02CD19,Visual & audio effects,المؤثرات البصرية والصوتية,Visual & audio effects,"","",2076,6569B223-81EB-4A45-B60D-7875E6019300
07F35DDC-5E2D-4DE6-B5A8-7768039D83C5,Visual and Performing Arts,الفنون البصرية والمسرحية,Visual and Performing Arts,"","",2077,6569B223-81EB-4A45-B60D-7875E6019300
89F42389-F30C-418F-B7E5-8FF4F73F914E,Visual communication,التواصل البصري,Visual communication,"","",2078,98726A46-0BA8-437A-AA93-EEA10F29C04F
9CA298C8-F215-4BA2-B583-DFBB435BB9A1,Vulcanology,علم البراكين,Vulcanology,"","",2079,3A626880-24E5-4381-96E7-BFC68C0637E9
6C5233D0-A277-437F-9A34-3F0C23A990E4,War & peace studies,دراسات الحرب والسلام,War & peace studies,"","",2080,C3022B9C-4CFB-4E3E-AFE6-897C73A1036E
171F5C2F-96DF-49B8-8B4E-743CAB1D1733,Water quality control,مراقبة جودة المياه,Water quality control,"","",2081,A4E63C31-2522-498F-A2D1-160A4DE0C61F
35C79BE1-F4F0-44C3-81E9-6D59ABCBB20F,Water resource management,إدارة الموارد المائية,Water resource management,"","",2082,9D89556F-9EE5-4D31-9883-6A16F8EF09DE
155D8D1E-57CD-4F61-9AEE-2009A54F833B,Water resources engineering,هندسة الموارد المائية,Water resources engineering,"","",2083,57DEE9CC-7922-460E-8A7C-BED321E792D7
078F0292-0438-4394-AEEA-08F300B10ADE,"Water, Energy and the Environment  ",المياه والطاقة والبيئة,"Water, Energy and the Environment  ","","",2084,EF4B99A8-A131-49EB-A044-14B5F227BDC9
7397348E-0C1F-48CA-98E2-333C1509BBEF,Weaving,النسيج,Weaving,"","",2085,7695196F-70D0-4244-9B41-DD496FF40793
08C8985B-4D1C-4844-A299-BDCC7C6108FB,Welfare policy,سياسة الرفاهية,Welfare policy,"","",2086,64D65E23-2E73-493D-9B47-7A355D6FE5FD
7178E648-F5C4-4DEE-ACC3-7B3C4165EB4D,Welsh law,القانون الويلزي,Welsh law,"","",2087,57E7370E-497B-4BD3-9E14-CF574151EB6F
EEA508B3-B5ED-4A51-95A3-75173FF894DE,Wilderness management,إدارة البرية,Wilderness management,"","",2088,9D89556F-9EE5-4D31-9883-6A16F8EF09DE
0219DD77-7515-4DF3-B66A-2C530C5F2310,Wildlife and Wildlands Science and Management,علوم وإدارة الحياة البرية والأراضي البرية,Wildlife and Wildlands Science and Management,"","",2089,EF4B99A8-A131-49EB-A044-14B5F227BDC9
08D03990-4321-4A88-9D60-674A0986522E,"Women, Society & Development",المرأة والمجتمع والتنمية,"Women, Society & Development","","",2090,53068239-3437-9508-3860-820022132875
721E6889-8DC1-4672-8859-55313C00226F,Women’s Health,صحة المرأة,Women’s Health,"","",2091,E18A0B1B-F30C-4440-98F8-038A56BDF360
CFFB65D1-7AC7-4610-90FA-DB4F27B5116D,Women's studies,دراسات المرأة,Women's studies,"","",2092,97EA1354-7504-4C00-B170-E993193B678E
763A36B8-8046-42E8-99B2-CCDFF02091E6,Wood crafts,الحرف الخشبية,Wood crafts,"","",2093,7695196F-70D0-4244-9B41-DD496FF40793
0130B612-1480-4348-9F00-35FB0E7CE867,Word Processing,معالجة النصوص,Word Processing,"","",2094,E9281E81-96F0-474B-B6D4-9F264FC2FC72
88973643-B3D4-47DF-8E86-8F5DF17C510D,Work Practices Programs,برامج ممارسات العمل,Work Practices Programs,"","",2095,615C7CC3-4C76-416D-8FF3-E317000E045D
03E39CF4-0FB0-4F13-BB52-72210F109BC8,Youth Activation,التنشيط الشبابي,Youth Activation,"","",2096,53068239-3437-9508-3860-820022132875
1C3E637C-A336-4EE0-A027-041FDE02ADEA,Youth work,عمل الشباب,Youth work,"","",2097,C73D8BF3-FB18-4B10-931F-26B0B3A7CE2A
