Id,BackendName,NameAr,NameEn,DescriptionAr,DescriptionEn,DisplayOrder,CityId,Website,Phone,Email,Code,LogoEn,LogoAr,OriginalName
8DD63DB6-50F6-4885-91F1-7F12CB3100CC,AalborgUniversity,جامعة آلبورغ,Aalborg University,<p>Address: {{Description}}</p>,<p>Address: {{Description}}</p>,1,87E8D792-A1C9-4900-AA9C-96787F67625B,www.en.aau.dk/,{{Phone}},NULL,3562,,,Aalborg University
68417C27-EB63-41F6-B4CC-48C13933F000,AaltoUniversity,جامعة آلتو,Aalto University,<p>Address: {{Description}}</p>,<p>Address: {{Description}}</p>,2,F29D686D-089D-431E-BEBB-AF600F4F1DAD,www.aalto.fi/en/,{{Phone}},NULL,3563,,,Aalto University
1BB2A873-E5FA-4210-84DD-05201DB0073D,AarhusUniversity,جامعة آرهوس,Aarhus University,<p>Address: {{Description}}</p>,<p>Address: {{Description}}</p>,3,87E8D792-A1C9-4900-AA9C-96787F67625B,www.au.dk/en/,{{Phone}},NULL,355,,,Aarhus University
BCA2A3C2-C404-4F9C-9F7F-8C0CE0674E01,AbaiKazakhNationalPedagogicalUniversity,جامعة أباي الوطنية للتربية,Abai Kazakh National Pedagogical University,<p>Address: {{Description}}</p>,<p>Address: {{Description}}</p>,4,061A0A99-DB90-4033-82B1-77B3301A4492,NULL,{{Phone}},NULL,4401,,,Abai Kazakh National Pedagogical University
0DB7143D-FF44-4A9B-A7F6-9D45C71BE136,AberystwythUniversity,جامعة أبيريستويث,Aberystwyth University,<p>Address: {{Description}}</p>,<p>Address: {{Description}}</p>,5,1489E888-7F88-4EC7-B746-1E8918A7245A,http://www.aber.ac.uk/en,{{Phone}},NULL,2950,,,Aberystwyth University
106CC3AD-50A9-4E75-99D8-4A6B6168ABEF,AlderwasleyHallSchool,مدرسة ألدرواسلي هول الخاصة,Alderwasley Hall School,<p>Address: {{Description}}</p>,<p>Address: {{Description}}</p>,25,1489E888-7F88-4EC7-B746-1E8918A7245A,NULL,{{Phone}},NULL,4227,,,Alderwasley Hall School
366910D8-6729-45BC-90C7-A74D78FB97A4,AcademicBridgeProgram,برنامج الجسر الأكاديمي,Academic Bridge Program,<p>Address: {{Description}}</p>,<p>Address: {{Description}}</p>,7,D1DF472C-5D2E-47DD-98AD-D5E693C5BA6F,NULL,{{Phone}},NULL,224,,,Academic Bridge Program
0346C753-D674-47D3-9FD5-230E83DE8D2A,AcademyforHigherEducationTripoli,أكاديمية الدراسات العليا - طرابلس,Academy for Higher Education Tripoli,<p>Address: {{Description}}</p>,<p>Address: {{Description}}</p>,8,8A63EE54-21D4-4ECF-B1F9-7916419EB14E,NULL,{{Phone}},NULL,1056,,,Academy for Higher Education Tripoli
C4D95E16-825C-4D82-93D4-32F9E02653FF,AcademyofArtsArchitectureandDesignPrague,أكاديمية الفنون والعمارة والتصميم في براغ,"Academy of Arts, Architecture and Design Prague",<p>Address: {{Description}}</p>,<p>Address: {{Description}}</p>,9,9CB59D55-A92C-4F8F-831F-E2A37857BEAA,NULL,{{Phone}},NULL,4454,,,"Academy of Arts, Architecture and Design Prague"
752841BA-7539-4465-888D-CAAF71DDED90,AngliaRuskinUniversity,جامعة أنغليا روسكين,Anglia Ruskin University,<p>Address: {{Description}}</p>,<p>Address: {{Description}}</p>,56,1489E888-7F88-4EC7-B746-1E8918A7245A,NULL,{{Phone}},NULL,1776,,,Anglia Ruskin University
C15BFCEA-A1D9-43B2-9ACB-21CF2E4B61C4,AcademyofFineArtsVienna,أكاديمية الفنون الجميلة في فيينا,Academy of Fine Arts Vienna,<p>Address: {{Description}}</p>,<p>Address: {{Description}}</p>,11,BC04E008-3F0A-43AA-A4F2-2DB917054D97,NULL,{{Phone}},NULL,4445,,,Academy of Fine Arts Vienna
D542FF3C-5ECD-4E05-8637-F3A992C59F6C,AcademyofSciencesoftheCzechRepublic,أكاديمية العلوم التشيكية,Academy of Sciences of the Czech Republic,<p>Address: {{Description}}</p>,<p>Address: {{Description}}</p>,12,9CB59D55-A92C-4F8F-831F-E2A37857BEAA,NULL,{{Phone}},NULL,4344,,,Academy of Sciences of the Czech Republic
0FCCD042-652E-4409-B2FE-851B3BACCBCF,AngloContinental,أنغلو كونتيننتال للغة الإنجليزية,Anglo- Continental,<p>Address: {{Description}}</p>,<p>Address: {{Description}}</p>,57,1489E888-7F88-4EC7-B746-1E8918A7245A,NULL,{{Phone}},NULL,2187,,,Anglo- Continental
F6D50DD7-5DD6-47F5-ADCA-6C80C3A94521,AFPAAssociationNationalepourlaFormationProfessionnelledesAdultes,الجمعية الوطنية للتدريب المهني للبالغين,AFPA (Association Nationale pour la Formation Professionnelle des Adultes),<p>Address: {{Description}}</p>,<p>Address: {{Description}}</p>,14,697C7D6B-6E81-416B-8F94-C01AE8A678E1,NULL,{{Phone}},NULL,4581,,,AFPA (Association Nationale pour la Formation Professionnelle des Adultes)
8F2FF7E9-6C13-47C2-BB1D-6C6CD859C98C,ArtsUniversityBournemouth,جامعة الفنون في بورنموث,Arts University Bournemouth,<p>Address: {{Description}}</p>,<p>Address: {{Description}}</p>,72,1489E888-7F88-4EC7-B746-1E8918A7245A,aub.ac.uk/,{{Phone}},NULL,3005,,,Arts University Bournemouth
7C6CE31B-926D-4808-8C20-7A784BA36268,AirlanggaUniversity,جامعة إيرلانغا,Airlangga University,<p>Address: {{Description}}</p>,<p>Address: {{Description}}</p>,16,C6887CE4-4FB8-4F32-8B6C-C3E537A85E7D,NULL,{{Phone}},NULL,4427,,,Airlangga University
58BAD4A4-F1BA-4DE3-BB88-B78226BC593B,AjmanUniversityforScienceandTechnology,جامعة عجمان,Ajman University for Science and Technology,<p>Address: {{Description}}</p>,<p>Address: {{Description}}</p>,17,1BDC81B7-A509-4181-AB12-0010F8535AC4,NULL,{{Phone}},NULL,458,,,Ajman University for Science and Technology
D0D3E77D-E1C1-443C-8602-3539F2A5F4D8,AjouUniversity,جامعة آجـو,Ajou University,<p>Address: {{Description}}</p>,<p>Address: {{Description}}</p>,18,4EC45433-C178-4920-91B5-51459C956B21,http://www.ajou.ac.kr/,{{Phone}},NULL,3754,,,Ajou University
0CE2E0EB-BED5-4EA3-B2E9-631316FFAAF5,Akdenizniversitesi,جامعة أكدينيز,Akdeniz Üniversitesi,<p>Address: {{Description}}</p>,<p>Address: {{Description}}</p>,19,4BF7C691-B2AE-4D6A-B934-8ECA5F2177B2,NULL,{{Phone}},NULL,4555,,,Akdeniz Üniversitesi
8846E4AD-0EEF-41C6-8F25-47CB4E6177C6,AlAhliyyaAmmanUniversity,جامعة عمان الأهلية,Al-Ahliyya Amman University,<p>Address: {{Description}}</p>,<p>Address: {{Description}}</p>,20,10764C65-F3FD-469D-8849-7171F7CD4024,NULL,{{Phone}},NULL,1104,,,Al-Ahliyya Amman University
2505752F-0C15-437D-A300-BE8C361BDBFE,AlAkhawaynUniversity,جامعة الأخوين,Al Akhawayn University,<p>Address: {{Description}}</p>,<p>Address: {{Description}}</p>,21,A111717E-8D29-46F4-A816-1DC0325517F2,NULL,{{Phone}},NULL,3507,,,Al Akhawayn University
D98D8ACF-3469-4BF0-8E0B-173B672F166C,ALBatraUniversity,جامعة البترا,AL-Batra University,<p>Address: {{Description}}</p>,<p>Address: {{Description}}</p>,22,10764C65-F3FD-469D-8849-7171F7CD4024,NULL,{{Phone}},NULL,459,,,AL-Batra University
B1F16C47-1E80-4D91-A4AE-CF00CB026610,AlbertLudwigsUniversitatFreiburg,جامعة فرايبورغ,Albert-Ludwigs-Universitat Freiburg,<p>Address: {{Description}}</p>,<p>Address: {{Description}}</p>,23,B6929437-CF78-40FE-B9EF-6AF0F35AE3D1,NULL,{{Phone}},NULL,3113,,,Albert-Ludwigs-Universitat Freiburg
AF244BD7-7FCD-47A2-AFE1-99C2BFE11F42,AldammamUniversity,جامعة الدمام,Aldammam University,<p>Address: {{Description}}</p>,<p>Address: {{Description}}</p>,24,993E5108-1F39-49FE-93F9-D4AB8A0EEE1B,NULL,{{Phone}},NULL,2551,,,Aldammam University
7D5F5D32-CD5D-4F4B-A0C1-3C988F8BE387,AstonUniversity,جامعة أستون,Aston University,<p>Address: {{Description}}</p>,<p>Address: {{Description}}</p>,75,1489E888-7F88-4EC7-B746-1E8918A7245A,http://www.aston.ac.uk/,{{Phone}},NULL,1299,,,Aston University
231B2B41-9F5A-4733-A7BB-3AB35DE43B9D,AlexandriaUniversity,جامعة الإسكندرية,Alexandria University,<p>Address: {{Description}}</p>,<p>Address: {{Description}}</p>,26,C65B85B5-8772-4DFB-89FF-AD6AD178E561,NULL,{{Phone}},NULL,463,,,Alexandria University
72C1981C-32A6-4813-88AD-C581AC61A28B,AlFarabiKazakhNationalUniversity,جامعة الفارابي الوطنية الكازاخية,Al-Farabi Kazakh National University,<p>Address: {{Description}}</p>,<p>Address: {{Description}}</p>,27,061A0A99-DB90-4033-82B1-77B3301A4492,NULL,{{Phone}},NULL,4410,,,Al-Farabi Kazakh National University
19FFF413-53F4-46E1-8D56-4C5B324814DC,AlImamMuhammedIbnSaudIslamicuniversity,جامعة الإمام محمد بن سعود الإسلامية,Al-Imam Muhammed Ibn Saud Islamic university,<p>Address: {{Description}}</p>,<p>Address: {{Description}}</p>,28,993E5108-1F39-49FE-93F9-D4AB8A0EEE1B,NULL,{{Phone}},NULL,1270,,,Al-Imam Muhammed Ibn Saud Islamic university
891A4102-9E03-4C0A-AE59-A82AEAD3D85B,AllianceDidactique,تحالف ديداكتيك,Alliance Didactique,<p>Address: {{Description}}</p>,<p>Address: {{Description}}</p>,29,697C7D6B-6E81-416B-8F94-C01AE8A678E1,NULL,{{Phone}},NULL,4582,,,Alliance Didactique
34A1A099-18ED-45D6-8F33-2D7485653BE4,AllianceFrancaisedeBordeaux,أليانس فرانسيز – بوردو,Alliance Francaise de Bordeaux,<p>Address: {{Description}}</p>,<p>Address: {{Description}}</p>,30,697C7D6B-6E81-416B-8F94-C01AE8A678E1,NULL,{{Phone}},NULL,1603,,,Alliance Francaise de Bordeaux
92DC98E0-4647-47BC-B204-BD7D689E3589,Alliancefrancaiselyon,Alliance francaise lyon,Alliance francaise lyon,<p>Address: {{Description}}</p>,<p>Address: {{Description}}</p>,31,697C7D6B-6E81-416B-8F94-C01AE8A678E1,http://www.ou.edu/,{{Phone}},NULL,0,,,Alliance francaise lyon
01640431-AC8F-4472-87EF-41AA9372EA7C,ALLIANCEFRANCAISESCHOOL,مدرسة أليانس فرانسيه,ALLIANCE FRANCAISE SCHOOL,<p>Address: {{Description}}</p>,<p>Address: {{Description}}</p>,32,697C7D6B-6E81-416B-8F94-C01AE8A678E1,NULL,{{Phone}},NULL,781,,,ALLIANCE FRANCAISE SCHOOL
0B82915A-949C-467C-B33D-F61CCBD47779,BangorUniversity,جامعة بانغور,Bangor University,<p>Address: {{Description}}</p>,<p>Address: {{Description}}</p>,88,1489E888-7F88-4EC7-B746-1E8918A7245A,http://www.bangor.ac.uk/,{{Phone}},NULL,635,,,Bangor University
13C2FB53-DFDE-4946-891B-C02AA1F02213,AllIndiaInstituteofMedicalSciences,معهد الهند للعلوم الطبية,All India Institute of Medical Sciences,<p>Address: {{Description}}</p>,<p>Address: {{Description}}</p>,34,0C296880-4F70-452A-987E-723E428B63EB,NULL,{{Phone}},NULL,4386,,,All India Institute of Medical Sciences
267BC4A1-6FC2-4920-99C6-B9A60F391EB8,AllSaintsUniversitySchoolofMedicine,جامعة أول سينتس – كلية الطب,All Saints University- School of Medicine,<p>Address: {{Description}}</p>,<p>Address: {{Description}}</p>,35,14A4837F-13BC-47D0-BE53-42A46179C900,NULL,{{Phone}},NULL,4213,,,All Saints University- School of Medicine
69F82FAB-2FA9-4B9E-894C-5B0577B2B844,AlmaMaterStudiorumUniversitdiBologna,جامعة بولونيا,Alma Mater Studiorum - Università di Bologna,<p>Address: {{Description}}</p>,<p>Address: {{Description}}</p>,36,8EA4214D-3BBC-4296-9CC0-8873A293313C,NULL,{{Phone}},NULL,4473,,,Alma Mater Studiorum - Università di Bologna
0B90D88A-8FF5-43DB-BF80-A0A39C70A607,AlpadiaLanguageSchool,مدرسة ألفاديا للغات,Alpadia Language School,<p>Address: {{Description}}</p>,<p>Address: {{Description}}</p>,37,4E364110-075B-4CF7-A201-DEB66B8C8505,NULL,{{Phone}},NULL,4624,,,Alpadia Language School
4A0A9D36-EC18-43C2-B01D-8C08C33F67CF,AlQarawiyinUniversity,جامعة القرويين,Al-Qarawiyin University,<p>Address: {{Description}}</p>,<p>Address: {{Description}}</p>,38,A111717E-8D29-46F4-A816-1DC0325517F2,NULL,{{Phone}},NULL,1091,,,Al-Qarawiyin University
55CAD5D7-7A9F-4AA8-961D-05BA14728655,AlRayyanInternationalUniversityCollege,كلية الريان الدولية الجامعية,Al Rayyan International University College,<p>Address: {{Description}}</p>,<p>Address: {{Description}}</p>,39,D1DF472C-5D2E-47DD-98AD-D5E693C5BA6F,NULL,{{Phone}},NULL,2215,,,Al Rayyan International University College
3ACC1226-154A-4C06-8096-3DBAAE8F4079,AlShahidBahshatyUniversity,جامعة الشهيد بهشتي,Al Shahid Bahshaty University,<p>Address: {{Description}}</p>,<p>Address: {{Description}}</p>,40,D8E04787-FA4E-4CC9-AAB7-88654757E6E6,NULL,{{Phone}},NULL,750,,,Al Shahid Bahshaty University
C150008D-2058-4B18-B712-0CDFB7A777A4,AltaiStateUniversity,جامعة ألتاي الحكومية,Altai State University,<p>Address: {{Description}}</p>,<p>Address: {{Description}}</p>,41,6BD31142-3A12-474E-A48B-973BE400F1A7,NULL,{{Phone}},NULL,4497,,,Altai State University
2134111B-274F-4EA8-8F94-512A69635875,BartsandtheLondonNHSTrust,بارتس وكلية لندن للطب وطب الأسنان,Barts and the London NHS Trust,<p>Address: {{Description}}</p>,<p>Address: {{Description}}</p>,89,1489E888-7F88-4EC7-B746-1E8918A7245A,NULL,{{Phone}},NULL,713,,,Barts and the London NHS Trust
68440D3C-EECF-475E-8BF9-F7642C3B462D,BasilPatersonColledge,كلية بازل باتيرسون,Basil Paterson Colledge,<p>Address: {{Description}}</p>,<p>Address: {{Description}}</p>,90,1489E888-7F88-4EC7-B746-1E8918A7245A,NULL,{{Phone}},NULL,968,,,Basil Paterson Colledge
326C39C4-E97B-436A-936E-CE1B1ACDCC02,BathSpaUniversity,جامعة باث سبا,Bath Spa University,<p>Address: {{Description}}</p>,<p>Address: {{Description}}</p>,91,1489E888-7F88-4EC7-B746-1E8918A7245A,http://www.bathspa.ac.uk/,{{Phone}},NULL,2969,,,Bath Spa University
FE14792D-F1CF-4CCD-8C8B-38264CB25476,AMERICANUNIVERSITYATPARIS,الجامعة الأمريكية في باريس,AMERICAN UNIVERSITY AT PARIS,<p>Address: {{Description}}</p>,<p>Address: {{Description}}</p>,45,697C7D6B-6E81-416B-8F94-C01AE8A678E1,NULL,{{Phone}},NULL,778,,,AMERICAN UNIVERSITY AT PARIS
29826757-8462-406F-A6FD-84922FF80F6B,AmericanUniversityBulgaria,الجامعة الأمريكية في بلغاريا,American University -Bulgaria,<p>Address: {{Description}}</p>,<p>Address: {{Description}}</p>,46,DB579728-2EC1-4C89-BE79-82BEC95253D5,NULL,{{Phone}},NULL,4232,,,American University -Bulgaria
A8931BA2-7EC6-46A1-A935-25B57AF6E343,AmericanUniversityinDubai,الجامعة الأمريكية في دبي,American University in Dubai,<p>Address: {{Description}}</p>,<p>Address: {{Description}}</p>,47,1BDC81B7-A509-4181-AB12-0010F8535AC4,NULL,{{Phone}},NULL,469,,,American University in Dubai
5C42F8D8-58AA-414E-A5D2-AD087FFBF38D,AmericanUniversityinShajah,الجامعة الأمريكية في الشارقة,American University in Shajah,<p>Address: {{Description}}</p>,<p>Address: {{Description}}</p>,48,1BDC81B7-A509-4181-AB12-0010F8535AC4,NULL,{{Phone}},NULL,1072,,,American University in Shajah
CFFB9A68-870A-4870-9F05-EAEDCA26BF1E,AmericanUniversityofBeirut,الجامعة الأمريكية في بيروت,American University of Beirut,<p>Address: {{Description}}</p>,<p>Address: {{Description}}</p>,49,B55F640A-91A7-416D-A051-2BC4354B7537,NULL,{{Phone}},NULL,467,,,American University of Beirut
3D0F921B-3CD7-4B37-9571-EC411A3684EB,AmericanUniversityofCairo,الجامعة الأمريكية في القاهرة,American University of Cairo,<p>Address: {{Description}}</p>,<p>Address: {{Description}}</p>,50,C65B85B5-8772-4DFB-89FF-AD6AD178E561,NULL,{{Phone}},NULL,468,,,American University of Cairo
E4B9C325-203E-4806-9F51-E83B5D97CC8E,AmericanUniversityofCultureEducation,الجامعة الأمريكية للثقافة والتعليم,American University of Culture & Education,<p>Address: {{Description}}</p>,<p>Address: {{Description}}</p>,51,B55F640A-91A7-416D-A051-2BC4354B7537,NULL,{{Phone}},NULL,1880,,,American University of Culture & Education
76964727-D49C-4568-996B-751A8B6F8820,AmericanUniversityofKuwait,الجامعة الأمريكية في الكويت,American University of  Kuwait,<p>Address: {{Description}}</p>,<p>Address: {{Description}}</p>,52,A4F0FF2A-11FC-475B-94F0-AF538793C5BA,NULL,{{Phone}},NULL,1980,,,American University of  Kuwait
E17C7D9E-3EC5-4367-9AD2-DAACA42D43B7,BEETLanguageCenter,مركز BEET للغات,BEET Language Center,<p>Address: {{Description}}</p>,<p>Address: {{Description}}</p>,97,1489E888-7F88-4EC7-B746-1E8918A7245A,NULL,{{Phone}},NULL,2166,,,BEET Language Center
625B32C2-9243-4E7E-87CE-EFBE9079C30F,AmmanUniversity,جامعة عمان,Amman University,<p>Address: {{Description}}</p>,<p>Address: {{Description}}</p>,54,10764C65-F3FD-469D-8849-7171F7CD4024,NULL,{{Phone}},NULL,471,,,Amman University
5E3EDFC2-68E1-41C7-AF4B-6A3D6D4B1662,AmsterdamSchooloftheArts,جامعة أمستردام للفنون,Amsterdam School of the Arts,<p>Address: {{Description}}</p>,<p>Address: {{Description}}</p>,55,F1972BC9-B59A-4EA3-84CF-FEDA7EFF29A1,NULL,{{Phone}},NULL,4488,,,Amsterdam School of the Arts
B752D132-6D24-4295-B924-8A4012DFE301,BelfastMetropolitanCollege,كلية بلفاست متروبوليتان,Belfast Metropolitan College,<p>Address: {{Description}}</p>,<p>Address: {{Description}}</p>,105,1489E888-7F88-4EC7-B746-1E8918A7245A,NULL,{{Phone}},NULL,4528,,,Belfast Metropolitan College
2ABC5C9F-CB0C-4A07-BDC7-61220F19F9CC,BELLCambridge,معهد بيل - كامبريدج,BELL - Cambridge,<p>Address: {{Description}}</p>,<p>Address: {{Description}}</p>,106,1489E888-7F88-4EC7-B746-1E8918A7245A,NULL,{{Phone}},NULL,3488,,,BELL - Cambridge
3CB92E41-ACC3-4909-87CF-395FD1DB1A08,AnkaraMedipolUniversity,جامعة أنقرة مديبول,Ankara Medipol University,<p>Address: {{Description}}</p>,<p>Address: {{Description}}</p>,58,4BF7C691-B2AE-4D6A-B934-8ECA5F2177B2,NULL,{{Phone}},NULL,4463,,,Ankara Medipol University
6F619C0A-2109-4C8B-8925-32394B01052C,Ankaraniversitesi,جامعة أنقرة,Ankara Üniversitesi,<p>Address: {{Description}}</p>,<p>Address: {{Description}}</p>,59,4BF7C691-B2AE-4D6A-B934-8ECA5F2177B2,NULL,{{Phone}},NULL,4409,,,Ankara Üniversitesi
51BB246A-290C-4890-B158-076E36F0B35B,AnkaraYldrmBeyaztUniversity,جامعة يلدريم بيازيد أنقرة,Ankara Yıldırım Beyazıt University,<p>Address: {{Description}}</p>,<p>Address: {{Description}}</p>,60,4BF7C691-B2AE-4D6A-B934-8ECA5F2177B2,NULL,{{Phone}},NULL,4621,,,Ankara Yıldırım Beyazıt University
9D8FEE35-C8ED-48D5-9E13-5E3881A59E1A,AnnaUniversity,جامعة آنا,Anna University,<p>Address: {{Description}}</p>,<p>Address: {{Description}}</p>,61,0C296880-4F70-452A-987E-723E428B63EB,NULL,{{Phone}},NULL,4356,,,Anna University
ECB84B05-0DD8-4CAA-95FD-BA31B1EFB8CA,BellerbyesCollege,كلية بيليربيز,Bellerbyes College,<p>Address: {{Description}}</p>,<p>Address: {{Description}}</p>,107,1489E888-7F88-4EC7-B746-1E8918A7245A,NULL,{{Phone}},NULL,2318,,,Bellerbyes College
2629204C-5212-4D06-A7D0-5152FB933B28,AppliedScienceUniversity,جامعة العلوم التطبيقية,Applied Science University,<p>Address: {{Description}}</p>,<p>Address: {{Description}}</p>,63,10764C65-F3FD-469D-8849-7171F7CD4024,NULL,{{Phone}},NULL,472,,,Applied Science University
6D0B47A2-E657-4642-A6CC-C7FCDE9CBF5C,ArabAcademyforScienceTechnologyMaritimeTransportAASTMT,الأكاديمية العربية للعلوم والتكنولوجيا والنقل البحري,"Arab Academy for Science, Technology & Maritime Transport (AASTMT)",<p>Address: {{Description}}</p>,<p>Address: {{Description}}</p>,64,C65B85B5-8772-4DFB-89FF-AD6AD178E561,NULL,{{Phone}},NULL,456,,,"Arab Academy for Science, Technology & Maritime Transport (AASTMT)"
94A72EC5-9526-41D2-ABD0-424BE4E72F2C,ArabianGulfUniversity,جامعة الخليج العربي,Arabian Gulf University,<p>Address: {{Description}}</p>,<p>Address: {{Description}}</p>,65,DE94E16D-5826-488C-9D5C-DBBFB850BC39,فقط للبرامج غير المتوفرة في قطر,{{Phone}},NULL,473,,,Arabian Gulf University
6705942B-A1E7-41E4-B3E7-17D597103791,ArabUniversityforSciences,الجامعة العربية للعلوم,Arab University for Sciences,<p>Address: {{Description}}</p>,<p>Address: {{Description}}</p>,66,A9BCDF3D-7DB1-469B-9A73-DE62BF646357,NULL,{{Phone}},NULL,1060,,,Arab University for Sciences
3E9AF260-E9F8-434B-86CF-6F17AD80470F,ArbianGulfUniversity,جامعة الخليج العربي,Arbian Gulf University,<p>Address: {{Description}}</p>,<p>Address: {{Description}}</p>,67,DE94E16D-5826-488C-9D5C-DBBFB850BC39,NULL,{{Phone}},NULL,3489,,,Arbian Gulf University
008C7DE2-9546-4DF4-A9C2-C2ABB4FF59E3,AristotleUniversityofThessaloniki,جامعة أرسطو في سالونيك,Aristotle University of Thessaloniki,<p>Address: {{Description}}</p>,<p>Address: {{Description}}</p>,68,B55EDF93-7C58-4DA9-BC35-98370A55FABE,www.auth.gr/en,{{Phone}},NULL,3325,,,Aristotle University of Thessaloniki
55443F0E-BF3C-40F2-95CB-A2CA1CE518FA,BellInternationalCollege,بيل إنترناشونال كوليدج,Bell International College,<p>Address: {{Description}}</p>,<p>Address: {{Description}}</p>,108,1489E888-7F88-4EC7-B746-1E8918A7245A,NULL,{{Phone}},NULL,477,,,Bell International College
826DC9FF-D6FA-4D37-BCC6-0B55FB4F6460,ARRASUniversitdArtois,جامعة أرتوا,ARRAS Université d'Artois,<p>Address: {{Description}}</p>,<p>Address: {{Description}}</p>,70,697C7D6B-6E81-416B-8F94-C01AE8A678E1,NULL,{{Phone}},NULL,3535,,,ARRAS Université d'Artois
12BEEF2A-B0BB-4889-ADBF-20BB560D9C03,BirkbeckUniversityofLondon,"بيركبيك، جامعة لندن","Birkbeck, University of London",<p>Address: {{Description}}</p>,<p>Address: {{Description}}</p>,118,1489E888-7F88-4EC7-B746-1E8918A7245A,www.bbk.ac.uk/,{{Phone}},NULL,3528,,,"Birkbeck, University of London"
45C6B144-3BD0-4BBB-8198-9AFC7AAE160A,BirminghamCityUniversity,جامعة برمنغهام سيتي,Birmingham City University,<p>Address: {{Description}}</p>,<p>Address: {{Description}}</p>,119,1489E888-7F88-4EC7-B746-1E8918A7245A,http://www.bcu.ac.uk/,{{Phone}},NULL,3468,,,Birmingham City University
5D3883A6-667E-4B4F-AB7D-921EF125183A,AshikagaUniversity,جامعة أشيكاجا,Ashikaga University,<p>Address: {{Description}}</p>,<p>Address: {{Description}}</p>,73,075E0DF0-A9BD-4C34-B089-95FF2D4D2A8A,NULL,{{Phone}},NULL,4298,,,Ashikaga University
C870A975-28B3-4384-AD8B-CCF00CCECC94,BirminghamCityUniversityInternationalCollege,كلية برمنغهام سيتي الدولية,Birmingham City University  International College,<p>Address: {{Description}}</p>,<p>Address: {{Description}}</p>,120,1489E888-7F88-4EC7-B746-1E8918A7245A,http://www.bcu.ac.uk/,{{Phone}},NULL,2970,,,Birmingham City University  International College
6F25C901-FCD1-4201-8325-2E54A90DD12D,BournemouthUniversity,جامعة بورنموث,Bournemouth University,<p>Address: {{Description}}</p>,<p>Address: {{Description}}</p>,129,1489E888-7F88-4EC7-B746-1E8918A7245A,http://www.bournemouth.ac.uk/,{{Phone}},NULL,2024,,,Bournemouth University
C6120425-49C5-4875-9FFB-CD81BBD66F5D,AtilimUniversity,جامعة أتيليم,Atilim University,<p>Address: {{Description}}</p>,<p>Address: {{Description}}</p>,76,4BF7C691-B2AE-4D6A-B934-8ECA5F2177B2,NULL,{{Phone}},NULL,4139,,,Atilim University
570D3D23-B22F-4104-A760-5AAF34644021,BradfordCollege,كلية برادفورد,Bradford College,<p>Address: {{Description}}</p>,<p>Address: {{Description}}</p>,131,1489E888-7F88-4EC7-B746-1E8918A7245A,NULL,{{Phone}},NULL,486,,,Bradford College
687CBB5B-37F1-4BB7-88FD-613ED734F85D,AucklandUniversityofTechnology,جامعة أوكلاند للتكنولوجيا,Auckland University of Technology,<p>Address: {{Description}}</p>,<p>Address: {{Description}}</p>,78,62524CBE-D439-4F93-BCDD-D11019993951,www.aut.ac.nz/,{{Phone}},NULL,3736,,,Auckland University of Technology
5360CFC0-A3BD-459A-BE44-606EBC8AB0B7,BradfordMetropolitanCollege,كلية برادفورد,Bradford Metropolitan College,<p>Address: {{Description}}</p>,<p>Address: {{Description}}</p>,132,1489E888-7F88-4EC7-B746-1E8918A7245A,NULL,{{Phone}},NULL,2139,,,Bradford Metropolitan College
3EA03140-ACD8-441D-827D-7BE361040241,AustralianCatholicUniversity,الجامعة الكاثوليكية الأسترالية,Australian Catholic University,<p>Address: {{Description}}</p>,<p>Address: {{Description}}</p>,80,6E24A731-2BBB-4725-9084-2225987A78DF,NULL,{{Phone}},NULL,4390,,,Australian Catholic University
ACC70CFA-AAFE-47FA-8A2E-975A43CF704D,AustralianCollegeofKuwait,الكلية الأسترالية في الكويت,Australian College of Kuwait,<p>Address: {{Description}}</p>,<p>Address: {{Description}}</p>,81,A4F0FF2A-11FC-475B-94F0-AF538793C5BA,NULL,{{Phone}},NULL,474,,,Australian College of Kuwait
2BB583B5-360A-4E09-859E-AABF4B7A7477,AustralianNationalUniversityANU,الجامعة الوطنية الأسترالية,Australian National University (ANU),<p>Address: {{Description}}</p>,<p>Address: {{Description}}</p>,82,6E24A731-2BBB-4725-9084-2225987A78DF,www.anu.edu.au/,{{Phone}},NULL,3044,,,Australian National University (ANU)
4F8900D6-3CE2-4104-9D72-C138D27CB696,BradfordSchoolofBusinessLaw,مدرسة برادفورد للأعمال والقانون,Bradford School of Business & Law,<p>Address: {{Description}}</p>,<p>Address: {{Description}}</p>,133,1489E888-7F88-4EC7-B746-1E8918A7245A,NULL,{{Phone}},NULL,1065,,,Bradford School of Business & Law
E82613AC-4CFA-47E0-BFC9-A808FA36BDDD,BrightonSussexMedicalSchool,كلية الطب برايتون وساسكس,Brighton & Sussex Medical School,<p>Address: {{Description}}</p>,<p>Address: {{Description}}</p>,137,1489E888-7F88-4EC7-B746-1E8918A7245A,NULL,{{Phone}},NULL,2972,,,Brighton & Sussex Medical School
DFCA837B-836A-4DF9-A701-7ABBC6B46CF7,Bristollanguagecenter,مركز بريستول للغات,Bristol language center,<p>Address: {{Description}}</p>,<p>Address: {{Description}}</p>,138,1489E888-7F88-4EC7-B746-1E8918A7245A,NULL,{{Phone}},NULL,1701,,,Bristol language center
5C31C457-8176-4607-82DA-8FF08607981F,BRITISHSTUDYCENTRESSchoolofEnglish,مراكز الدراسة البريطانية لتعليم اللغة الإنجليزية,BRITISH STUDY CENTRES School of English,<p>Address: {{Description}}</p>,<p>Address: {{Description}}</p>,139,1489E888-7F88-4EC7-B746-1E8918A7245A,https://www.british-study.com/,{{Phone}},NULL,4198,,,BRITISH STUDY CENTRES School of English
68D20031-7BC8-426A-89FB-79C25634DB78,BandungInstituteofTechnology,معهد باندونغ للتكنولوجيا,Bandung Institute of Technology,<p>Address: {{Description}}</p>,<p>Address: {{Description}}</p>,87,C6887CE4-4FB8-4F32-8B6C-C3E537A85E7D,www.itb.ac.id/en/,{{Phone}},NULL,3784,,,Bandung Institute of Technology
31E1D188-7498-491F-B872-41D7158004D4,BrunelUniversityLondon,جامعة برونيل بلندن,Brunel University London,<p>Address: {{Description}}</p>,<p>Address: {{Description}}</p>,143,1489E888-7F88-4EC7-B746-1E8918A7245A,http://www.brunel.ac.uk/,{{Phone}},NULL,1300,,,Brunel University London
6D3E68A8-0FFC-4BBF-9428-8C68DA700644,CAPITALSchoolofEnglish,مدرسة كابيتال للغة الإنجليزية,CAPITAL School of English,<p>Address: {{Description}}</p>,<p>Address: {{Description}}</p>,167,1489E888-7F88-4EC7-B746-1E8918A7245A,NULL,{{Phone}},NULL,4196,,,CAPITAL School of English
9C973E94-DB5C-41B2-8C18-12D6A8B919C4,Cardiffacademy,أكاديمية كارديف,Cardiff academy,<p>Address: {{Description}}</p>,<p>Address: {{Description}}</p>,168,1489E888-7F88-4EC7-B746-1E8918A7245A,NULL,{{Phone}},NULL,4234,,,Cardiff academy
4C9952C1-EAEF-4FF4-AD93-B49735083B43,CardiffMetropolitanUniversity,جامعة كارديف متروبوليتان,Cardiff Metropolitan University,<p>Address: {{Description}}</p>,<p>Address: {{Description}}</p>,169,1489E888-7F88-4EC7-B746-1E8918A7245A,NULL,{{Phone}},NULL,725,,,Cardiff Metropolitan University
607272B9-19C2-49B2-A724-9346D9D72D00,BAUBahcesehirUniversity,جامعة بهتشه شهير,BAU Bahcesehir University,<p>Address: {{Description}}</p>,<p>Address: {{Description}}</p>,92,4BF7C691-B2AE-4D6A-B934-8ECA5F2177B2,NULL,{{Phone}},NULL,4612,,,BAU Bahcesehir University
50B94CD5-A90E-46E1-9C59-29D212089069,BauhausUniversittWeimar,جامعة باوهاوس في فايمار,Bauhaus-Universität Weimar,<p>Address: {{Description}}</p>,<p>Address: {{Description}}</p>,93,B6929437-CF78-40FE-B9EF-6AF0F35AE3D1,NULL,{{Phone}},NULL,4466,,,Bauhaus-Universität Weimar
C201E9BD-5639-4071-89F9-C8FE7B52D6DF,BaumanMoscowStateTechnicalUniversity,جامعة باومان التقنية الحكومية في موسكو,Bauman Moscow State Technical University,<p>Address: {{Description}}</p>,<p>Address: {{Description}}</p>,94,6BD31142-3A12-474E-A48B-973BE400F1A7,NULL,{{Phone}},NULL,4366,,,Bauman Moscow State Technical University
3BE565AC-AE2E-40D5-842C-6AB2B7FE09FF,CardiffUniversity,جامعة كارديف,Cardiff University,<p>Address: {{Description}}</p>,<p>Address: {{Description}}</p>,170,1489E888-7F88-4EC7-B746-1E8918A7245A,http://www.cardiff.ac.uk/,{{Phone}},NULL,386,,,Cardiff University
0D1FE1AD-586A-4218-A51D-3020E2F89550,CEGUFPLTDONCAMPUSCambridgeEducationGroup,أون كامبوس - كامبريدج,CEG UFP LTD (ONCAMPUS) Cambridge Education Group,<p>Address: {{Description}}</p>,<p>Address: {{Description}}</p>,180,1489E888-7F88-4EC7-B746-1E8918A7245A,NULL,{{Phone}},NULL,4064,,,CEG UFP LTD (ONCAMPUS) Cambridge Education Group
23B8B1FF-2727-41E1-A859-A80846690389,CeltCenterforEnglishLanguageTeeaching,مركز سيلت لتعليم اللغة الإنجليزية,Celt - Center for English Language Teeaching,<p>Address: {{Description}}</p>,<p>Address: {{Description}}</p>,181,1489E888-7F88-4EC7-B746-1E8918A7245A,NULL,{{Phone}},NULL,2178,,,Celt - Center for English Language Teeaching
F7E857F9-5676-4810-AA82-50A73BCBB6B7,BeihangUniversity,جامعة بيهانغ,Beihang University,<p>Address: {{Description}}</p>,<p>Address: {{Description}}</p>,98,FFC985AF-DE1D-4346-9536-42391A71E6AD,www.buaa.edu.cn,{{Phone}},NULL,3544,,,Beihang University
AC531A9E-57B1-40D3-877F-828E6CF28BC5,BeijingInstituteofTechnology,معهد بكين للتكنولوجيا,Beijing Institute of Technology,<p>Address: {{Description}}</p>,<p>Address: {{Description}}</p>,99,FFC985AF-DE1D-4346-9536-42391A71E6AD,www.bit.edu.cn,{{Phone}},NULL,3550,,,Beijing Institute of Technology
688029F2-841E-4DB6-8211-7BBC6A0987C7,BeijingInternationalChineseCollege,كلية بكين الدولية للغة الصينية,Beijing International Chinese College,<p>Address: {{Description}}</p>,<p>Address: {{Description}}</p>,100,FFC985AF-DE1D-4346-9536-42391A71E6AD,NULL,{{Phone}},NULL,4607,,,Beijing International Chinese College
7E398DD8-7CAB-4C33-B242-C2C42547B6FE,BeijingInternationalStudiesUniversity,جامعة الدراسات الدولية ببكين,Beijing International Studies University,<p>Address: {{Description}}</p>,<p>Address: {{Description}}</p>,101,FFC985AF-DE1D-4346-9536-42391A71E6AD,NULL,{{Phone}},NULL,1626,,,Beijing International Studies University
5F5F341D-E156-4028-B90F-646657FC0A62,BeijingLanguageandCultureUniversity,جامعة بكين للغات والثقافة,Beijing Language and Culture University,<p>Address: {{Description}}</p>,<p>Address: {{Description}}</p>,102,FFC985AF-DE1D-4346-9536-42391A71E6AD,NULL,{{Phone}},NULL,4330,,,Beijing Language and Culture University
60626E52-9AA7-4A4F-A5D7-1D0BA7405FF9,BeijingNormalUniversity,جامعة بكين للمعلمين,Beijing Normal University,<p>Address: {{Description}}</p>,<p>Address: {{Description}}</p>,103,FFC985AF-DE1D-4346-9536-42391A71E6AD,www.bnu.edu.cn,{{Phone}},NULL,3191,,,Beijing Normal University
8E686885-E400-4237-B9E3-1742F93416DB,BeijingSportUniversity,جامعة بكين للرياضة,Beijing Sport University,<p>Address: {{Description}}</p>,<p>Address: {{Description}}</p>,104,FFC985AF-DE1D-4346-9536-42391A71E6AD,NULL,{{Phone}},NULL,4341,,,Beijing Sport University
FDF7EB78-B8B8-4102-950A-392615D6A69D,CelticSchool,أكاديمية سلتك للغة الإنجليزية,Celtic School,<p>Address: {{Description}}</p>,<p>Address: {{Description}}</p>,182,1489E888-7F88-4EC7-B746-1E8918A7245A,NULL,{{Phone}},NULL,2165,,,Celtic School
8EC078BB-6E13-4592-B47A-E38E02E67F89,CentralCollegeNottinghamNottingham,كلية سنترال نوتنغهام,"Central College Nottingham, Nottingham",<p>Address: {{Description}}</p>,<p>Address: {{Description}}</p>,186,1489E888-7F88-4EC7-B746-1E8918A7245A,NULL,{{Phone}},NULL,3530,,,"Central College Nottingham, Nottingham"
D98F0955-FC38-46B6-AC8E-0D2BE71B8CAD,CentreForAppliedLanguageStudies,مركز دراسات اللغة التطبيقية,Centre For Applied Language Studies,<p>Address: {{Description}}</p>,<p>Address: {{Description}}</p>,193,1489E888-7F88-4EC7-B746-1E8918A7245A,NULL,{{Phone}},NULL,923,,,Centre For Applied Language Studies
116B43C1-097F-4C1B-8288-69B6CBABC6A6,CentreOfEnglishStudiesces,مركز الدراسات الإنجليزية - CES,Centre Of English Studies - ces,<p>Address: {{Description}}</p>,<p>Address: {{Description}}</p>,195,1489E888-7F88-4EC7-B746-1E8918A7245A,NULL,{{Phone}},NULL,3472,,,Centre Of English Studies - ces
BE830E98-8EFE-42D1-88AC-7127260738FF,CityCollegeManchester,كلية مدينة مانشستر,City College Manchester,<p>Address: {{Description}}</p>,<p>Address: {{Description}}</p>,214,1489E888-7F88-4EC7-B746-1E8918A7245A,NULL,{{Phone}},NULL,971,,,City College Manchester
1D7A33F8-2B5F-4021-B8C6-F4CCBE55BBF7,CityGuilds,سيتي آند جيلدز,City & Guilds,<p>Address: {{Description}}</p>,<p>Address: {{Description}}</p>,215,1489E888-7F88-4EC7-B746-1E8918A7245A,NULL,{{Phone}},NULL,4529,,,City & Guilds
0813BA06-24A9-4BC2-9A46-5EB6CF30733D,CityofGlasgowCollege,كلية مدينة غلاسكو,City of Glasgow College,<p>Address: {{Description}}</p>,<p>Address: {{Description}}</p>,216,1489E888-7F88-4EC7-B746-1E8918A7245A,NULL,{{Phone}},NULL,4540,,,City of Glasgow College
0AC7FF6B-5D49-4496-9254-D6F5BDC10BF6,BICTInternationalCollege,كلية بيكت الدولية,BICT International College,<p>Address: {{Description}}</p>,<p>Address: {{Description}}</p>,112,FFC985AF-DE1D-4346-9536-42391A71E6AD,NULL,{{Phone}},NULL,481,,,BICT International College
3C9934C4-D1F9-4155-8252-6C08914E4C97,BielefeldUniversity,جامعة بيليفيلد,Bielefeld University,<p>Address: {{Description}}</p>,<p>Address: {{Description}}</p>,113,B6929437-CF78-40FE-B9EF-6AF0F35AE3D1,NULL,{{Phone}},NULL,4170,,,Bielefeld University
6EB8FED0-983F-4B61-9BF8-40ADF3370478,BilkentUniversity,جامعة بلكنت,Bilkent University,<p>Address: {{Description}}</p>,<p>Address: {{Description}}</p>,114,4BF7C691-B2AE-4D6A-B934-8ECA5F2177B2,www.bilkent.edu.tr/,{{Phone}},NULL,482,,,Bilkent University
2CFFE442-62BC-4200-9AFF-2585BA3CCF4F,CitySchoolOfLanguageCSL,مدرسة سيتي للغات - CSL,City School Of Language - CSL,<p>Address: {{Description}}</p>,<p>Address: {{Description}}</p>,217,1489E888-7F88-4EC7-B746-1E8918A7245A,NULL,{{Phone}},NULL,3479,,,City School Of Language - CSL
0240D212-9E3B-4567-9FD3-27D47FA5E954,BINorwegianBusinessSchool,مدرسة BI النرويجية للأعمال,BI Norwegian Business School,<p>Address: {{Description}}</p>,<p>Address: {{Description}}</p>,116,85122EE5-F1C5-4C11-86D0-583790DDA7F4,NULL,{{Phone}},NULL,4494,,,BI Norwegian Business School
457A40DF-6516-4464-9012-91FBA2789742,CityStGeorgesUniversityofLondon,City St Georges University of London ,City St Georges University of London ,<p>Address: {{Description}}</p>,<p>Address: {{Description}}</p>,218,1489E888-7F88-4EC7-B746-1E8918A7245A,http://www.ou.edu/,{{Phone}},NULL,0,,,City St Georges University of London 
5ABFCFB7-3561-461A-B0FC-C35BE696DE3B,CityUniversity,جامعة سيتي في لندن,City University,<p>Address: {{Description}}</p>,<p>Address: {{Description}}</p>,219,1489E888-7F88-4EC7-B746-1E8918A7245A,NULL,{{Phone}},NULL,952,,,City University
A5CA5A43-ED1D-415F-9AD9-8ECECAE123FA,CityUniversityofLondon,جامعة سيتي بلندن,City University of London,<p>Address: {{Description}}</p>,<p>Address: {{Description}}</p>,222,1489E888-7F88-4EC7-B746-1E8918A7245A,www.city.ac.uk/,{{Phone}},NULL,496,,,City University of London
D588FCE1-5453-4781-98C0-DDE977B34CE6,CollegeInternationalEducationOXFORD,"كلية التعليم الدولي، أكسفورد",College International Education - OXFORD,<p>Address: {{Description}}</p>,<p>Address: {{Description}}</p>,235,1489E888-7F88-4EC7-B746-1E8918A7245A,NULL,{{Phone}},NULL,3502,,,College International Education - OXFORD
41149301-2A1C-417C-827C-2B0B682AA1E4,ConcordInternational,كونكورد الدولية,Concord International,<p>Address: {{Description}}</p>,<p>Address: {{Description}}</p>,253,1489E888-7F88-4EC7-B746-1E8918A7245A,NULL,{{Phone}},NULL,1075,,,Concord International
F596A3C8-7CC7-432F-9079-0A24EC57C46E,BlueMountainsInternationalHotelManagementSchoolBMIHMS,مدرسة بلو ماونتنز الدولية لإدارة الفنادق,Blue Mountains International Hotel Management School (BMIHMS),<p>Address: {{Description}}</p>,<p>Address: {{Description}}</p>,122,6E24A731-2BBB-4725-9084-2225987A78DF,NULL,{{Phone}},NULL,4436,,,Blue Mountains International Hotel Management School (BMIHMS)
64D58689-A5E4-4B25-8F29-D8CC1B3A0CD8,BocconiUniversity,جامعة بوكوني,Bocconi University,<p>Address: {{Description}}</p>,<p>Address: {{Description}}</p>,123,8EA4214D-3BBC-4296-9CC0-8873A293313C,NULL,{{Phone}},NULL,3205,,,Bocconi University
82D477C0-2C93-408C-8B62-65FE08E38F87,Bogaziiniversitesi,جامعة بوغازيتشي,Bogaziçi Üniversitesi,<p>Address: {{Description}}</p>,<p>Address: {{Description}}</p>,124,4BF7C691-B2AE-4D6A-B934-8ECA5F2177B2,www.boun.edu.tr/,{{Phone}},NULL,3719,,,Bogaziçi Üniversitesi
5446E66E-8438-4D23-AAA8-55BACA4C3EA5,BondUniversity,جامعة بوند,Bond University,<p>Address: {{Description}}</p>,<p>Address: {{Description}}</p>,125,6E24A731-2BBB-4725-9084-2225987A78DF,bond.edu.au/,{{Phone}},NULL,3069,,,Bond University
B8E5867E-C358-4F9F-BD58-87CB12B16433,BorzMrightHospitalColonGermany,"مستشفى بورز إم رايت، كولونيا",Borz M right Hospital-Colon-Germany,<p>Address: {{Description}}</p>,<p>Address: {{Description}}</p>,126,B6929437-CF78-40FE-B9EF-6AF0F35AE3D1,NULL,{{Phone}},NULL,483,,,Borz M right Hospital-Colon-Germany
B9E409AF-5311-4D5F-957E-8000B9D390FC,CoventryUniversity,جامعة كوفنتري,Coventry University,<p>Address: {{Description}}</p>,<p>Address: {{Description}}</p>,258,1489E888-7F88-4EC7-B746-1E8918A7245A,موقوفة بسبب التكدس,{{Phone}},NULL,498,,,Coventry University
CA647F87-2D19-4437-A40E-1D5BCA963D32,CranfieldUniversity,جامعة كرانفيلد,Cranfield University,<p>Address: {{Description}}</p>,<p>Address: {{Description}}</p>,260,1489E888-7F88-4EC7-B746-1E8918A7245A,NULL,{{Phone}},NULL,4381,,,Cranfield University
30A5AEAF-D1C6-45FD-BC59-AD9FC6A0F85F,DavidGame,كلية ديفيد غيم,David Game,<p>Address: {{Description}}</p>,<p>Address: {{Description}}</p>,272,1489E888-7F88-4EC7-B746-1E8918A7245A,NULL,{{Phone}},NULL,970,,,David Game
C3769A5C-5C14-464B-B8A4-F97298C9DA58,Davidgamecollege,كلية ديفيد جيم,David game college,<p>Address: {{Description}}</p>,<p>Address: {{Description}}</p>,273,1489E888-7F88-4EC7-B746-1E8918A7245A,NULL,{{Phone}},NULL,2140,,,David game college
DE42AFBF-07E3-48B0-B907-E02825B41D82,DeMontfortUniversity,جامعة دي مونتفورت,De Montfort University,<p>Address: {{Description}}</p>,<p>Address: {{Description}}</p>,276,1489E888-7F88-4EC7-B746-1E8918A7245A,http://www.dmu.ac.uk/,{{Phone}},NULL,2974,,,De Montfort University
33D8FD3B-916F-43AD-A3A3-63B275FADBA7,DocklandsAcademyLondon,أكاديمية دوكلاندز لندن,Docklands Academy London,<p>Address: {{Description}}</p>,<p>Address: {{Description}}</p>,283,1489E888-7F88-4EC7-B746-1E8918A7245A,NULL,{{Phone}},NULL,2559,,,Docklands Academy London
4BF95748-099B-4289-A709-1B2E04BD104D,DurhamUniversity,جامعة دورهام,Durham University,<p>Address: {{Description}}</p>,<p>Address: {{Description}}</p>,297,1489E888-7F88-4EC7-B746-1E8918A7245A,https://www.dur.ac.uk/,{{Phone}},NULL,434,,,Durham University
C8A8A345-0074-4461-9FF5-1488951ABE76,ECEnglishLanguageCentreBrighton,مركز إي سي لتعليم اللغة – برايتون,EC English Language Centre Brighton,<p>Address: {{Description}}</p>,<p>Address: {{Description}}</p>,308,1489E888-7F88-4EC7-B746-1E8918A7245A,NULL,{{Phone}},NULL,2025,,,EC English Language Centre Brighton
16C5D6CD-806D-4D87-A397-0114D9BF7AE6,BredaUniversityofAppliedSciences,جامعة بريدا للعلوم التطبيقية,Breda University of Applied Sciences,<p>Address: {{Description}}</p>,<p>Address: {{Description}}</p>,135,F1972BC9-B59A-4EA3-84CF-FEDA7EFF29A1,NULL,{{Phone}},NULL,4489,,,Breda University of Applied Sciences
F861804E-7B76-4D31-BD5F-7D58E54F7843,EdinburghNapierUniversity,جامعة إدنبرة نابير,Edinburgh Napier University,<p>Address: {{Description}}</p>,<p>Address: {{Description}}</p>,318,1489E888-7F88-4EC7-B746-1E8918A7245A,NULL,{{Phone}},NULL,2976,,,Edinburgh Napier University
62945B2C-B197-4BEB-8B5A-D00144DD1E24,EducationBusinessServicesInternationalEBSIEducationBusinessServicesInternational,الخدمات التعليمية للأعمال الدولية,Education Business Services International EBSI Education Business Services International,<p>Address: {{Description}}</p>,<p>Address: {{Description}}</p>,321,1489E888-7F88-4EC7-B746-1E8918A7245A,NULL,{{Phone}},NULL,4541,,,Education Business Services International EBSI Education Business Services International
BF33770C-15B0-4045-8B2B-DB6E1A70B1B0,EFInternationalLanguageCenters,مراكز إي إف العالمية للغات,EF International Language Centers,<p>Address: {{Description}}</p>,<p>Address: {{Description}}</p>,331,1489E888-7F88-4EC7-B746-1E8918A7245A,NULL,{{Phone}},NULL,2204,,,EF International Language Centers
3ABF236D-AAE7-4B24-AB93-5A6AA255E506,EFInternationalLanguageCentreBrighton,"مركز EF الدولي للغات، برايتون","EF International Language Centre,Brighton",<p>Address: {{Description}}</p>,<p>Address: {{Description}}</p>,333,1489E888-7F88-4EC7-B746-1E8918A7245A,NULL,{{Phone}},NULL,3470,,,"EF International Language Centre,Brighton"
93FB6A70-12C2-4C1C-ACF5-87B73FE80F21,BrnoUniversityofTechnology,جامعة برنو للتكنولوجيا,Brno University of Technology,<p>Address: {{Description}}</p>,<p>Address: {{Description}}</p>,140,9CB59D55-A92C-4F8F-831F-E2A37857BEAA,www.vutbr.cz/en/,{{Phone}},NULL,3551,,,Brno University of Technology
EDE5BC33-697C-440C-9786-58BDF2D697C4,BrockUniversity,جامعة بروك,Brock University,<p>Address: {{Description}}</p>,<p>Address: {{Description}}</p>,141,8460877D-3973-4A88-8B26-F4397E2F1316,NULL,{{Phone}},NULL,4535,,,Brock University
8308C8AE-5E46-4980-A88C-EDDF79381F35,EFInternationalLanguageSchoolsBristol,مدارس إي إف الدولية - بريستول,EF International Language Schools-Bristol,<p>Address: {{Description}}</p>,<p>Address: {{Description}}</p>,334,1489E888-7F88-4EC7-B746-1E8918A7245A,NULL,{{Phone}},NULL,1220,,,EF International Language Schools-Bristol
9FAD1C24-11D3-4A06-8A61-81E3CD4C9CDD,EFInternationalLanguageSchoolsCambridge,مدرسة EF للغات – كامبردج,"EF International Language Schools, Cambridge",<p>Address: {{Description}}</p>,<p>Address: {{Description}}</p>,335,1489E888-7F88-4EC7-B746-1E8918A7245A,NULL,{{Phone}},NULL,3484,,,"EF International Language Schools, Cambridge"
0CD14DF3-FDC1-4ACA-B60B-DA5C95AC826E,BudapestUniversityofTechnologyandEconomics,جامعة بودابست للتكنولوجيا والاقتصاد,Budapest University of Technology and Economics,<p>Address: {{Description}}</p>,<p>Address: {{Description}}</p>,144,A1BBAA97-D2E6-4F2E-90E0-B4594E6278F2,NULL,{{Phone}},NULL,4355,,,Budapest University of Technology and Economics
A8943000-B247-4F83-B5A0-0322EABCFE45,BusinessandHotelManagementSchool,مدرسة إدارة الأعمال والفنادق,Business and Hotel Management School,<p>Address: {{Description}}</p>,<p>Address: {{Description}}</p>,145,4E364110-075B-4CF7-A201-DEB66B8C8505,NULL,{{Phone}},NULL,4512,,,Business and Hotel Management School
70B1D30E-5AE9-4556-A635-90969FA5A1CD,CaFoscariUniversityofVenice,جامعة كا فوسكاري فينيسيا,Ca’ Foscari University of Venice,<p>Address: {{Description}}</p>,<p>Address: {{Description}}</p>,146,8EA4214D-3BBC-4296-9CC0-8873A293313C,NULL,{{Phone}},NULL,4119,,,Ca’ Foscari University of Venice
029D0F37-9D62-47F4-BC26-601E70DEEB05,CairoUniversity,جامعة القاهرة,Cairo University,<p>Address: {{Description}}</p>,<p>Address: {{Description}}</p>,147,C65B85B5-8772-4DFB-89FF-AD6AD178E561,NULL,{{Phone}},NULL,487,,,Cairo University
28F0105B-691D-4A98-B201-21BF8404BB48,EFInternationalLanguageSchoolsManchester,مركز EF الدولي للغات - مانشستر,EF International Language Schools-Manchester,<p>Address: {{Description}}</p>,<p>Address: {{Description}}</p>,336,1489E888-7F88-4EC7-B746-1E8918A7245A,NULL,{{Phone}},NULL,1219,,,EF International Language Schools-Manchester
BA2C68C9-7DEB-49EF-959B-8107B051007E,EFinternationalschoolofEnglishOxford,"مدرسة EF الدولية للغة، أكسفورد",EF international school of English Oxford,<p>Address: {{Description}}</p>,<p>Address: {{Description}}</p>,337,1489E888-7F88-4EC7-B746-1E8918A7245A,NULL,{{Phone}},NULL,3462,,,EF international school of English Oxford
624CEE77-0492-4153-8474-D4CC0CF21672,EFUniversityPreparationAbroad,برنامج التحضير الجامعي EF,EF University Preparation Abroad,<p>Address: {{Description}}</p>,<p>Address: {{Description}}</p>,338,1489E888-7F88-4EC7-B746-1E8918A7245A,NULL,{{Phone}},NULL,3491,,,EF University Preparation Abroad
D7B76E9C-5078-4883-8D79-6FD6278EDCE8,EmbassyCES,مؤسسة إمباسي لتعليم اللغة الإنجليزية,Embassy CES,<p>Address: {{Description}}</p>,<p>Address: {{Description}}</p>,346,1489E888-7F88-4EC7-B746-1E8918A7245A,NULL,{{Phone}},NULL,2214,,,Embassy CES
4AAF2EB5-DB46-4850-82CE-6A0F3BAA391B,EnglishLanguageCentreYork,"مركز اللغة الإنجليزية، يورك","English Language Centre, York",<p>Address: {{Description}}</p>,<p>Address: {{Description}}</p>,353,1489E888-7F88-4EC7-B746-1E8918A7245A,NULL,{{Phone}},NULL,3531,,,"English Language Centre, York"
B2EC1DD5-486C-4F1F-8504-F77082AC22D9,EnglishLanguageTraining,تدريب اللغة الإنجليزية,English Language Training,<p>Address: {{Description}}</p>,<p>Address: {{Description}}</p>,355,1489E888-7F88-4EC7-B746-1E8918A7245A,NULL,{{Phone}},NULL,3498,,,English Language Training
FC617048-7460-4266-8CA1-5C3D41C25FCB,EurocentresLondonCentral,يوروسنتر لندن سنترال,Eurocentres London Central,<p>Address: {{Description}}</p>,<p>Address: {{Description}}</p>,367,1489E888-7F88-4EC7-B746-1E8918A7245A,NULL,{{Phone}},NULL,3509,,,Eurocentres London Central
93BC5B86-6911-4C7D-B7B8-DC4E75115486,ExeterCollege,كلية إكسيتر,Exeter College,<p>Address: {{Description}}</p>,<p>Address: {{Description}}</p>,370,1489E888-7F88-4EC7-B746-1E8918A7245A,NULL,{{Phone}},NULL,4530,,,Exeter College
0EA12F7D-03D9-43E8-A47B-16ECE7F7DBE6,GirtonCollegeCambridge,كلية جيرتون – جامعة كامبريدج,Girton College - Cambridge,<p>Address: {{Description}}</p>,<p>Address: {{Description}}</p>,407,1489E888-7F88-4EC7-B746-1E8918A7245A,NULL,{{Phone}},NULL,4257,,,Girton College - Cambridge
D5C554EF-1374-4AA4-89B3-78FDFA7A096B,GlasgowCaledonianUniversity,جامعة غلاسكو كالدونيان,Glasgow Caledonian University,<p>Address: {{Description}}</p>,<p>Address: {{Description}}</p>,408,1489E888-7F88-4EC7-B746-1E8918A7245A,http://www.gcu.ac.uk/,{{Phone}},NULL,974,,,Glasgow Caledonian University
E36D953B-7047-401C-A441-FD7E27053393,GlobalLondonCollege,كلية لندن العالمية,Global London College,<p>Address: {{Description}}</p>,<p>Address: {{Description}}</p>,410,1489E888-7F88-4EC7-B746-1E8918A7245A,NULL,{{Phone}},NULL,4197,,,Global London College
D6A6C0B7-2E3D-48CF-86A9-13BFB46B5936,GoldsmithsUniversityofLondon,جامعة جولدسميثس,"Goldsmiths, University of London",<p>Address: {{Description}}</p>,<p>Address: {{Description}}</p>,414,1489E888-7F88-4EC7-B746-1E8918A7245A,www.gold.ac.uk/,{{Phone}},NULL,2978,,,"Goldsmiths, University of London"
75CD4427-B188-4280-A2D0-F81A932A885D,GreenTempletonCollegeOxford,كلية جرين تمبلتون - جامعة أكسفورد,Green Templeton College - Oxford,<p>Address: {{Description}}</p>,<p>Address: {{Description}}</p>,416,1489E888-7F88-4EC7-B746-1E8918A7245A,NULL,{{Phone}},NULL,4245,,,Green Templeton College - Oxford
FC92B433-7E1D-4CE4-9875-7BE3C77BB93E,HarperAdamsUniversity,جامعة هاربر آدامز,Harper Adams University,<p>Address: {{Description}}</p>,<p>Address: {{Description}}</p>,433,1489E888-7F88-4EC7-B746-1E8918A7245A,www.harper-adams.ac.uk/,{{Phone}},NULL,2979,,,Harper Adams University
FB2E7E5A-E6FC-4C9C-9D19-CD20CE128E54,HartpuryCollege,كلية هارتبوري,Hartpury College,<p>Address: {{Description}}</p>,<p>Address: {{Description}}</p>,435,1489E888-7F88-4EC7-B746-1E8918A7245A,NULL,{{Phone}},NULL,3533,,,Hartpury College
2ACA14CB-886E-4C2B-B4F1-A6B597B2470F,HarvenSchoolofEnglish,مدرسة هارفن لتعليم اللغة الإنجليزية,Harven School of English,<p>Address: {{Description}}</p>,<p>Address: {{Description}}</p>,437,1489E888-7F88-4EC7-B746-1E8918A7245A,NULL,{{Phone}},NULL,2072,,,Harven School of English
93C20655-4E13-4E4C-9966-52682B5FA12D,HeriotWattUniversity,جامعة هيريوت وات,Heriot Watt University,<p>Address: {{Description}}</p>,<p>Address: {{Description}}</p>,445,1489E888-7F88-4EC7-B746-1E8918A7245A,NULL,{{Phone}},NULL,1303,,,Heriot Watt University
664F9DDD-2492-456F-AFBB-AA21C8D64383,Hertfordshireinternationalcollage,كلية هيرتفوردشاير الدولية – نافيتاس,Hertfordshire international collage,<p>Address: {{Description}}</p>,<p>Address: {{Description}}</p>,446,1489E888-7F88-4EC7-B746-1E8918A7245A,NULL,{{Phone}},NULL,4189,,,Hertfordshire international collage
DB23794C-9030-4489-9EA5-A07EF98B72F3,CanadianVocationalTrainingCentreCVTC,المعهد الكندي للتدريب المهني,Canadian Vocational Training Centre (CVTC),<p>Address: {{Description}}</p>,<p>Address: {{Description}}</p>,166,8460877D-3973-4A88-8B26-F4397E2F1316,NULL,{{Phone}},NULL,4524,,,Canadian Vocational Training Centre (CVTC)
AA6D8B34-36BD-4054-8868-6CC9AAB01760,HullYorkMedicalSchoolUniversityofHull,كلية الطب – هال يورك,Hull York Medical School - University of Hull,<p>Address: {{Description}}</p>,<p>Address: {{Description}}</p>,471,1489E888-7F88-4EC7-B746-1E8918A7245A,NULL,{{Phone}},NULL,2980,,,Hull York Medical School - University of Hull
EB7E4767-575F-414C-9B38-D868CBCCC32A,ImperialCollegeLondon,إمبريال كوليدج لندن,Imperial College London,<p>Address: {{Description}}</p>,<p>Address: {{Description}}</p>,485,1489E888-7F88-4EC7-B746-1E8918A7245A,http://www.imperial.ac.uk/,{{Phone}},NULL,274,,,Imperial College London
9495A2ED-F349-4E9D-9287-C35B22DE99D5,InlinguaCardiff,إنلينغوا كارديف,Inlingua Cardiff,<p>Address: {{Description}}</p>,<p>Address: {{Description}}</p>,504,1489E888-7F88-4EC7-B746-1E8918A7245A,NULL,{{Phone}},NULL,3483,,,Inlingua Cardiff
AEE270D3-9447-4D1B-8BD1-1DD06300603B,InternationalCollegePortsmouth,كلية بورتسموث الدولية,International College Portsmouth,<p>Address: {{Description}}</p>,<p>Address: {{Description}}</p>,524,1489E888-7F88-4EC7-B746-1E8918A7245A,NULL,{{Phone}},NULL,4061,,,International College Portsmouth
27C74C7C-F88D-41AC-AE64-9CE6D48FD689,InternationalHouseLondon,إنترناشونال هاوس لندن,International House London,<p>Address: {{Description}}</p>,<p>Address: {{Description}}</p>,526,1489E888-7F88-4EC7-B746-1E8918A7245A,NULL,{{Phone}},NULL,4072,,,International House London
19193621-436D-4A22-91A4-A790BB382638,CarelPourLetudeDesLangues,مركز كاريل لدراسة اللغات,Carel Pour L'etude Des Langues,<p>Address: {{Description}}</p>,<p>Address: {{Description}}</p>,172,697C7D6B-6E81-416B-8F94-C01AE8A678E1,NULL,{{Phone}},NULL,492,,,Carel Pour L'etude Des Langues
73A4D00F-A165-40ED-8A1D-B297CB7406A9,CarletonUniversity,جامعة كارلتون,Carleton University,<p>Address: {{Description}}</p>,<p>Address: {{Description}}</p>,173,8460877D-3973-4A88-8B26-F4397E2F1316,http://www.carleton.ca/,{{Phone}},NULL,423,,,Carleton University
E099EF61-8739-4555-B891-EF5FD11C7ABB,InternationalHouseManchester,بيت اللغة الدولي في مانشستر,International House Manchester,<p>Address: {{Description}}</p>,<p>Address: {{Description}}</p>,528,1489E888-7F88-4EC7-B746-1E8918A7245A,NULL,{{Phone}},NULL,4066,,,International House Manchester
DCE22DA6-5836-4A83-B641-9FA4CED56A8B,CarnegieMellonUniversityQatar,جامعة كارنيجي ميلون في قطر,"Carnegie Mellon University, Qatar",<p>Address: {{Description}}</p>,<p>Address: {{Description}}</p>,175,D1DF472C-5D2E-47DD-98AD-D5E693C5BA6F,http://www.cmu.edu/,{{Phone}},NULL,268,,,"Carnegie Mellon University, Qatar"
FB9A2C66-E094-482D-938F-BD842A2112D6,InternationalLanguageHolidays,عطلات اللغة الدولية,International Language Holidays,<p>Address: {{Description}}</p>,<p>Address: {{Description}}</p>,535,1489E888-7F88-4EC7-B746-1E8918A7245A,NULL,{{Phone}},NULL,2209,,,International Language Holidays
4B971A0B-F629-4A6F-9D51-1900C487206A,InternationalPathwayCollegeYorkUniversityofYorkIPCLLP,كلية المسار الدولي – جامعة يورك,International Pathway College - York (University of York IPC LLP),<p>Address: {{Description}}</p>,<p>Address: {{Description}}</p>,537,1489E888-7F88-4EC7-B746-1E8918A7245A,NULL,{{Phone}},NULL,4324,,,International Pathway College - York (University of York IPC LLP)
8205A648-C25F-4987-A0D9-7458A4C90F5C,CAVILAMAllianceFranaise,كافيلام – أليانس فرانسيز,CAVILAM – Alliance Française,<p>Address: {{Description}}</p>,<p>Address: {{Description}}</p>,178,697C7D6B-6E81-416B-8F94-C01AE8A678E1,NULL,{{Phone}},NULL,1544,,,CAVILAM – Alliance Française
2AA467D2-9562-47C2-9319-C88B4C2D4AF2,CEAmericanUniversityInstitute,معهد الجامعة الأمريكية C&E,C&E American University Institute,<p>Address: {{Description}}</p>,<p>Address: {{Description}}</p>,179,B55F640A-91A7-416D-A051-2BC4354B7537,NULL,{{Phone}},NULL,1249,,,C&E American University Institute
2C1283E1-8EFC-4C3D-AA8E-414B4BBC26F4,IntoCityUniversityofLondon,إنتو سيتي يونيفرستي لندن,Into City University of London,<p>Address: {{Description}}</p>,<p>Address: {{Description}}</p>,538,1489E888-7F88-4EC7-B746-1E8918A7245A,NULL,{{Phone}},NULL,1076,,,Into City University of London
E74B2AD7-0EAE-4A27-B947-7AD9FFDA75BA,INTOManchester,إنتو مانشستر,INTO- Manchester,<p>Address: {{Description}}</p>,<p>Address: {{Description}}</p>,540,1489E888-7F88-4EC7-B746-1E8918A7245A,NULL,{{Phone}},NULL,2162,,,INTO- Manchester
17BF8C8B-9186-48DB-BDB9-D61B891B32EB,INTONewcastleUniversity,إنتو نيوكاسل يونيفرسيتي,INTO Newcastle University,<p>Address: {{Description}}</p>,<p>Address: {{Description}}</p>,541,1489E888-7F88-4EC7-B746-1E8918A7245A,NULL,{{Phone}},NULL,3813,,,INTO Newcastle University
2ECD7DE9-D207-4834-862F-CFF4F54CE0E6,CentennialCollege,كلية سنتنيال,Centennial College,<p>Address: {{Description}}</p>,<p>Address: {{Description}}</p>,183,8460877D-3973-4A88-8B26-F4397E2F1316,NULL,{{Phone}},NULL,4525,,,Centennial College
2970F5F5-3F59-4F50-9EF9-5FB5ADE9DAD0,CENTERAUDIOVISUELDEROYANPOORLELUIDEDESLANGUES,مركز رويان السمعي البصري لدراسة اللغات,CENTER AUDIO VISUEL DE ROYAN POOR LELUIDE DES LANGUES,<p>Address: {{Description}}</p>,<p>Address: {{Description}}</p>,184,697C7D6B-6E81-416B-8F94-C01AE8A678E1,NULL,{{Phone}},NULL,783,,,CENTER AUDIO VISUEL DE ROYAN POOR LELUIDE DES LANGUES
4BC34DB3-DFB9-4F7E-95CD-81FDF448ED19,CentralAcademyofFineArtsCAFA,أكاديمية الفنون الجميلة المركزية,Central Academy of Fine Arts (CAFA),<p>Address: {{Description}}</p>,<p>Address: {{Description}}</p>,185,FFC985AF-DE1D-4346-9536-42391A71E6AD,NULL,{{Phone}},NULL,4339,,,Central Academy of Fine Arts (CAFA)
01B33001-8B26-44AB-8418-53B2C43EA437,INTOQueensUniversityBelfast,المعهد التمهيدي بجامعة كوينز بلفاست,INTO Queen's University Belfast,<p>Address: {{Description}}</p>,<p>Address: {{Description}}</p>,543,1489E888-7F88-4EC7-B746-1E8918A7245A,NULL,{{Phone}},NULL,4200,,,INTO Queen's University Belfast
F5CE4A96-5288-4F17-A59D-7D79705EE845,CentraleSuplec,مدرسة سنترال سوبليك للهندسة,Centrale Supélec,<p>Address: {{Description}}</p>,<p>Address: {{Description}}</p>,187,697C7D6B-6E81-416B-8F94-C01AE8A678E1,NULL,{{Phone}},NULL,4182,,,Centrale Supélec
A2C60F76-46EC-4944-A04E-F5C679DD451A,CentralEuropeanUniversity,الجامعة المركزية الأوروبية,Central European University,<p>Address: {{Description}}</p>,<p>Address: {{Description}}</p>,188,BC04E008-3F0A-43AA-A4F2-2DB917054D97,NULL,{{Phone}},NULL,4413,,,Central European University
E73929F8-5BDC-41C4-AD1D-31D90BC8A7D6,KaplanBirminghamUniversity,جامعة برمنغهام – كلية كابلان الدولية,Kaplan/Birmingham University,<p>Address: {{Description}}</p>,<p>Address: {{Description}}</p>,576,1489E888-7F88-4EC7-B746-1E8918A7245A,NULL,{{Phone}},NULL,4202,,,Kaplan/Birmingham University
48750765-3926-491D-98F6-311ECDDDFBD8,CentralQueenslandUniversity,جامعة كوينزلاند المركزية,Central Queensland University,<p>Address: {{Description}}</p>,<p>Address: {{Description}}</p>,190,6E24A731-2BBB-4725-9084-2225987A78DF,NULL,{{Phone}},NULL,4089,,,Central Queensland University
0D389A3A-C50B-4585-A6B7-0A7A73145881,CentralUniversityofTechnologyCUT,جامعة التكنولوجيا المركزية,Central University of Technology (CUT),<p>Address: {{Description}}</p>,<p>Address: {{Description}}</p>,191,80DB5A9E-9FFE-4420-8530-C56671F39698,NULL,{{Phone}},NULL,4574,,,Central University of Technology (CUT)
A715D4BB-9360-41E9-869D-40847F3E7055,CentralUniversityVenezuela,الجامعة المركزية في فنزويلا,"Central University, Venezuela",<p>Address: {{Description}}</p>,<p>Address: {{Description}}</p>,192,8EDC6008-BF53-47E7-90C3-8BDD579F0141,NULL,{{Phone}},NULL,495,,,"Central University, Venezuela"
B8727A44-7F8A-4715-B236-5D91EF9285C5,KaplanCityUniversityofLondon,جامعة سيتي لندن (كابلان),Kaplan/City University of London,<p>Address: {{Description}}</p>,<p>Address: {{Description}}</p>,577,1489E888-7F88-4EC7-B746-1E8918A7245A,NULL,{{Phone}},NULL,4199,,,Kaplan/City University of London
0C0928F1-86C4-46D3-B1DE-A6B0102B0F39,CentreinternationaldetudesfrancaisesUniversiteLumiereLyon,المركز الدولي للدراسات الفرنسية - جامعة ليون 2,Centre international d’ etudes francaises - Universite Lumiere - Lyon 2,<p>Address: {{Description}}</p>,<p>Address: {{Description}}</p>,194,697C7D6B-6E81-416B-8F94-C01AE8A678E1,NULL,{{Phone}},NULL,2250,,,Centre international d’ etudes francaises - Universite Lumiere - Lyon 2
B759A972-7E48-4A82-AEDD-7C8197CEBA24,KaplanInternationalcollegesLiverpool,كابلان الدولية - ليفربول,Kaplan International colleges - Liverpool,<p>Address: {{Description}}</p>,<p>Address: {{Description}}</p>,579,1489E888-7F88-4EC7-B746-1E8918A7245A,NULL,{{Phone}},NULL,4210,,,Kaplan International colleges - Liverpool
7DDD542E-E149-4ACB-8887-33DC25057C01,CentreuniversitairedetudesFrancaisesUniversiteStendhalGrenoble,جامعة ستندال غرينوبل,Centre universitaire d’etudes Francaises - Universite Stendhal - Grenoble,<p>Address: {{Description}}</p>,<p>Address: {{Description}}</p>,196,697C7D6B-6E81-416B-8F94-C01AE8A678E1,NULL,{{Phone}},NULL,2251,,,Centre universitaire d’etudes Francaises - Universite Stendhal - Grenoble
C9E972E9-94E2-4514-9143-B595F0E695F1,CentroComplutenseParaLaEnsenanzaDelEspanol,جامعة كمبلوتنسي بمدريد,Centro Complutense Para La Ensenanza Del Espanol,<p>Address: {{Description}}</p>,<p>Address: {{Description}}</p>,197,F0FABF42-8D0C-4BAA-8535-7D3FA80FA2D6,NULL,{{Phone}},NULL,4619,,,Centro Complutense Para La Ensenanza Del Espanol
11DDCACD-709D-4E3F-BD8D-3FD3E7A268CD,CesarRitzCollegesSwitzerland,كليات سيزار ريتز سويسرا,Cesar Ritz Colleges Switzerland,<p>Address: {{Description}}</p>,<p>Address: {{Description}}</p>,198,4E364110-075B-4CF7-A201-DEB66B8C8505,NULL,{{Phone}},NULL,4513,,,Cesar Ritz Colleges Switzerland
1D6EF7D2-DF2A-4BDC-BFDF-3EC51AA38BE1,CEUUniversities,جامعات سي.إي.يو,CEU Universities,<p>Address: {{Description}}</p>,<p>Address: {{Description}}</p>,199,F0FABF42-8D0C-4BAA-8535-7D3FA80FA2D6,NULL,{{Phone}},NULL,4263,,,CEU Universities
BE998D17-EBCD-424D-8DFD-F98C16F5130A,CFAILoire,مركز تدريب مهني صناعي - لورا,CFAI Loire,<p>Address: {{Description}}</p>,<p>Address: {{Description}}</p>,200,697C7D6B-6E81-416B-8F94-C01AE8A678E1,NULL,{{Phone}},NULL,4586,,,CFAI Loire
C18284B3-8EB0-4A50-A917-A349DFEE52BB,KaplanInternationalcollegesLondon,كابلان الدولية - لندن,Kaplan International colleges - London,<p>Address: {{Description}}</p>,<p>Address: {{Description}}</p>,580,1489E888-7F88-4EC7-B746-1E8918A7245A,NULL,{{Phone}},NULL,1915,,,Kaplan International colleges - London
862061A2-92CB-47A0-AEA5-A7959DA08C84,ChalmersUniversityofTechnology,جامعة تشالمرز للتكنولوجيا,Chalmers University of Technology,<p>Address: {{Description}}</p>,<p>Address: {{Description}}</p>,202,4EE77F72-AB6D-46D7-A924-03342D48A1DE,www.chalmers.se/en/,{{Phone}},NULL,3299,,,Chalmers University of Technology
91EB328A-25F8-4E55-8D82-C9E99321160E,ChandigarhUniversity,جامعة شانديغار,Chandigarh University,<p>Address: {{Description}}</p>,<p>Address: {{Description}}</p>,203,0C296880-4F70-452A-987E-723E428B63EB,NULL,{{Phone}},NULL,4469,,,Chandigarh University
0859B3CE-984F-4DE0-8C1A-21DFDECC3B26,KaplanInternationalPathwaysBournemouth,كابلان الدولية - بورنموث,Kaplan International Pathways - Bournemouth,<p>Address: {{Description}}</p>,<p>Address: {{Description}}</p>,581,1489E888-7F88-4EC7-B746-1E8918A7245A,NULL,{{Phone}},NULL,4260,,,Kaplan International Pathways - Bournemouth
99AEF683-8023-4E86-A57E-FF9694C68515,CharlesUniversity,جامعة تشارلز,Charles University,<p>Address: {{Description}}</p>,<p>Address: {{Description}}</p>,205,9CB59D55-A92C-4F8F-831F-E2A37857BEAA,www.cuni.cz/,{{Phone}},NULL,2440,,,Charles University
5A7ABB7D-66D7-486B-8EE5-A4FBFE5BAA1F,ChibaUniversity,جامعة شيبا,Chiba University,<p>Address: {{Description}}</p>,<p>Address: {{Description}}</p>,206,075E0DF0-A9BD-4C34-B089-95FF2D4D2A8A,http://www.chiba-u.ac.jp/,{{Phone}},NULL,335,,,Chiba University
59B2F13A-68DD-4556-8632-3857229B384C,ChinaAgriculturalUniversity,جامعة الزراعة الصينية,China Agricultural University,<p>Address: {{Description}}</p>,<p>Address: {{Description}}</p>,207,FFC985AF-DE1D-4346-9536-42391A71E6AD,NULL,{{Phone}},NULL,4097,,,China Agricultural University
493E4984-F2A1-4889-BDE0-B449E34EA5E3,ChinaForeignAffairsUniversity,جامعة الشؤون الخارجية الصينية,China Foreign Affairs University,<p>Address: {{Description}}</p>,<p>Address: {{Description}}</p>,208,FFC985AF-DE1D-4346-9536-42391A71E6AD,NULL,{{Phone}},NULL,2474,,,China Foreign Affairs University
E565EE13-404A-440F-9C14-1BEF4F808B94,ChineseUniversityofHongKong,الجامعة الصينية في هونغ كونغ,Chinese University of Hong Kong,<p>Address: {{Description}}</p>,<p>Address: {{Description}}</p>,209,F37D6EB9-D5C6-4EBE-8371-647AA54C44E6,www.cuhk.edu.hk/,{{Phone}},NULL,3355,,,Chinese University of Hong Kong
3D89FA99-387E-4BB3-A8E1-C88C262D2099,ChristianAlbrechtsUniversittZuKiel,جامعة كيل,Christian-Albrechts-Universität Zu Kiel,<p>Address: {{Description}}</p>,<p>Address: {{Description}}</p>,210,B6929437-CF78-40FE-B9EF-6AF0F35AE3D1,www.uni-kiel.de/,{{Phone}},NULL,3595,,,Christian-Albrechts-Universität Zu Kiel
74A46608-38C9-43FD-980D-D44B975B31A3,ChulalongkornUniversity,جامعة شولالونغكورن,Chulalongkorn University,<p>Address: {{Description}}</p>,<p>Address: {{Description}}</p>,211,87C06FCD-73A3-4663-A2B2-E56039A32264,NULL,{{Phone}},NULL,4598,,,Chulalongkorn University
8FD257FD-4726-41AE-9F41-074ADA2B07EE,ChungAngUniversity,جامعة تشونغ أنغ,Chung-Ang University,<p>Address: {{Description}}</p>,<p>Address: {{Description}}</p>,212,4EC45433-C178-4920-91B5-51459C956B21,neweng.cau.ac.kr/,{{Phone}},NULL,3750,,,Chung-Ang University
452DA2B3-BF35-49A4-BBE9-D219BE8C94D5,CIALCentrodeLinguas,مركز CIAL للغات,CIAL Centro de Linguas,<p>Address: {{Description}}</p>,<p>Address: {{Description}}</p>,213,834E31D6-3358-46FD-AFBD-453E237358D2,NULL,{{Phone}},NULL,4320,,,CIAL Centro de Linguas
7862AB32-C07C-43AA-BA40-2D0DD961E6C0,KaplanInternationalPathwaysBrighton,كابلان الدولية - برايتون,Kaplan International Pathways - Brighton,<p>Address: {{Description}}</p>,<p>Address: {{Description}}</p>,582,1489E888-7F88-4EC7-B746-1E8918A7245A,NULL,{{Phone}},NULL,4258,,,Kaplan International Pathways - Brighton
EFFACFDD-313C-4A34-9076-56B3DEB5DD6C,KaplanInternationalPathwaysBristol,كابلان الدولية - بريستول,Kaplan International Pathways - Bristol,<p>Address: {{Description}}</p>,<p>Address: {{Description}}</p>,583,1489E888-7F88-4EC7-B746-1E8918A7245A,NULL,{{Phone}},NULL,4193,,,Kaplan International Pathways - Bristol
7C51F67F-E97F-479C-AA78-0472D102A01B,KaplanInternationalPathwaysEssex,كابلان الدولية – إسكس,Kaplan International Pathways - Essex,<p>Address: {{Description}}</p>,<p>Address: {{Description}}</p>,584,1489E888-7F88-4EC7-B746-1E8918A7245A,NULL,{{Phone}},NULL,4250,,,Kaplan International Pathways - Essex
AF1BDA20-A89A-4950-A5FE-A526F7F6D375,KaplanInternationalPathwaysGlasgow,كابلان الدولية - غلاسكو,Kaplan International Pathways - Glasgow,<p>Address: {{Description}}</p>,<p>Address: {{Description}}</p>,585,1489E888-7F88-4EC7-B746-1E8918A7245A,NULL,{{Phone}},NULL,4259,,,Kaplan International Pathways - Glasgow
573FF0E2-BF49-474A-BF1E-503144BC62D3,KeeleUniversity,جامعة كيل,Keele University,<p>Address: {{Description}}</p>,<p>Address: {{Description}}</p>,593,1489E888-7F88-4EC7-B746-1E8918A7245A,http://www.keele.ac.uk/,{{Phone}},NULL,2953,,,Keele University
1570227F-CA61-409C-ACE4-B67CCF0223D2,KingsCollegeLondon,كلية كينغز لندن,King's College London,<p>Address: {{Description}}</p>,<p>Address: {{Description}}</p>,603,1489E888-7F88-4EC7-B746-1E8918A7245A,http://www.kcl.ac.uk/,{{Phone}},NULL,388,,,King's College London
141410F5-65E1-4FD5-834D-DB0662787EAC,KingsEducation,كينغز إديوكيشن,Kings Education,<p>Address: {{Description}}</p>,<p>Address: {{Description}}</p>,604,1489E888-7F88-4EC7-B746-1E8918A7245A,NULL,{{Phone}},NULL,3501,,,Kings Education
E621E4FA-5B36-41E9-A167-821B049CC728,CityUniversityofHongKong,جامعة مدينة هونغ كونغ,City University of Hong Kong,<p>Address: {{Description}}</p>,<p>Address: {{Description}}</p>,221,F37D6EB9-D5C6-4EBE-8371-647AA54C44E6,www.cityu.edu.hk/,{{Phone}},NULL,176,,,City University of Hong Kong
41715A36-569A-40ED-B241-630478F32641,KingstonUniversityLondon,جامعة كينغستون في لندن,"Kingston University, London",<p>Address: {{Description}}</p>,<p>Address: {{Description}}</p>,605,1489E888-7F88-4EC7-B746-1E8918A7245A,NULL,{{Phone}},NULL,444,,,"Kingston University, London"
0F1D1D91-3D20-480E-8966-EEC9B07630D8,LALLanguageCentres,مراكز إل إيه إل لتعليم اللغة,LAL Language Centres,<p>Address: {{Description}}</p>,<p>Address: {{Description}}</p>,623,1489E888-7F88-4EC7-B746-1E8918A7245A,NULL,{{Phone}},NULL,3534,,,LAL Language Centres
7BE9121A-F491-4B7C-863A-03607D4B0A72,LancasterUniversity,جامعة لانكستر,Lancaster University,<p>Address: {{Description}}</p>,<p>Address: {{Description}}</p>,625,1489E888-7F88-4EC7-B746-1E8918A7245A,http://www.lancs.ac.uk/,{{Phone}},NULL,1312,,,Lancaster University
912F5A8A-A3BD-449A-89CD-F67E4EC8461D,LeedsBeckettUniversity,جامعة ليدز بيكيت,Leeds Beckett University,<p>Address: {{Description}}</p>,<p>Address: {{Description}}</p>,638,1489E888-7F88-4EC7-B746-1E8918A7245A,NULL,{{Phone}},NULL,966,,,Leeds Beckett University
6F8EB004-23AA-44C4-B9FA-807A0C461FE2,LeedsEnglishLanguageSchool,مدرسة ليدز الإنجليزية,Leeds English Language School,<p>Address: {{Description}}</p>,<p>Address: {{Description}}</p>,639,1489E888-7F88-4EC7-B746-1E8918A7245A,NULL,{{Phone}},NULL,3477,,,Leeds English Language School
BE34EA52-33BB-45B8-82F1-3EBF914ED13E,LeedsInternationalStudyCenter,مركز الدراسات الدولية – ليدز,Leeds International Study Center,<p>Address: {{Description}}</p>,<p>Address: {{Description}}</p>,640,1489E888-7F88-4EC7-B746-1E8918A7245A,NULL,{{Phone}},NULL,4280,,,Leeds International Study Center
867135DA-FA31-447C-8757-AAE74FFC3B53,coleCentraledeLyon,المدرسة المركزية في ليون,École Centrale de Lyon,<p>Address: {{Description}}</p>,<p>Address: {{Description}}</p>,228,697C7D6B-6E81-416B-8F94-C01AE8A678E1,NULL,{{Phone}},NULL,4345,,,École Centrale de Lyon
A6D532DF-B9B7-4A63-A13D-B64AF223A79B,coleDesPontsParistech,مدرسة الجسور باريس تك,École Des Ponts Paristech,<p>Address: {{Description}}</p>,<p>Address: {{Description}}</p>,229,697C7D6B-6E81-416B-8F94-C01AE8A678E1,www.enpc.fr/en/node/,{{Phone}},NULL,3569,,,École Des Ponts Paristech
5C8E4611-EFE0-44A0-816B-F3903EF2F496,coleNationaleSuprieuredeCrationIndustrielleENSCILesAteliers,المدرسة الوطنية العليا للتصميم الصناعي,"École Nationale Supérieure de Création Industrielle, ENSCI Les Ateliers",<p>Address: {{Description}}</p>,<p>Address: {{Description}}</p>,230,697C7D6B-6E81-416B-8F94-C01AE8A678E1,NULL,{{Phone}},NULL,4458,,,"École Nationale Supérieure de Création Industrielle, ENSCI Les Ateliers"
105FB28C-45EA-40E5-91B6-4DA6FA857AB8,coleNationaleSuprieuredesArtsetMtiersENSAM,معهد الفنون والمهن,École Nationale Supérieure des Arts et Métiers (ENSAM),<p>Address: {{Description}}</p>,<p>Address: {{Description}}</p>,231,697C7D6B-6E81-416B-8F94-C01AE8A678E1,NULL,{{Phone}},NULL,4587,,,École Nationale Supérieure des Arts et Métiers (ENSAM)
F4363175-F660-4B93-A797-8B945EF07AD8,coleNationaleSuprieuredesBeauxArtsParis,المدرسة الوطنية العليا للفنون الجميلة – باريس,"École Nationale Supérieure des Beaux-Arts, Paris",<p>Address: {{Description}}</p>,<p>Address: {{Description}}</p>,232,697C7D6B-6E81-416B-8F94-C01AE8A678E1,NULL,{{Phone}},NULL,4460,,,"École Nationale Supérieure des Beaux-Arts, Paris"
1A457F34-CD55-4448-9DDA-E1F2462271E9,coleSuprieureDesSciencesconomiquesEtCommerciales,مدرسة إسّيك للأعمال,École Supérieure Des Sciences Économiques Et Commerciales,<p>Address: {{Description}}</p>,<p>Address: {{Description}}</p>,233,697C7D6B-6E81-416B-8F94-C01AE8A678E1,www.essec.fr/,{{Phone}},NULL,2066,,,École Supérieure Des Sciences Économiques Et Commerciales
56394061-376E-4A2D-988B-2159AB406FB3,coleSuprieuredIngnieursdeReimsESIReims,مدرسة ريمس العليا للمهندسين,École Supérieure d'Ingénieurs de Reims (ESIReims),<p>Address: {{Description}}</p>,<p>Address: {{Description}}</p>,234,697C7D6B-6E81-416B-8F94-C01AE8A678E1,NULL,{{Phone}},NULL,4588,,,École Supérieure d'Ingénieurs de Reims (ESIReims)
E29278BA-E58B-4286-BFB7-1AADEE93BBE0,LeicesterLanguageAcademy,أكاديمية ليستر للغات,Leicester Language Academy,<p>Address: {{Description}}</p>,<p>Address: {{Description}}</p>,642,1489E888-7F88-4EC7-B746-1E8918A7245A,NULL,{{Phone}},NULL,4079,,,Leicester Language Academy
D63C05D2-9C31-4ECB-838D-17534AAFB31C,CollegeofFrance,كلية فرنسا,College of France,<p>Address: {{Description}}</p>,<p>Address: {{Description}}</p>,236,697C7D6B-6E81-416B-8F94-C01AE8A678E1,NULL,{{Phone}},NULL,363,,,College of France
83FFA6FD-A4B3-4068-96E2-A86A3B5F131C,CollegeofIslamicStudies,"كلية الدراسات الإسلامية، جامعة حمد بن خليفة",College of Islamic Studies,<p>Address: {{Description}}</p>,<p>Address: {{Description}}</p>,237,D1DF472C-5D2E-47DD-98AD-D5E693C5BA6F,NULL,{{Phone}},NULL,1460,,,College of Islamic Studies
93301776-1CDE-4822-991C-42CF470C6928,COLLEGEOFTECHNOLOGYATAIX,كلية التكنولوجيا في إيكس,COLLEGE OF TECHNOLOGY AT AIX,<p>Address: {{Description}}</p>,<p>Address: {{Description}}</p>,238,697C7D6B-6E81-416B-8F94-C01AE8A678E1,NULL,{{Phone}},NULL,792,,,COLLEGE OF TECHNOLOGY AT AIX
A0E34ED1-C883-467A-92E4-EED2FF768D88,CollegeofTechnologyatAuxerre,معهد التكنولوجيا في أوكسير,College of Technology at Auxerre,<p>Address: {{Description}}</p>,<p>Address: {{Description}}</p>,239,697C7D6B-6E81-416B-8F94-C01AE8A678E1,NULL,{{Phone}},NULL,1087,,,College of Technology at Auxerre
AF7C138F-573C-4929-A64C-E8CC2C5C9CF1,COLLEGEOFTECHNOLOGYATDIJON,كلية التكنولوجيا - ديجون,COLLEGE OF TECHNOLOGY AT DIJON,<p>Address: {{Description}}</p>,<p>Address: {{Description}}</p>,240,697C7D6B-6E81-416B-8F94-C01AE8A678E1,NULL,{{Phone}},NULL,771,,,COLLEGE OF TECHNOLOGY AT DIJON
E72DD292-2EB5-4C95-9BDD-B4B56EAD6492,COLLEGEOFTECHNOLOGYATGRENOBLE,جامعة غرونوبل ألب,COLLEGE OF TECHNOLOGY AT GRENOBLE,<p>Address: {{Description}}</p>,<p>Address: {{Description}}</p>,241,697C7D6B-6E81-416B-8F94-C01AE8A678E1,NULL,{{Phone}},NULL,793,,,COLLEGE OF TECHNOLOGY AT GRENOBLE
5EAEF229-B8B2-47AD-B087-F38CEFA4A934,COLLEGEOFTECHNOLOGYATLAON,كلية التكنولوجيا في لاون,COLLEGE OF TECHNOLOGY AT LAON,<p>Address: {{Description}}</p>,<p>Address: {{Description}}</p>,242,697C7D6B-6E81-416B-8F94-C01AE8A678E1,NULL,{{Phone}},NULL,767,,,COLLEGE OF TECHNOLOGY AT LAON
1C8B0115-14A5-44F7-8893-086D39C27A05,LILALiverpool,معهد لِيلا ليفربول للغات,LILA* Liverpool,<p>Address: {{Description}}</p>,<p>Address: {{Description}}</p>,647,1489E888-7F88-4EC7-B746-1E8918A7245A,NULL,{{Phone}},NULL,3500,,,LILA* Liverpool
2641E46E-EF24-4341-A453-BC9707F4BA8E,LiverpoolJohnMooresUniversity,جامعة ليفربول جون مورس,Liverpool John Moores University,<p>Address: {{Description}}</p>,<p>Address: {{Description}}</p>,653,1489E888-7F88-4EC7-B746-1E8918A7245A,NULL,{{Phone}},NULL,4191,,,Liverpool John Moores University
68DF47F8-0B01-4967-B065-86FF38C74727,LiverpoolSchoolofEnglish,مدرسة ليفربول للغة الإنجليزية,Liverpool School of English,<p>Address: {{Description}}</p>,<p>Address: {{Description}}</p>,654,1489E888-7F88-4EC7-B746-1E8918A7245A,NULL,{{Phone}},NULL,4203,,,Liverpool School of English
6BA7CBF3-5553-4F1C-831F-3AEF25640173,LondonBrunelInternationalCollege,جامعة برونيل لندن,London Brunel International College,<p>Address: {{Description}}</p>,<p>Address: {{Description}}</p>,657,1489E888-7F88-4EC7-B746-1E8918A7245A,NULL,{{Phone}},NULL,3811,,,London Brunel International College
4A3AC07D-3D36-40A4-9DAE-006AFD1BB6F6,LondonBusinessSchool,كلية لندن للأعمال,London Business School,<p>Address: {{Description}}</p>,<p>Address: {{Description}}</p>,658,1489E888-7F88-4EC7-B746-1E8918A7245A,NULL,{{Phone}},NULL,2515,,,London Business School
BB35EC75-7607-440C-87F3-D3C8625282CA,LondonMetropolitanUniversity,جامعة لندن متروبوليتان,London Metropolitan University,<p>Address: {{Description}}</p>,<p>Address: {{Description}}</p>,659,1489E888-7F88-4EC7-B746-1E8918A7245A,NULL,{{Phone}},NULL,554,,,London Metropolitan University
E655546E-2E5F-44E5-B897-8A9F06BB88BB,LondonSchoolofEconomics,مدرسة لندن للاقتصاد والعلوم السياسية,London School of Economics,<p>Address: {{Description}}</p>,<p>Address: {{Description}}</p>,660,1489E888-7F88-4EC7-B746-1E8918A7245A,www.lse.ac.uk/,{{Phone}},NULL,275,,,London School of Economics
DBD18CCD-34BC-42E4-B53E-F5F030CE1C1D,CommunityCollegeofQatar,كلية المجتمع في قطر,Community College of Qatar,<p>Address: {{Description}}</p>,<p>Address: {{Description}}</p>,250,D1DF472C-5D2E-47DD-98AD-D5E693C5BA6F,NULL,{{Phone}},NULL,4150,,,Community College of Qatar
668F36D1-E4D0-4B2D-8CBA-393E13131E24,COMSATSUniversityIslamabad,جامعة كومتساتس - إسلام آباد,COMSATS University Islamabad,<p>Address: {{Description}}</p>,<p>Address: {{Description}}</p>,251,9435AD15-1DC3-4AFF-B48F-FE85E6EC9FCD,NULL,{{Phone}},NULL,4363,,,COMSATS University Islamabad
0F321A38-E3E6-4690-B30F-897B696BD06C,ConcordiaUniversity,جامعة كونكورديا,Concordia University,<p>Address: {{Description}}</p>,<p>Address: {{Description}}</p>,252,8460877D-3973-4A88-8B26-F4397E2F1316,http://www.concordia.ca/,{{Phone}},NULL,643,,,Concordia University
133335A5-C9BE-4CC4-92E6-14991E08A654,LondonSchoolofHygieneTropicalMedicine,مدرسة لندن للصحة والطب الاستوائي,London School of Hygiene & Tropical Medicine,<p>Address: {{Description}}</p>,<p>Address: {{Description}}</p>,661,1489E888-7F88-4EC7-B746-1E8918A7245A,NULL,{{Phone}},NULL,555,,,London School of Hygiene & Tropical Medicine
A522B89A-2BFB-47E7-AB4A-A5919A505367,CopenhagenBusinessSchool,مدرسة كوبنهاغن للأعمال,Copenhagen Business School,<p>Address: {{Description}}</p>,<p>Address: {{Description}}</p>,254,87E8D792-A1C9-4900-AA9C-96787F67625B,NULL,{{Phone}},NULL,4100,,,Copenhagen Business School
0EBC9CE3-3582-4F7C-B834-4E1E29C6E3B0,LondonSouthBankUniversity,جامعة لندن ساوث بانك,London South Bank University,<p>Address: {{Description}}</p>,<p>Address: {{Description}}</p>,662,1489E888-7F88-4EC7-B746-1E8918A7245A,NULL,{{Phone}},NULL,660,,,London South Bank University
CE0C2644-6662-43AF-9984-ED8F98FCC7F2,LoughboroughUniversity,جامعة لوفبرا,Loughborough University,<p>Address: {{Description}}</p>,<p>Address: {{Description}}</p>,666,1489E888-7F88-4EC7-B746-1E8918A7245A,http://www.lboro.ac.uk/,{{Phone}},NULL,394,,,Loughborough University
78BD4167-3475-4137-98C1-C1BE6E9B5FB3,CorvinusUniversityofBudapest,جامعة كورفينوس في بودابست,Corvinus University of Budapest,<p>Address: {{Description}}</p>,<p>Address: {{Description}}</p>,257,A1BBAA97-D2E6-4F2E-90E0-B4594E6278F2,NULL,{{Phone}},NULL,1574,,,Corvinus University of Budapest
18308B15-2039-4E9B-ABA1-66797CC34514,LSIPortsmouth,معهد إل إس آي بورتسموث للغات,LSI Portsmouth,<p>Address: {{Description}}</p>,<p>Address: {{Description}}</p>,682,1489E888-7F88-4EC7-B746-1E8918A7245A,NULL,{{Phone}},NULL,3809,,,LSI Portsmouth
22603784-EDFA-41D1-8919-B21A9B12492C,ManchesterAcademyofEnglish,أكاديمية مانشستر للغة الإنجليزية,Manchester Academy of English,<p>Address: {{Description}}</p>,<p>Address: {{Description}}</p>,706,1489E888-7F88-4EC7-B746-1E8918A7245A,NULL,{{Phone}},NULL,4080,,,Manchester Academy of English
660D1A8F-1EF2-4252-AD69-A2B4E8644478,ManchesterMetropolitanUniversity,جامعة مانشستر متروبوليتان,Manchester Metropolitan University,<p>Address: {{Description}}</p>,<p>Address: {{Description}}</p>,707,1489E888-7F88-4EC7-B746-1E8918A7245A,http://www.mmu.ac.uk/,{{Phone}},NULL,2986,,,Manchester Metropolitan University
28F87A19-0607-46B4-B5FF-F626A4D82056,MiddlesexUniversity,جامعة ميدلسكس,Middlesex University,<p>Address: {{Description}}</p>,<p>Address: {{Description}}</p>,735,1489E888-7F88-4EC7-B746-1E8918A7245A,http://www.mdx.ac.uk/,{{Phone}},NULL,451,,,Middlesex University
4F68723C-AEF7-49EE-9E1A-BD58843CCACB,CulinaryArtsAcademySwitzerland,أكاديمية فنون الطهي سويسرا,Culinary Arts Academy Switzerland,<p>Address: {{Description}}</p>,<p>Address: {{Description}}</p>,262,4E364110-075B-4CF7-A201-DEB66B8C8505,NULL,{{Phone}},NULL,4514,,,Culinary Arts Academy Switzerland
6D61BFB6-8C84-4C61-843D-00B3563B9069,CultureWorksESL,برنامج ثقافة وأعمال اللغة الإنجليزية كلغة ثانية,Culture Works ESL,<p>Address: {{Description}}</p>,<p>Address: {{Description}}</p>,263,8460877D-3973-4A88-8B26-F4397E2F1316,NULL,{{Phone}},NULL,3478,,,Culture Works ESL
F48C826F-C187-446D-A4D5-FD219FFAA2DC,NewcastleInternationalSchoolofEnglish,مدرسة نيوكاسل الدولية للغة الإنجليزية,Newcastle International School of English,<p>Address: {{Description}}</p>,<p>Address: {{Description}}</p>,783,1489E888-7F88-4EC7-B746-1E8918A7245A,NULL,{{Phone}},NULL,2292,,,Newcastle International School of English
8DEDDAE4-4EC8-43A5-8FFE-31E0FE6BEA11,NewcastleUniversity,جامعة نيوكاسل,Newcastle University,<p>Address: {{Description}}</p>,<p>Address: {{Description}}</p>,784,1489E888-7F88-4EC7-B746-1E8918A7245A,www.ncl.ac.uk/,{{Phone}},NULL,395,,,Newcastle University
F5B981EF-F9C3-4521-BECE-A9DFBE8FAA73,CurtinUniversity,جامعة كيرتن,Curtin University,<p>Address: {{Description}}</p>,<p>Address: {{Description}}</p>,266,6E24A731-2BBB-4725-9084-2225987A78DF,www.curtin.edu.au/,{{Phone}},NULL,3068,,,Curtin University
B11C9D15-4576-4B6E-88DF-51A7A910E081,CurtinUniversityofTechnology,جامعة كيرتن,Curtin University of Technology,<p>Address: {{Description}}</p>,<p>Address: {{Description}}</p>,267,6E24A731-2BBB-4725-9084-2225987A78DF,NULL,{{Phone}},NULL,1285,,,Curtin University of Technology
29D212F8-D136-40B4-B875-675CD3EB7CA9,CzechTechnicalUniversityInPrague,جامعة التقنية التشيكية في براغ,Czech Technical University In Prague,<p>Address: {{Description}}</p>,<p>Address: {{Description}}</p>,268,9CB59D55-A92C-4F8F-831F-E2A37857BEAA,www.cvut.cz/en/,{{Phone}},NULL,3560,,,Czech Technical University In Prague
3B0F2947-4A47-45BC-9289-793BE166BD5D,DalhousieUniversity,جامعة دالهوزي,Dalhousie University,<p>Address: {{Description}}</p>,<p>Address: {{Description}}</p>,269,8460877D-3973-4A88-8B26-F4397E2F1316,http://www.dal.ca/,{{Phone}},NULL,424,,,Dalhousie University
21836C09-B9F3-4A7D-8E45-AC0AA724AC5F,DamascusUniversity,جامعة دمشق,Damascus University,<p>Address: {{Description}}</p>,<p>Address: {{Description}}</p>,270,235F6112-523E-45D9-8BF8-1CC7A3A20850,NULL,{{Phone}},NULL,500,,,Damascus University
18BBD6E0-BB50-4367-A2D1-6B284B032361,NewcastleUniversityNewcastleuponTyneCampus,جامعة نيوكاسل,Newcastle University - Newcastle upon Tyne Campus,<p>Address: {{Description}}</p>,<p>Address: {{Description}}</p>,785,1489E888-7F88-4EC7-B746-1E8918A7245A,NULL,{{Phone}},NULL,4215,,,Newcastle University - Newcastle upon Tyne Campus
1A3FB658-698D-4797-A9C2-4E3BEB112518,NewCollegeGroupNCG,مجموعة الكلية الجديدة,New College Group - NCG,<p>Address: {{Description}}</p>,<p>Address: {{Description}}</p>,786,1489E888-7F88-4EC7-B746-1E8918A7245A,NULL,{{Phone}},NULL,4086,,,New College Group - NCG
516C6703-0573-41C6-9169-6A833865DE75,NewCollegeLanarkshire,كلية لاناركشاير الجديدة,New College Lanarkshire,<p>Address: {{Description}}</p>,<p>Address: {{Description}}</p>,787,1489E888-7F88-4EC7-B746-1E8918A7245A,NULL,{{Phone}},NULL,4531,,,New College Lanarkshire
C3868A95-E4BE-49FF-A7B5-9DF194E44883,DeakinUniversity,جامعة ديكن,Deakin University,<p>Address: {{Description}}</p>,<p>Address: {{Description}}</p>,274,6E24A731-2BBB-4725-9084-2225987A78DF,www.deakin.edu.au/,{{Phone}},NULL,3065,,,Deakin University
EF83F1EB-771B-4D2D-B652-D5FA9D0C3032,DelftUniversityofTechnology,جامعة دلفت للتكنولوجيا,Delft University of Technology,<p>Address: {{Description}}</p>,<p>Address: {{Description}}</p>,275,F1972BC9-B59A-4EA3-84CF-FEDA7EFF29A1,www.tudelft.nl/en/,{{Phone}},NULL,3247,,,Delft University of Technology
35DFA05E-9EE1-4EBB-B9D3-55FA465444ED,NewCollegeManchester,كلية نيو مانشستر,New College Manchester,<p>Address: {{Description}}</p>,<p>Address: {{Description}}</p>,788,1489E888-7F88-4EC7-B746-1E8918A7245A,NULL,{{Phone}},NULL,2542,,,New College Manchester
C49BE68A-505C-4693-AAC8-20EDDC67534F,NorthumbriaUniversityNewcastle,جامعة نورثمبريا,Northumbria University - Newcastle,<p>Address: {{Description}}</p>,<p>Address: {{Description}}</p>,800,1489E888-7F88-4EC7-B746-1E8918A7245A,مقاعد محدودة,{{Phone}},NULL,666,,,Northumbria University - Newcastle
35C6C59E-1FAF-4AA1-BCCF-A76607E1EC82,DesignAcademyEindhoven,أكاديمية إيندهوفن للتصميم,Design Academy Eindhoven,<p>Address: {{Description}}</p>,<p>Address: {{Description}}</p>,278,F1972BC9-B59A-4EA3-84CF-FEDA7EFF29A1,NULL,{{Phone}},NULL,4490,,,Design Academy Eindhoven
D89E7E51-C046-40AC-82AB-668DAEB3B22B,DesignSchoolKolding,مدرسة كولدينغ للتصميم,Design School Kolding,<p>Address: {{Description}}</p>,<p>Address: {{Description}}</p>,279,87E8D792-A1C9-4900-AA9C-96787F67625B,NULL,{{Phone}},NULL,4455,,,Design School Kolding
8EAD55F9-8503-44C0-86C7-FB1EA0790998,NorthumbriaUniversityNewcastleHigherEducation,جامعة نورثمبريا,"Northumbria University, Newcastle - Higher Education",<p>Address: {{Description}}</p>,<p>Address: {{Description}}</p>,801,1489E888-7F88-4EC7-B746-1E8918A7245A,NULL,{{Phone}},NULL,4216,,,"Northumbria University, Newcastle - Higher Education"
45F8DA5C-ABA0-4F67-9F9B-C44360C1EA06,NottinghamLanguageAcademy,أكاديمية نوتنغهام للغات,Nottingham Language Academy,<p>Address: {{Description}}</p>,<p>Address: {{Description}}</p>,807,1489E888-7F88-4EC7-B746-1E8918A7245A,NULL,{{Phone}},NULL,4068,,,Nottingham Language Academy
965C3CD8-6B08-41EB-9FED-31B0A2359748,DinulgazioneLingyaItlaianDILIT,معهد ديليت للغة الإيطالية,Dinulgazione Lingya Itlaian – DI.L.IT,<p>Address: {{Description}}</p>,<p>Address: {{Description}}</p>,282,8EA4214D-3BBC-4296-9CC0-8873A293313C,NULL,{{Phone}},NULL,4208,,,Dinulgazione Lingya Itlaian – DI.L.IT
189BDF98-A69E-41B7-B68F-D8BC6520C995,NottinghamTrentinternationalcollege,كلية نوتنغهام ترنت الدولية,Nottingham Trent international college,<p>Address: {{Description}}</p>,<p>Address: {{Description}}</p>,808,1489E888-7F88-4EC7-B746-1E8918A7245A,NULL,{{Phone}},NULL,4087,,,Nottingham Trent international college
AEC5A1DE-6FAC-400A-9300-E1981C7D2234,DohaInstituteforGraduateStudies,معهد الدوحة للدراسات العليا,Doha Institute for Graduate Studies,<p>Address: {{Description}}</p>,<p>Address: {{Description}}</p>,284,D1DF472C-5D2E-47DD-98AD-D5E693C5BA6F,NULL,{{Phone}},NULL,4077,,,Doha Institute for Graduate Studies
8B1F8B17-A532-40D9-A7B1-0887A45BA117,DohaUniversity,جامعة الدوحة,Doha University,,,285,1bdc81b7-a509-4181-ab12-0010f8535ac4,,,,2,,,
8F6390CC-B3BF-4818-9E31-EAC49C3499C9,DomusAcademy,أكاديمية دوموس,Domus Academy,<p>Address: {{Description}}</p>,<p>Address: {{Description}}</p>,286,8EA4214D-3BBC-4296-9CC0-8873A293313C,NULL,{{Phone}},NULL,4474,,,Domus Academy
E5176787-AFE5-4A04-87B0-B6647238368C,DonQuijote,مدرسة دون كيشوت للغات,Don Quijote,<p>Address: {{Description}}</p>,<p>Address: {{Description}}</p>,287,F0FABF42-8D0C-4BAA-8535-7D3FA80FA2D6,NULL,{{Phone}},NULL,4219,,,Don Quijote
5F1E1782-DADD-4F5E-ADA0-C02ACC4E563A,donQuijoteMadrid,مدرسة دون كيشوت للغات – مدريد,don Quijote Madrid,<p>Address: {{Description}}</p>,<p>Address: {{Description}}</p>,288,F0FABF42-8D0C-4BAA-8535-7D3FA80FA2D6,NULL,{{Phone}},NULL,4226,,,don Quijote Madrid
4CB31127-17B7-43D0-88D2-4251106D13EC,NottinghamTrentUniversity,جامعة نوتنغهام ترنت,Nottingham Trent University,<p>Address: {{Description}}</p>,<p>Address: {{Description}}</p>,809,1489E888-7F88-4EC7-B746-1E8918A7245A,مقاعد محدودة,{{Phone}},NULL,1590,,,Nottingham Trent University
96C2063B-BF79-4446-B91F-31AFDC75CC27,OISELanguageCoaching,مؤسسة تدريب لغوي,OISE Language Coaching,<p>Address: {{Description}}</p>,<p>Address: {{Description}}</p>,817,1489E888-7F88-4EC7-B746-1E8918A7245A,NULL,{{Phone}},NULL,2480,,,OISE Language Coaching
C7BE4F49-CB5B-46EF-BB2E-D72FE10EB29E,DubaiCollege,كلية دبي,Dubai College,<p>Address: {{Description}}</p>,<p>Address: {{Description}}</p>,291,1BDC81B7-A509-4181-AB12-0010F8535AC4,NULL,{{Phone}},NULL,502,,,Dubai College
E6A32B8D-8235-4C87-A0B9-AAA191679151,DublinCityUniversity,جامعة مدينة دبلن,Dublin City University,<p>Address: {{Description}}</p>,<p>Address: {{Description}}</p>,292,A42C4BB8-05C4-43C2-92C4-8FDC2148A4E9,www.dcu.ie/,{{Phone}},NULL,1328,,,Dublin City University
D8CF999D-EECA-4B25-852E-415C7591EBBC,DublinInstituteofTechnology,معهد دبلن للتكنولوجيا,Dublin Institute of Technology,<p>Address: {{Description}}</p>,<p>Address: {{Description}}</p>,293,A42C4BB8-05C4-43C2-92C4-8FDC2148A4E9,www.dit.ie/,{{Phone}},NULL,1807,,,Dublin Institute of Technology
61F0FBC3-FD77-4396-AF0E-B3B1FFE33859,DublinInternationalFoundationCollegeDIFC,كلية دبلن الدولية التأسيسية,Dublin International Foundation College - DIFC,<p>Address: {{Description}}</p>,<p>Address: {{Description}}</p>,294,A42C4BB8-05C4-43C2-92C4-8FDC2148A4E9,NULL,{{Phone}},NULL,4220,,,Dublin International Foundation College - DIFC
54C81DF1-82ED-40FF-8EC5-D9060481CBBD,OISEOxfordInstasiveSchoolofEnglish,مدرسة أويز أوكسفورد للغة الإنجليزية المكثفة,OISE- Oxford Instasive School of English,<p>Address: {{Description}}</p>,<p>Address: {{Description}}</p>,818,1489E888-7F88-4EC7-B746-1E8918A7245A,NULL,{{Phone}},NULL,2213,,,OISE- Oxford Instasive School of English
E9932D3D-7DC9-408F-BF59-5C9B591529CF,OxfordBrookesUniversity,جامعة أكسفورد بروكس,Oxford Brookes University,<p>Address: {{Description}}</p>,<p>Address: {{Description}}</p>,826,1489E888-7F88-4EC7-B746-1E8918A7245A,موقوفة بسبب التكدس,{{Phone}},NULL,1500,,,Oxford Brookes University
C20C9F9A-E86D-4E06-9D53-8D8AA408F095,OxfordBusinessCollege,كلية أوكسفورد للأعمال,Oxford Business College,<p>Address: {{Description}}</p>,<p>Address: {{Description}}</p>,827,1489E888-7F88-4EC7-B746-1E8918A7245A,NULL,{{Phone}},NULL,2137,,,Oxford Business College
A9EB6692-5F17-47FF-8699-CC4BEA4BAE03,DuyTanUniversity,جامعة دوي تان,Duy Tan University,<p>Address: {{Description}}</p>,<p>Address: {{Description}}</p>,298,A089D0CC-FF57-4F9A-A4E1-D84D1D8D4D8B,NULL,{{Phone}},NULL,4537,,,Duy Tan University
1B5CB3FD-B649-4A27-B423-435B2F9EBE66,OxfordLanguageCentre,مركز أكسفورد للغات,Oxford Language Centre,<p>Address: {{Description}}</p>,<p>Address: {{Description}}</p>,828,1489E888-7F88-4EC7-B746-1E8918A7245A,NULL,{{Phone}},NULL,3474,,,Oxford Language Centre
4D0F7501-A832-40F0-B6DC-A7B928FE2D38,EastChinaNormalUniversity,جامعة شرق الصين للمعلمين,East China Normal University,<p>Address: {{Description}}</p>,<p>Address: {{Description}}</p>,300,FFC985AF-DE1D-4346-9536-42391A71E6AD,www.ecnu.edu.cn,{{Phone}},NULL,3552,,,East China Normal University
C18A3887-12BB-40C4-AF50-5236B6E646DA,PlymouthUniversity,جامعة بليموث,Plymouth University,<p>Address: {{Description}}</p>,<p>Address: {{Description}}</p>,839,1489E888-7F88-4EC7-B746-1E8918A7245A,https://www.plymouth.ac.uk/,{{Phone}},NULL,2005,,,Plymouth University
A8A5CF0E-44ED-440B-BCA5-B80ADB801207,PrestonAcademyofEnglish,أكاديمية بريستون للغة الإنجليزية,Preston Academy of English,<p>Address: {{Description}}</p>,<p>Address: {{Description}}</p>,855,1489E888-7F88-4EC7-B746-1E8918A7245A,NULL,{{Phone}},NULL,3537,,,Preston Academy of English
6A0003DA-1620-4335-AE3A-CC50AD9741A2,EasternMediterraneanUniversity,جامعة شرق المتوسط,Eastern Mediterranean University,<p>Address: {{Description}}</p>,<p>Address: {{Description}}</p>,303,C4212154-D01C-4F5A-B480-A450D90E4927,NULL,{{Phone}},NULL,4303,,,Eastern Mediterranean University
58ED5395-3186-4BFA-A59F-510C97453AC1,EasternMediterraneanUniversityEMU,جامعة شرق البحر المتوسط,Eastern Mediterranean University (EMU),<p>Address: {{Description}}</p>,<p>Address: {{Description}}</p>,304,C4212154-D01C-4F5A-B480-A450D90E4927,NULL,{{Phone}},NULL,4596,,,Eastern Mediterranean University (EMU)
DD83B7A5-E39F-49DC-A480-A4BD19569FD2,QueenMaryUniversityofLondon,جامعة الملكة ماري بلندن,"Queen Mary, University of London",<p>Address: {{Description}}</p>,<p>Address: {{Description}}</p>,862,1489E888-7F88-4EC7-B746-1E8918A7245A,www.qmul.ac.uk/,{{Phone}},NULL,389,,,"Queen Mary, University of London"
093B42F7-BA0D-4A06-BEB6-D323CAAAFCFB,QueensUniversityBelfast,جامعة كوينز بلفاست,Queen's University Belfast,<p>Address: {{Description}}</p>,<p>Address: {{Description}}</p>,865,1489E888-7F88-4EC7-B746-1E8918A7245A,NULL,{{Phone}},NULL,1307,,,Queen's University Belfast
93D409A9-2F35-4413-BC56-3215B034E84F,EberhardKarlsUniversittTbingen,جامعة إبرهارد كارلز في توبنغن,Eberhard Karls Universität Tübingen,<p>Address: {{Description}}</p>,<p>Address: {{Description}}</p>,307,B6929437-CF78-40FE-B9EF-6AF0F35AE3D1,https://www.uni-tuebingen.de/en/,{{Phone}},NULL,3120,,,Eberhard Karls Universität Tübingen
FD0BB20B-7E35-452A-99C7-B4613F64A07D,RavensbourneUniversityLondon,جامعة رافينسبورن لندن,Ravensbourne University London,<p>Address: {{Description}}</p>,<p>Address: {{Description}}</p>,869,1489E888-7F88-4EC7-B746-1E8918A7245A,NULL,{{Phone}},NULL,4228,,,Ravensbourne University London
4E4598FE-8755-4136-9267-11E5C93B43B5,EcoleCentraledeNantes,المدرسة المركزية في نانت,Ecole Centrale de Nantes,<p>Address: {{Description}}</p>,<p>Address: {{Description}}</p>,309,697C7D6B-6E81-416B-8F94-C01AE8A678E1,NULL,{{Phone}},NULL,4346,,,Ecole Centrale de Nantes
C67B0080-5197-4CDD-A712-4DD03F6A49E2,EcoledesMinesParis,مدرسة باريس للمناجم – PSL,Ecole des Mines Paris,<p>Address: {{Description}}</p>,<p>Address: {{Description}}</p>,310,697C7D6B-6E81-416B-8F94-C01AE8A678E1,NULL,{{Phone}},NULL,3100,,,Ecole des Mines Paris
8529D3FE-D267-4D9C-BF6F-E494774484A7,EcoleNationaleSuperieuredesArtsDecoratifsENSAD,المدرسة الوطنية العليا للفنون الزخرفية - فرنسا,Ecole Nationale Superieure des Arts Decoratifs (ENSAD),<p>Address: {{Description}}</p>,<p>Address: {{Description}}</p>,311,697C7D6B-6E81-416B-8F94-C01AE8A678E1,NULL,{{Phone}},NULL,4459,,,Ecole Nationale Superieure des Arts Decoratifs (ENSAD)
B3D562B5-C8AB-4D70-B4BA-C6B542C2AEC4,EcoleNormaleSuprieureDeCachan,المدرسة العليا العادية باريس-ساكلاي,Ecole Normale Supérieure De Cachan,<p>Address: {{Description}}</p>,<p>Address: {{Description}}</p>,312,697C7D6B-6E81-416B-8F94-C01AE8A678E1,www.ens-cachan.fr/,{{Phone}},NULL,3570,,,Ecole Normale Supérieure De Cachan
B1963FFA-007A-4D4F-A48E-087FB0468ED6,EcoleNormaleSuprieureDeLyon,المدرسة العليا للأساتذة في ليون,Ecole Normale Supérieure De Lyon,<p>Address: {{Description}}</p>,<p>Address: {{Description}}</p>,313,697C7D6B-6E81-416B-8F94-C01AE8A678E1,www.ens-lyon.eu/,{{Phone}},NULL,3571,,,Ecole Normale Supérieure De Lyon
6E5CE153-E3B7-46C7-89E8-18BCCE59BC1C,EcolePolytechniqueFdraleDeLausanne,المدرسة الفدرالية التقنية في لوزان,Ecole Polytechnique Fédérale De Lausanne,<p>Address: {{Description}}</p>,<p>Address: {{Description}}</p>,314,4E364110-075B-4CF7-A201-DEB66B8C8505,https://www.epfl.ch/,{{Phone}},NULL,226,,,Ecole Polytechnique Fédérale De Lausanne
640EE146-3828-449F-B4A0-12E2B5636091,EcolePolytechniqueParis,المدرسة المتعددة التخصصات,Ecole Polytechnique Paris,<p>Address: {{Description}}</p>,<p>Address: {{Description}}</p>,315,697C7D6B-6E81-416B-8F94-C01AE8A678E1,www.polytechnique.edu/en/,{{Phone}},NULL,3573,,,Ecole Polytechnique Paris
092B8D4C-2D26-4D84-9ECE-ED4E0DBD30B6,EcolesEtudesInternationalesdeParis,مدارس الدراسات الدولية في باريس,Ecoles Etudes Internationales de Paris,<p>Address: {{Description}}</p>,<p>Address: {{Description}}</p>,316,697C7D6B-6E81-416B-8F94-C01AE8A678E1,NULL,{{Phone}},NULL,1280,,,Ecoles Etudes Internationales de Paris
FA12FA74-EB5E-4613-89EF-DD1FDFC64367,EDHECBusinessSchool,مدرسة إيديك للأعمال,EDHEC Business School,<p>Address: {{Description}}</p>,<p>Address: {{Description}}</p>,317,697C7D6B-6E81-416B-8F94-C01AE8A678E1,NULL,{{Phone}},NULL,4461,,,EDHEC Business School
24ACB061-B632-44EB-A0E8-D44976E7CB7B,RegentCambridge,ريجنت كامبريدج,Regent Cambridge,<p>Address: {{Description}}</p>,<p>Address: {{Description}}</p>,870,1489E888-7F88-4EC7-B746-1E8918A7245A,NULL,{{Phone}},NULL,1388,,,Regent Cambridge
8D5EB0AB-A2C2-4E29-9F62-15BE56A44411,EdithCowanUniversity,جامعة إدث كوان,Edith Cowan University,<p>Address: {{Description}}</p>,<p>Address: {{Description}}</p>,319,6E24A731-2BBB-4725-9084-2225987A78DF,NULL,{{Phone}},NULL,4090,,,Edith Cowan University
246B4BC1-0AB1-45B9-8309-C6BB2CD990FA,RegentLondon,ريجنت لندن لتعليم اللغة,Regent London,<p>Address: {{Description}}</p>,<p>Address: {{Description}}</p>,872,1489E888-7F88-4EC7-B746-1E8918A7245A,NULL,{{Phone}},NULL,4222,,,Regent London
7A462BA9-8D7A-41D8-85BA-F5427C44470F,RegentOxford,ريجينت أكسفورد,Regent Oxford,<p>Address: {{Description}}</p>,<p>Address: {{Description}}</p>,873,1489E888-7F88-4EC7-B746-1E8918A7245A,NULL,{{Phone}},NULL,3499,,,Regent Oxford
7785B648-05F2-410E-AAD4-C0DB887CF1E5,RichardLanguageCollege,كلية ريتشارد للغات,Richard Language College,<p>Address: {{Description}}</p>,<p>Address: {{Description}}</p>,881,1489E888-7F88-4EC7-B746-1E8918A7245A,NULL,{{Phone}},NULL,2248,,,Richard Language College
8436A3D7-6E19-42B0-88F8-49D9B241BE50,EducationUniversityofHongKong,جامعة هونغ كونغ للتعليم,Education University of Hong Kong,<p>Address: {{Description}}</p>,<p>Address: {{Description}}</p>,323,F37D6EB9-D5C6-4EBE-8371-647AA54C44E6,NULL,{{Phone}},NULL,4397,,,Education University of Hong Kong
98C1F0DA-9C18-4C52-9AE0-4BCCE81EFF1F,EFCampusLinguisticiInternazionaliRoma,معهد إي إف الدولي للغات – روما,EF Campus Linguistici Internazionali - Roma,<p>Address: {{Description}}</p>,<p>Address: {{Description}}</p>,324,8EA4214D-3BBC-4296-9CC0-8873A293313C,NULL,{{Phone}},NULL,4297,,,EF Campus Linguistici Internazionali - Roma
17F2071B-B794-4467-A8B4-620819AA51C6,EFInternationalerSprachcampusBerlin,معهد EF الدولي للغات - برلين,EF Internationaler Sprachcampus - Berlin,<p>Address: {{Description}}</p>,<p>Address: {{Description}}</p>,325,B6929437-CF78-40FE-B9EF-6AF0F35AE3D1,NULL,{{Phone}},NULL,4307,,,EF Internationaler Sprachcampus - Berlin
8981B57B-0DF4-4527-B323-51D5FA125AA8,EFInternationalerSprachcampusMnchen,معهد EF الدولي للغات - ميونيخ,EF Internationaler Sprachcampus - München,<p>Address: {{Description}}</p>,<p>Address: {{Description}}</p>,326,B6929437-CF78-40FE-B9EF-6AF0F35AE3D1,NULL,{{Phone}},NULL,4292,,,EF Internationaler Sprachcampus - München
14C28C9D-77B7-4764-975B-73E11F98DCAA,EFInternationalLanguageCampusMunich,معهد إي إف الدولي - ميونيخ,EF International Language Campus - Munich,<p>Address: {{Description}}</p>,<p>Address: {{Description}}</p>,327,B6929437-CF78-40FE-B9EF-6AF0F35AE3D1,NULL,{{Phone}},NULL,4618,,,EF International Language Campus - Munich
537F79DD-C474-4B10-85B2-03A43F567E07,EFInternationalLanguageCampusParis,مركز إي إف الدولي للغات - باريس,EF International Language Campus - Paris,<p>Address: {{Description}}</p>,<p>Address: {{Description}}</p>,328,697C7D6B-6E81-416B-8F94-C01AE8A678E1,NULL,{{Phone}},NULL,4608,,,EF International Language Campus - Paris
DE30BB65-88D9-44BD-8CB4-A039E69778AD,EFInternationalLanguageCampusRome,معهد إي إف الدولي للغات - روما,EF International Language Campus - Rome,<p>Address: {{Description}}</p>,<p>Address: {{Description}}</p>,329,8EA4214D-3BBC-4296-9CC0-8873A293313C,NULL,{{Phone}},NULL,4620,,,EF International Language Campus - Rome
2703B739-4C12-43FA-BFCB-81828EE929B3,EFInternationalLanguageCampusSeoul,مركز EF الدولي لتعليم اللغة – سيول,EF International Language Campus Seoul,<p>Address: {{Description}}</p>,<p>Address: {{Description}}</p>,330,4EC45433-C178-4920-91B5-51459C956B21,NULL,{{Phone}},NULL,4329,,,EF International Language Campus Seoul
414C1918-7713-4DB6-BE70-5C781AF0F17D,RichmondTheAmericanInternationalUniversityinLondon,جامعة ريتشموند الأمريكية الدولية في لندن,"Richmond, The American International University in London",<p>Address: {{Description}}</p>,<p>Address: {{Description}}</p>,883,1489E888-7F88-4EC7-B746-1E8918A7245A,NULL,{{Phone}},NULL,1256,,,"Richmond, The American International University in London"
A2A39000-F4D1-4D22-9D4C-B7DFC37628A6,RingCollegeLondon,"كلية رينج، لندن",Ring College London,<p>Address: {{Description}}</p>,<p>Address: {{Description}}</p>,884,1489E888-7F88-4EC7-B746-1E8918A7245A,NULL,{{Phone}},NULL,588,,,Ring College London
ABA4EE69-BA9C-4B53-8BD2-50EC7CE47E11,RobertGordonUniversity,جامعة روبرت غوردون,Robert Gordon University,<p>Address: {{Description}}</p>,<p>Address: {{Description}}</p>,886,1489E888-7F88-4EC7-B746-1E8918A7245A,http://www.rgu.ac.uk/,{{Phone}},NULL,2961,,,Robert Gordon University
87D180CA-23E5-43A5-A31A-EAE0BF2BA908,RoehamptonUniversity,جامعة روهامبتون,Roehampton University,<p>Address: {{Description}}</p>,<p>Address: {{Description}}</p>,890,1489E888-7F88-4EC7-B746-1E8918A7245A,www.roehampton.ac.uk/,{{Phone}},NULL,2993,,,Roehampton University
74078920-915C-4DCA-BAA2-11415F76A693,RoyalFreeHampsteadNHS,مستشفى رويال فري,Royal Free Hampstead NHS,<p>Address: {{Description}}</p>,<p>Address: {{Description}}</p>,893,1489E888-7F88-4EC7-B746-1E8918A7245A,NULL,{{Phone}},NULL,715,,,Royal Free Hampstead NHS
047DB094-650C-494A-B53C-8F63631F7821,RoyalHollowayUniversityofLondon,"رويال هولواي، جامعة لندن","Royal Holloway, University of London",<p>Address: {{Description}}</p>,<p>Address: {{Description}}</p>,894,1489E888-7F88-4EC7-B746-1E8918A7245A,http://www.rhul.ac.uk/,{{Phone}},NULL,658,,,"Royal Holloway, University of London"
F9986BC0-EB36-4598-88CA-C6E9FEEDF658,RoyalVeterinaryCollege,الكلية الملكية البيطرية,Royal Veterinary College,<p>Address: {{Description}}</p>,<p>Address: {{Description}}</p>,896,1489E888-7F88-4EC7-B746-1E8918A7245A,NULL,{{Phone}},NULL,2999,,,Royal Veterinary College
305B853E-FC22-4400-843F-004872D5F4BF,SchoolofOrientalandAfricanStudiesSOAS,جامعة الدراسات الشرقية والإفريقية,School of Oriental and African Studies (SOAS),<p>Address: {{Description}}</p>,<p>Address: {{Description}}</p>,920,1489E888-7F88-4EC7-B746-1E8918A7245A,NULL,{{Phone}},NULL,227,,,School of Oriental and African Studies (SOAS)
25E1FA0B-94DC-4640-91EE-260E54731470,EHGEcoleHtelireGeneveGenevaHotelManagementSchool,مدرسة جنيف للفندقة,EHG - Ecole Hôtelière Geneve (Geneva Hotel Management School),<p>Address: {{Description}}</p>,<p>Address: {{Description}}</p>,339,4E364110-075B-4CF7-A201-DEB66B8C8505,NULL,{{Phone}},NULL,4515,,,EHG - Ecole Hôtelière Geneve (Geneva Hotel Management School)
A804EE9B-CC87-494A-BE92-B944915031A9,EHLHospitalityBusinessSchool,مدرسة لوزان للفندقة (EHL),EHL Hospitality Business School,<p>Address: {{Description}}</p>,<p>Address: {{Description}}</p>,340,4E364110-075B-4CF7-A201-DEB66B8C8505,NULL,{{Phone}},NULL,4516,,,EHL Hospitality Business School
48D7DA2E-DCBF-4223-ABF0-0BE44CC3FF36,EindhovenUniversityofTechnology,جامعة أيندهوفن للتكنولوجيا,Eindhoven University of Technology,<p>Address: {{Description}}</p>,<p>Address: {{Description}}</p>,341,F1972BC9-B59A-4EA3-84CF-FEDA7EFF29A1,www.tue.nl/en/,{{Phone}},NULL,3249,,,Eindhoven University of Technology
BC1383F2-58C9-47F0-8744-6B5733256F8A,EinShamsUniversity,جامعة عين شمس,Ein Shams University,<p>Address: {{Description}}</p>,<p>Address: {{Description}}</p>,342,C65B85B5-8772-4DFB-89FF-AD6AD178E561,NULL,{{Phone}},NULL,509,,,Ein Shams University
1E57EC7C-50D7-481E-8796-7C4452412198,ElColegiodeMxicoAC,كلية المكسيك,"El Colegio de México, A.C.",<p>Address: {{Description}}</p>,<p>Address: {{Description}}</p>,343,8B3ABB14-F108-4241-A8DA-9DE24D53B14A,NULL,{{Phone}},NULL,4433,,,"El Colegio de México, A.C."
4BCC0D8A-72C6-4F05-905F-E8E11E387396,SheffieldHallamUniversity,جامعة شيفيلد هالام,Sheffield Hallam University,<p>Address: {{Description}}</p>,<p>Address: {{Description}}</p>,941,1489E888-7F88-4EC7-B746-1E8918A7245A,http://www.shu.ac.uk/,{{Phone}},NULL,3000,,,Sheffield Hallam University
563B6904-4759-4162-B6A9-3E68328435C8,ELSLanguageCenter,مركز ELS لتعليم اللغة الإنجليزية,ELS Language Center,<p>Address: {{Description}}</p>,<p>Address: {{Description}}</p>,345,8460877D-3973-4A88-8B26-F4397E2F1316,NULL,{{Phone}},NULL,3541,,,ELS Language Center
C76303EB-76D7-459E-9589-D6850D7600BB,SouthamptonSolentUniversity,جامعة سولنت,Southampton Solent University,<p>Address: {{Description}}</p>,<p>Address: {{Description}}</p>,951,1489E888-7F88-4EC7-B746-1E8918A7245A,NULL,{{Phone}},NULL,2541,,,Southampton Solent University
5D1673D2-540F-4098-B4E5-F99DE0E69295,SouthThamesCollege,كلية ساوث تيمز,South Thames College,<p>Address: {{Description}}</p>,<p>Address: {{Description}}</p>,960,1489E888-7F88-4EC7-B746-1E8918A7245A,NULL,{{Phone}},NULL,4532,,,South Thames College
E804D14D-516F-4C40-95BB-C743ED05DF66,StaffordHouseSchoolofEnglish,مدرسة ستافورد هاوس للغة الإنجليزية,Stafford House School of English,<p>Address: {{Description}}</p>,<p>Address: {{Description}}</p>,963,1489E888-7F88-4EC7-B746-1E8918A7245A,NULL,{{Phone}},NULL,2143,,,Stafford House School of English
4A5655B6-4891-4755-9538-12AF6B0F9A01,EmilyCarrUniversityofArtandDesign,جامعة إميلي كار للفنون والتصميم,Emily Carr University of Art and Design,<p>Address: {{Description}}</p>,<p>Address: {{Description}}</p>,349,8460877D-3973-4A88-8B26-F4397E2F1316,NULL,{{Phone}},NULL,4448,,,Emily Carr University of Art and Design
2DB5F0A5-8C35-4C6B-85E7-FC6DDFAC929B,emlyonbusinessschool,كلية إيمليون للأعمال,emlyon business school,<p>Address: {{Description}}</p>,<p>Address: {{Description}}</p>,350,697C7D6B-6E81-416B-8F94-C01AE8A678E1,NULL,{{Phone}},NULL,4462,,,emlyon business school
F0194DAA-421E-4A9B-B979-D8448ED90F28,StBreladesCollege,كلية سانت برلاد الخاصة للغات,St Brelades College,<p>Address: {{Description}}</p>,<p>Address: {{Description}}</p>,967,1489E888-7F88-4EC7-B746-1E8918A7245A,NULL,{{Phone}},NULL,2264,,,St Brelades College
7619E8FB-ADC6-46AF-8591-A7B70755D97A,StClaresOxford,"سانت كليرز، أكسفورد",St.Clare's Oxford,<p>Address: {{Description}}</p>,<p>Address: {{Description}}</p>,968,1489E888-7F88-4EC7-B746-1E8918A7245A,NULL,{{Phone}},NULL,2076,,,St.Clare's Oxford
4E52EDB2-1E74-417F-B0A9-1BCAAE883463,StGeorgesUniversityofLondon,جامعة سانت جورج لندن,"St George's, University of London",<p>Address: {{Description}}</p>,<p>Address: {{Description}}</p>,971,1489E888-7F88-4EC7-B746-1E8918A7245A,http://www.sgul.ac.uk/,{{Phone}},NULL,2960,,,"St George's, University of London"
3E872712-44C5-4907-9D41-9F8FE9986C65,StGilesBrighton,سانت جايلز إنترناشيونال – برايتون,St.Giles Brighton,<p>Address: {{Description}}</p>,<p>Address: {{Description}}</p>,972,1489E888-7F88-4EC7-B746-1E8918A7245A,NULL,{{Phone}},NULL,4201,,,St.Giles Brighton
37DB8C1E-0FCE-4695-AC7A-B7999312C4A7,StudyGroupLTD,مجموعة الدراسة الدولية,Study Group LTD,<p>Address: {{Description}}</p>,<p>Address: {{Description}}</p>,980,1489E888-7F88-4EC7-B746-1E8918A7245A,NULL,{{Phone}},NULL,4062,,,Study Group LTD
83AA5E11-87E0-4CE9-A899-9E46E2481B6F,EotvosLorandUniversity,جامعة إوتفوش لوراند,Eotvos Lorand University,<p>Address: {{Description}}</p>,<p>Address: {{Description}}</p>,356,A1BBAA97-D2E6-4F2E-90E0-B4594E6278F2,NULL,{{Phone}},NULL,3321,,,Eotvos Lorand University
7F6E6B94-ABD2-431D-A492-A08D06FAE8F0,SwanseaUniversity,جامعة سوانزي,Swansea University,<p>Address: {{Description}}</p>,<p>Address: {{Description}}</p>,986,1489E888-7F88-4EC7-B746-1E8918A7245A,http://www.swansea.ac.uk/,{{Phone}},NULL,2105,,,Swansea University
1BB26C71-B4BE-4969-BFB1-BB550B0103AD,ErasmusUniversityRotterdam,جامعة إيراسموس روتردام,Erasmus University Rotterdam,<p>Address: {{Description}}</p>,<p>Address: {{Description}}</p>,358,F1972BC9-B59A-4EA3-84CF-FEDA7EFF29A1,www.eur.nl/english/,{{Phone}},NULL,3246,,,Erasmus University Rotterdam
2813659A-FC1B-4077-A93C-AEF602B9F0A0,ErbidUniversity,جامعة إربد,Erbid University,<p>Address: {{Description}}</p>,<p>Address: {{Description}}</p>,359,10764C65-F3FD-469D-8849-7171F7CD4024,NULL,{{Phone}},NULL,513,,,Erbid University
46E6EFEF-FFE8-48AB-9F6C-3452369C601A,ESCPBusinessSchoolParis,مدرسة ESCP للأعمال,ESCP Business School - Paris,<p>Address: {{Description}}</p>,<p>Address: {{Description}}</p>,360,697C7D6B-6E81-416B-8F94-C01AE8A678E1,NULL,{{Phone}},NULL,4422,,,ESCP Business School - Paris
8C644CAD-245A-41A1-AE49-19D0CDC48843,EscueladePostgradoUPC,مدرسة الدراسات العليا UPC,Escuela de Postgrado UPC,<p>Address: {{Description}}</p>,<p>Address: {{Description}}</p>,361,E7002341-D72D-4DFC-9D94-56903214F408,NULL,{{Phone}},NULL,4496,,,Escuela de Postgrado UPC
EF58641E-A529-4769-8264-65B062FEF1F9,SwanseaUniversityFoundationSwanGlobalEducationLLP,برنامج التأسيس - جامعة سوانسي,Swansea University - Foundation (Swan Global Education LLP),<p>Address: {{Description}}</p>,<p>Address: {{Description}}</p>,987,1489E888-7F88-4EC7-B746-1E8918A7245A,NULL,{{Phone}},NULL,4249,,,Swansea University - Foundation (Swan Global Education LLP)
3B5B2378-CB0F-4D53-8808-62E63190AF3B,ESPCIParis,مدرسة الفيزياء والكيمياء الصناعية بباريس,ESPCI Paris,<p>Address: {{Description}}</p>,<p>Address: {{Description}}</p>,363,697C7D6B-6E81-416B-8F94-C01AE8A678E1,NULL,{{Phone}},NULL,3095,,,ESPCI Paris
BD9DB3E5-3F4D-41C1-ABEB-5AE688D4092A,ESSECBusinessSchool,مدرسة إيسي للأعمال,ESSEC Business School,<p>Address: {{Description}}</p>,<p>Address: {{Description}}</p>,364,697C7D6B-6E81-416B-8F94-C01AE8A678E1,NULL,{{Phone}},NULL,4423,,,ESSEC Business School
0ACC918A-6978-413B-AEA4-6504FDFFF021,ETHZurichSwissFederalInstituteofTechnology,المعهد الفيدرالي السويسري للتكنولوجيا في زيورخ,ETH Zurich (Swiss Federal Institute of Technology),<p>Address: {{Description}}</p>,<p>Address: {{Description}}</p>,365,4E364110-075B-4CF7-A201-DEB66B8C8505,NULL,{{Phone}},NULL,273,,,ETH Zurich (Swiss Federal Institute of Technology)
E31AAAF7-FE7A-481F-A521-0F28217A1BFD,EUHTStPOLBarcelonaSantPolSchoolofHospitalityandCulinaryManagement,مدرسة سانت بول للفندقة والسياحة,EUHT StPOL Barcelona - Sant Pol School of Hospitality and Culinary Management,<p>Address: {{Description}}</p>,<p>Address: {{Description}}</p>,366,F0FABF42-8D0C-4BAA-8535-7D3FA80FA2D6,NULL,{{Phone}},NULL,4505,,,EUHT StPOL Barcelona - Sant Pol School of Hospitality and Culinary Management
DB5A6B81-CDD2-4F78-9123-B13E9363E609,TeessideUniversity,جامعة تيسايد,Teesside University,<p>Address: {{Description}}</p>,<p>Address: {{Description}}</p>,1019,1489E888-7F88-4EC7-B746-1E8918A7245A,www.tees.ac.uk/,{{Phone}},NULL,3004,,,Teesside University
25486CEA-2742-484F-927D-2C38F1197F32,EuropeanUniversityInstitute,المعهد الجامعي الأوروبي,European University Institute,<p>Address: {{Description}}</p>,<p>Address: {{Description}}</p>,368,8EA4214D-3BBC-4296-9CC0-8873A293313C,NULL,{{Phone}},NULL,4428,,,European University Institute
C38AE6B7-624E-4F10-92E1-548A69678E45,EwhaWomansUniversity,جامعة إيهوا النسائية,Ewha Womans University,<p>Address: {{Description}}</p>,<p>Address: {{Description}}</p>,369,4EC45433-C178-4920-91B5-51459C956B21,www.ewha.ac.kr/,{{Phone}},NULL,3747,,,Ewha Womans University
5387A695-28DD-4E7D-9AB3-BFCA333BA23F,TheEnglishLanguageCentreReading,مركز اللغة الإنجليزية - ريدينغ,The English Language Centre - Reading,<p>Address: {{Description}}</p>,<p>Address: {{Description}}</p>,1037,1489E888-7F88-4EC7-B746-1E8918A7245A,NULL,{{Phone}},NULL,950,,,The English Language Centre - Reading
0B6B45A6-03D6-4C16-B4A8-AA8F29ED7C16,EzZitounaUniversity,جامعة الزيتونة,Ez-Zitouna University,<p>Address: {{Description}}</p>,<p>Address: {{Description}}</p>,371,A9BCDF3D-7DB1-469B-9A73-DE62BF646357,NULL,{{Phone}},NULL,2545,,,Ez-Zitouna University
7C18D322-38F6-4C1D-969C-1C87E3B0C3AC,TheInstituteofEducationUniversityofLondon,معهد التربية – جامعة لندن,The Institute of Education - University of London,<p>Address: {{Description}}</p>,<p>Address: {{Description}}</p>,1038,1489E888-7F88-4EC7-B746-1E8918A7245A,NULL,{{Phone}},NULL,1613,,,The Institute of Education - University of London
CD314A0E-D4C6-400C-BD6C-87F69BC7ABB5,TheLiverpoolSchoolOfEnglish,مدرسة ليفربول للغة الإنجليزية,The Liverpool School Of English,<p>Address: {{Description}}</p>,<p>Address: {{Description}}</p>,1039,1489E888-7F88-4EC7-B746-1E8918A7245A,NULL,{{Phone}},NULL,3471,,,The Liverpool School Of English
94184F27-6A4D-4062-8A0C-E2193DE3480F,FederalInstituteforVocationalEducationandTrainingBIBB,المعهد الاتحادي للتدريب المهني,Federal Institute for Vocational Education and Training (BIBB),<p>Address: {{Description}}</p>,<p>Address: {{Description}}</p>,374,B6929437-CF78-40FE-B9EF-6AF0F35AE3D1,NULL,{{Phone}},NULL,4584,,,Federal Institute for Vocational Education and Training (BIBB)
0F2DFB70-6A79-4116-9D07-DC003C8E0E5C,FederalUniversityofRiodeJaneiro,جامعة ريو دي جانيرو الفيدرالية,Federal University of Rio de Janeiro,<p>Address: {{Description}}</p>,<p>Address: {{Description}}</p>,375,1C3C12AF-0A4B-49C2-94D0-76A1FE46A634,NULL,{{Phone}},NULL,3329,,,Federal University of Rio de Janeiro
96522749-9F3A-4CC0-A234-42E902E84CD5,FederalUniversityofTechnologyAkureFUTA,"الجامعة الفيدرالية للتكنولوجيا، أكوري","Federal University of Technology, Akure (FUTA)",<p>Address: {{Description}}</p>,<p>Address: {{Description}}</p>,376,63C4C3EE-A6B4-4028-ABFD-C2BB93BBC503,NULL,{{Phone}},NULL,4569,,,"Federal University of Technology, Akure (FUTA)"
0D9DB483-4B0B-4E56-B177-1AAED7FDCB07,FederalUniversityofToulouseMidiPyrnes,الجامعة الفيدرالية تولوز ميدي بيرينيه,Federal University of Toulouse Midi-Pyrénées,<p>Address: {{Description}}</p>,<p>Address: {{Description}}</p>,377,697C7D6B-6E81-416B-8F94-C01AE8A678E1,NULL,{{Phone}},NULL,4183,,,Federal University of Toulouse Midi-Pyrénées
F097F8AF-1856-46FB-A0D3-BF3AD48E3D9A,thenorthernschooloflanguages,المدرسة الشمالية للغات,the northern school of languages,<p>Address: {{Description}}</p>,<p>Address: {{Description}}</p>,1042,1489E888-7F88-4EC7-B746-1E8918A7245A,NULL,{{Phone}},NULL,1623,,,the northern school of languages
F949BF54-AB31-44B9-A862-ABE9B7AE3B49,FlindersUniversity,جامعة فليندرز,Flinders University,<p>Address: {{Description}}</p>,<p>Address: {{Description}}</p>,379,6E24A731-2BBB-4725-9084-2225987A78DF,http://www.flinders.edu.au,{{Phone}},NULL,3053,,,Flinders University
5D4EDA02-39DF-4519-B7BE-840E188A675C,FlindersUniversitySouthAustralia,جامعة فليندرز,"Flinders University, South Australia",<p>Address: {{Description}}</p>,<p>Address: {{Description}}</p>,380,6E24A731-2BBB-4725-9084-2225987A78DF,NULL,{{Phone}},NULL,332,,,"Flinders University, South Australia"
0F89CB90-0487-45DB-A82F-65AB817DB61C,TheRoyalCollegeofPathologies,الكلية الملكية لعلماء الأمراض,The Royal College of Pathologies,<p>Address: {{Description}}</p>,<p>Address: {{Description}}</p>,1043,1489E888-7F88-4EC7-B746-1E8918A7245A,NULL,{{Phone}},NULL,620,,,The Royal College of Pathologies
BE7E1EEB-C50E-43FC-85C5-AFDE1CE92942,TheRoyalNationalCollegefortheBlindRNC,الكلية الوطنية الملكية للمكفوفين,The Royal National College for the Blind (RNC),<p>Address: {{Description}}</p>,<p>Address: {{Description}}</p>,1045,1489E888-7F88-4EC7-B746-1E8918A7245A,NULL,{{Phone}},NULL,1181,,,The Royal National College for the Blind (RNC)
853C0F82-03F6-4A49-878D-8C0EF7486E8B,TheSchoolofOrientalandAfricanStudies,جامعة الدراسات الشرقية والأفريقية,The School of Oriental and African Studies,<p>Address: {{Description}}</p>,<p>Address: {{Description}}</p>,1046,1489E888-7F88-4EC7-B746-1E8918A7245A,www.soas.ac.uk/,{{Phone}},NULL,2955,,,The School of Oriental and African Studies
27DDD4AF-E292-4A04-9320-74CE05706423,UCLAN,جامعة سنترال لانكشاير,UCLAN,<p>Address: {{Description}}</p>,<p>Address: {{Description}}</p>,1068,1489E888-7F88-4EC7-B746-1E8918A7245A,NULL,{{Phone}},NULL,4254,,,UCLAN
A0DCCC09-E7EB-4264-8FCD-038891F006AB,UlsterUniversity,جامعة ألستر,Ulster University,<p>Address: {{Description}}</p>,<p>Address: {{Description}}</p>,1073,1489E888-7F88-4EC7-B746-1E8918A7245A,https://www.ulster.ac.uk/,{{Phone}},NULL,3034,,,Ulster University
8948DFC2-AED3-48F3-B224-F9E6AFC62756,FranklinCollegeSwitzerland,جامعة فرانكلين بسويسرا,Franklin College Switzerland,<p>Address: {{Description}}</p>,<p>Address: {{Description}}</p>,386,4E364110-075B-4CF7-A201-DEB66B8C8505,NULL,{{Phone}},NULL,518,,,Franklin College Switzerland
90BC3584-8FE6-44C8-96BA-CC394E959336,UniversityBedfordshire,جامعة بيدفوردشير,University Bedfordshire,<p>Address: {{Description}}</p>,<p>Address: {{Description}}</p>,1193,1489E888-7F88-4EC7-B746-1E8918A7245A,NULL,{{Phone}},NULL,2502,,,University Bedfordshire
F5DCCACE-BDE4-4A03-99DF-489ED236E9AF,FreeInternationalUniversityOfMoldovaULIM,الجامعة الدولية الحرة في مولدوفا,Free International University Of Moldova -ULIM,<p>Address: {{Description}}</p>,<p>Address: {{Description}}</p>,388,6E158856-D615-4087-BC92-3F45AF7AC627,NULL,{{Phone}},NULL,3490,,,Free International University Of Moldova -ULIM
674A54A1-6712-4D3D-831B-3BEA4427DDE0,FreeUniversityofBozenBolzano,جامعة بوزين بولزانو الحرة,Free University of Bozen-Bolzano,<p>Address: {{Description}}</p>,<p>Address: {{Description}}</p>,389,8EA4214D-3BBC-4296-9CC0-8873A293313C,NULL,{{Phone}},NULL,4105,,,Free University of Bozen-Bolzano
5B8CA78E-47C3-41F7-BCE2-7EEDBB53A533,FreieUniversittBerlin,جامعة برلين الحرة,Freie Universität Berlin,<p>Address: {{Description}}</p>,<p>Address: {{Description}}</p>,390,B6929437-CF78-40FE-B9EF-6AF0F35AE3D1,www.fu-berlin.de/en/,{{Phone}},NULL,3596,,,Freie Universität Berlin
3D84D0FF-94F1-4028-A6DF-B3073CF3345F,fremdspracheninstitutesaarbrucken,معهد اللغات الأجنبية – زاربروكن,fremdsprachen institute - saarbrucken,<p>Address: {{Description}}</p>,<p>Address: {{Description}}</p>,391,B6929437-CF78-40FE-B9EF-6AF0F35AE3D1,NULL,{{Phone}},NULL,1264,,,fremdsprachen institute - saarbrucken
87E66F0A-B7E1-422E-8E6B-2BE7667AA34C,FriedrichAlexanderUniversittErlangenNrnberg,جامعة فريدريش ألكسندر إرلانجن-نورنبيرغ,Friedrich-Alexander-Universität Erlangen-Nürnberg,<p>Address: {{Description}}</p>,<p>Address: {{Description}}</p>,392,B6929437-CF78-40FE-B9EF-6AF0F35AE3D1,NULL,{{Phone}},NULL,4354,,,Friedrich-Alexander-Universität Erlangen-Nürnberg
08384B9D-26DE-4619-9901-441F0902A9BB,UniversityCollegeLondonUCL,جامعة كلية لندن,University College London - UCL,<p>Address: {{Description}}</p>,<p>Address: {{Description}}</p>,1197,1489E888-7F88-4EC7-B746-1E8918A7245A,http://www.ucl.ac.uk/,{{Phone}},NULL,83,,,University College London - UCL
1B85AD82-376D-4A5E-A636-BFDF6858BF48,FudanUniversity,جامعة فودان,Fudan University,<p>Address: {{Description}}</p>,<p>Address: {{Description}}</p>,394,FFC985AF-DE1D-4346-9536-42391A71E6AD,www.fudan.edu.cn,{{Phone}},NULL,1292,,,Fudan University
64AEB2C1-CBF5-42A3-A5EA-BDE5FF05C658,FundaoGetulioVargasFGV,مؤسسة غيتوليو فارغاس,Fundação Getulio Vargas (FGV),<p>Address: {{Description}}</p>,<p>Address: {{Description}}</p>,395,1C3C12AF-0A4B-49C2-94D0-76A1FE46A634,NULL,{{Phone}},NULL,4415,,,Fundação Getulio Vargas (FGV)
C23F9269-966C-4979-A595-0ACBCF617E0C,Gaziniversitesi,جامعة غازي,Gazi Üniversitesi,<p>Address: {{Description}}</p>,<p>Address: {{Description}}</p>,396,4BF7C691-B2AE-4D6A-B934-8ECA5F2177B2,NULL,{{Phone}},NULL,4393,,,Gazi Üniversitesi
9BBF3D3C-AE28-49B2-9D17-D911F1960AB0,GeorgAugustUniversittGttingen,جامعة غوتنغن,Georg-August-Universität Göttingen,<p>Address: {{Description}}</p>,<p>Address: {{Description}}</p>,397,B6929437-CF78-40FE-B9EF-6AF0F35AE3D1,www.uni-goettingen.de/en/,{{Phone}},NULL,3117,,,Georg-August-Universität Göttingen
79C7B614-AC93-462E-BCD2-9C409B4A98D6,UniversityfortheCreativeArts,جامعة الفنون الإبداعية,University for the Creative Arts,<p>Address: {{Description}}</p>,<p>Address: {{Description}}</p>,1200,1489E888-7F88-4EC7-B746-1E8918A7245A,www.ucreative.ac.uk/,{{Phone}},NULL,3010,,,University for the Creative Arts
650CCB66-3891-4519-B32D-D57972DE5CD0,UniversityofAberdeen,جامعة أبردين,University of Aberdeen,<p>Address: {{Description}}</p>,<p>Address: {{Description}}</p>,1204,1489E888-7F88-4EC7-B746-1E8918A7245A,http://www.abdn.ac.uk/,{{Phone}},NULL,1308,,,University of Aberdeen
FC30ECBE-6FEC-469D-B9AA-CF1D88F8E081,UniversityofAberystwyth,جامعة أبيريستويث,University of Aberystwyth,<p>Address: {{Description}}</p>,<p>Address: {{Description}}</p>,1206,1489E888-7F88-4EC7-B746-1E8918A7245A,NULL,{{Phone}},NULL,629,,,University of Aberystwyth
9FB039AF-DC31-49E9-82DA-18D36B46CDDE,UniversityofAngliaPolytechnic,جامعة أنجليا بوليتكنيك,University of Anglia Polytechnic,<p>Address: {{Description}}</p>,<p>Address: {{Description}}</p>,1217,1489E888-7F88-4EC7-B746-1E8918A7245A,NULL,{{Phone}},NULL,,,,University of Anglia Polytechnic
F026BE9C-B09F-4B8C-817E-F633AF9EB48A,GeorgetownUniversityQatar,جامعة جورجتاون في قطر,"Georgetown University, Qatar",<p>Address: {{Description}}</p>,<p>Address: {{Description}}</p>,402,D1DF472C-5D2E-47DD-98AD-D5E693C5BA6F,NULL,{{Phone}},NULL,270,,,"Georgetown University, Qatar"
73429EC9-CBB1-44E2-8087-64510748A542,UniversityofBath,جامعة باث,University of Bath,<p>Address: {{Description}}</p>,<p>Address: {{Description}}</p>,1226,1489E888-7F88-4EC7-B746-1E8918A7245A,http://www.bath.ac.uk/,{{Phone}},NULL,276,,,University of Bath
CFB08144-02D9-4BC8-AA7D-4A5E98E64DE4,UniversityOfBedfordshire,جامعة بيدفوردشير,University Of Bedfordshire,<p>Address: {{Description}}</p>,<p>Address: {{Description}}</p>,1227,1489E888-7F88-4EC7-B746-1E8918A7245A,NULL,{{Phone}},NULL,,,,University Of Bedfordshire
A839BC65-400F-4828-AD72-911878F97D50,UniversityofBirmingham,جامعة برمنغهام,University of Birmingham,<p>Address: {{Description}}</p>,<p>Address: {{Description}}</p>,1232,1489E888-7F88-4EC7-B746-1E8918A7245A,http://www.birmingham.ac.uk/,{{Phone}},NULL,277,,,University of Birmingham
5A8AC51D-3D0A-49C2-B5B5-17F4D6EE72F3,GhentUniversity,جامعة خنت,Ghent University,<p>Address: {{Description}}</p>,<p>Address: {{Description}}</p>,406,C09AC279-57A9-4005-919D-15A67287434A,www.ugent.be/en,{{Phone}},NULL,353,,,Ghent University
50C17E30-65C5-4E8E-9590-89DD389868A3,UniversityofBolton,جامعة بولتون,University of Bolton,<p>Address: {{Description}}</p>,<p>Address: {{Description}}</p>,1233,1489E888-7F88-4EC7-B746-1E8918A7245A,NULL,{{Phone}},NULL,3013,,,University of Bolton
E0A871E8-4A75-49CB-B79A-3D135361615B,UniversityofBradford,جامعة برادفورد,University of Bradford,<p>Address: {{Description}}</p>,<p>Address: {{Description}}</p>,1236,1489E888-7F88-4EC7-B746-1E8918A7245A,http://www.bradford.ac.uk/,{{Phone}},NULL,720,,,University of Bradford
0E68D17C-6CBD-4239-8F61-7C57A8FE7CD8,GlionInstituteofHigherEducation,معهد غليون للتعليم العالي,Glion Institute of Higher Education,<p>Address: {{Description}}</p>,<p>Address: {{Description}}</p>,409,4E364110-075B-4CF7-A201-DEB66B8C8505,NULL,{{Phone}},NULL,4517,,,Glion Institute of Higher Education
FFE7B14F-F42E-48A2-8D9A-03FCFF34085C,UniversityofBrighton,جامعة برايتون,University of Brighton,<p>Address: {{Description}}</p>,<p>Address: {{Description}}</p>,1238,1489E888-7F88-4EC7-B746-1E8918A7245A,http://www.brighton.ac.uk/,{{Phone}},NULL,639,,,University of Brighton
77B9A394-D0AC-41BE-ADAC-2CFBB4D117C2,GoetheInstitute,معهد غوته,Goethe Institute,<p>Address: {{Description}}</p>,<p>Address: {{Description}}</p>,411,B6929437-CF78-40FE-B9EF-6AF0F35AE3D1,NULL,{{Phone}},NULL,523,,,Goethe Institute
741FFDAD-60E4-4AC6-9661-3DA2DD045C05,GoetheUniversityFrankfurt,جامعة يوهانس غوتنبرغ فرانكفورت,Goethe University Frankfurt,<p>Address: {{Description}}</p>,<p>Address: {{Description}}</p>,412,B6929437-CF78-40FE-B9EF-6AF0F35AE3D1,NULL,{{Phone}},NULL,517,,,Goethe University Frankfurt
7891A5BC-9303-4F2B-8130-DFDE0051C801,UniversityofBristol,جامعة بريستول,University of Bristol,<p>Address: {{Description}}</p>,<p>Address: {{Description}}</p>,1239,1489E888-7F88-4EC7-B746-1E8918A7245A,http://www.bristol.ac.uk/,{{Phone}},NULL,228,,,University of Bristol
A3E2D503-199F-4258-B3FF-50451E78A4C8,UniversityofBuckingham,جامعة باكنغهام,University of Buckingham,<p>Address: {{Description}}</p>,<p>Address: {{Description}}</p>,1241,1489E888-7F88-4EC7-B746-1E8918A7245A,NULL,{{Phone}},NULL,2014,,,University of Buckingham
1F4A5ACD-95E9-4022-83DF-C3E76D6C36DB,GrazUniversityofTechnology,جامعة غراتس للتكنولوجيا,Graz University of Technology,<p>Address: {{Description}}</p>,<p>Address: {{Description}}</p>,415,BC04E008-3F0A-43AA-A4F2-2DB917054D97,NULL,{{Phone}},NULL,4094,,,Graz University of Technology
160E5719-C28D-43B2-9FC1-23F27A943D03,UniversityofCambridge,جامعة كامبريدج,University of Cambridge,<p>Address: {{Description}}</p>,<p>Address: {{Description}}</p>,1256,1489E888-7F88-4EC7-B746-1E8918A7245A,www.cam.ac.uk/,{{Phone}},NULL,229,,,University of Cambridge
1B813C1F-E289-4AF4-96CB-B539D8817661,GrenobleAlpesUniversity,جامعة غرونوبل ألب,Grenoble Alpes University,<p>Address: {{Description}}</p>,<p>Address: {{Description}}</p>,417,697C7D6B-6E81-416B-8F94-C01AE8A678E1,https://www.ujf-grenoble.fr/,{{Phone}},NULL,3584,,,Grenoble Alpes University
67C66794-634B-44D3-A62C-C1CF77CF19D5,GriffithUniversity,جامعة غريفيث,Griffith University,<p>Address: {{Description}}</p>,<p>Address: {{Description}}</p>,418,6E24A731-2BBB-4725-9084-2225987A78DF,www.griffith.edu.au/,{{Phone}},NULL,3059,,,Griffith University
75B8C699-2931-46AC-9F71-F59773205E11,UniversityofCentralLancashire,جامعة وسط لانكشاير,University of Central Lancashire,<p>Address: {{Description}}</p>,<p>Address: {{Description}}</p>,1262,1489E888-7F88-4EC7-B746-1E8918A7245A,مقاعد محدودة,{{Phone}},NULL,1309,,,University of Central Lancashire
CF7626C1-8DE5-47D1-9A6B-FE19FF695649,GulfMedicalUniversityAjman,جامعة الخليج الطبية,"Gulf Medical University, Ajman",<p>Address: {{Description}}</p>,<p>Address: {{Description}}</p>,420,1BDC81B7-A509-4181-AB12-0010F8535AC4,NULL,{{Phone}},NULL,464,,,"Gulf Medical University, Ajman"
5863DFAC-FFB6-4D2B-8766-C423F27AEFDD,GulfUniversityforScienceandTechnology,جامعة الخليج للعلوم والتكنولوجيا,Gulf University for Science and Technology,<p>Address: {{Description}}</p>,<p>Address: {{Description}}</p>,421,A4F0FF2A-11FC-475B-94F0-AF538793C5BA,NULL,{{Phone}},NULL,525,,,Gulf University for Science and Technology
5146F5D0-4315-4D55-BDCA-2134A04A64AF,GwangjuInstituteofScienceandTechnology,معهد غوانغجو للعلوم والتكنولوجيا,Gwangju Institute of Science and Technology,<p>Address: {{Description}}</p>,<p>Address: {{Description}}</p>,422,4EC45433-C178-4920-91B5-51459C956B21,NULL,{{Phone}},NULL,4130,,,Gwangju Institute of Science and Technology
ED31E610-542E-42FF-B07C-833B8322A78B,HacettepeUniversity,جامعة حاجي تبه,Hacettepe University,<p>Address: {{Description}}</p>,<p>Address: {{Description}}</p>,423,4BF7C691-B2AE-4D6A-B934-8ECA5F2177B2,www.hacettepe.edu.tr/english/,{{Phone}},NULL,3718,,,Hacettepe University
60400A58-DBE1-44F3-9F29-1D2AFE7E58B4,HalabUniversityAleppo,جامعة حلب,Halab University (Aleppo),<p>Address: {{Description}}</p>,<p>Address: {{Description}}</p>,424,235F6112-523E-45D9-8BF8-1CC7A3A20850,NULL,{{Phone}},NULL,1099,,,Halab University (Aleppo)
733DD9A2-7F26-4410-BDB0-1CE719A2724E,HamadBinKhalifaUniversity,جامعة حمد بن خليفة,Hamad Bin Khalifa University,<p>Address: {{Description}}</p>,<p>Address: {{Description}}</p>,425,D1DF472C-5D2E-47DD-98AD-D5E693C5BA6F,NULL,{{Phone}},NULL,2547,,,Hamad Bin Khalifa University
45BE8781-0DDE-4CDC-8995-78A85CFD79D6,HamburgUniversityofTechnologyTechnischeUniversittHamburg,جامعة هامبورغ التقنية,Hamburg University of Technology (Technische Universität Hamburg),<p>Address: {{Description}}</p>,<p>Address: {{Description}}</p>,426,B6929437-CF78-40FE-B9EF-6AF0F35AE3D1,NULL,{{Phone}},NULL,4585,,,Hamburg University of Technology (Technische Universität Hamburg)
A430816B-8C2D-4188-ACB3-14B14056E921,UniversityofChester,جامعة تشيستر,University of Chester,<p>Address: {{Description}}</p>,<p>Address: {{Description}}</p>,1263,1489E888-7F88-4EC7-B746-1E8918A7245A,http://www.chester.ac.uk/,{{Phone}},NULL,3018,,,University of Chester
2FB0B277-5954-403D-9D5A-283818257AA6,universityofDerby,جامعة ديربي,university of Derby,<p>Address: {{Description}}</p>,<p>Address: {{Description}}</p>,1281,1489E888-7F88-4EC7-B746-1E8918A7245A,NULL,{{Phone}},NULL,1822,,,university of Derby
C46A9CA9-C315-455B-979D-2BD4E910A28B,HankukUniversityofForeignStudiesHUFS,جامعة هانكوك للدراسات الأجنبية,Hankuk University of Foreign Studies (HUFS),<p>Address: {{Description}}</p>,<p>Address: {{Description}}</p>,429,4EC45433-C178-4920-91B5-51459C956B21,NULL,{{Phone}},NULL,4440,,,Hankuk University of Foreign Studies (HUFS)
BF68BA06-CD3D-467E-8B28-8018A51A3A93,HanyangInstituteInternationalEducation,Hanyang Institute International Education ,Hanyang Institute International Education ,<p>Address: {{Description}}</p>,<p>Address: {{Description}}</p>,430,4EC45433-C178-4920-91B5-51459C956B21,http://www.ou.edu/,{{Phone}},NULL,0,,,Hanyang Institute International Education 
1A04BEC1-4F11-4497-9991-0077E69ABA19,HanyangUniversity,جامعة هانيانغ,Hanyang University,<p>Address: {{Description}}</p>,<p>Address: {{Description}}</p>,431,4EC45433-C178-4920-91B5-51459C956B21,http://www.hanyang.ac.kr/,{{Phone}},NULL,3280,,,Hanyang University
FAF724CA-2BE8-4371-B1B0-DA85D6777202,HarbinInstituteofTechnology,معهد هاربين للتكنولوجيا,Harbin Institute of Technology,<p>Address: {{Description}}</p>,<p>Address: {{Description}}</p>,432,FFC985AF-DE1D-4346-9536-42391A71E6AD,www.hit.edu.cn,{{Phone}},NULL,3553,,,Harbin Institute of Technology
67B992FC-32A2-4513-A52E-7AD1E206C3B4,UniversityofDundee,جامعة دندي,University of Dundee,<p>Address: {{Description}}</p>,<p>Address: {{Description}}</p>,1283,1489E888-7F88-4EC7-B746-1E8918A7245A,http://www.dundee.ac.uk/,{{Phone}},NULL,392,,,University of Dundee
83D167D4-379A-4C6A-9FA7-51CAB59261F9,hartnackschuleberlin,مدرسة هارتناك برلين للغات,hartnackschule berlin,<p>Address: {{Description}}</p>,<p>Address: {{Description}}</p>,434,B6929437-CF78-40FE-B9EF-6AF0F35AE3D1,NULL,{{Phone}},NULL,4629,,,hartnackschule berlin
DF03D991-7BA8-44C5-A3FC-5E0ECA48E3F1,UniversityofEastAnglia,جامعة إيست أنغليا,University of East Anglia,<p>Address: {{Description}}</p>,<p>Address: {{Description}}</p>,1284,1489E888-7F88-4EC7-B746-1E8918A7245A,http://www.uea.ac.uk/,{{Phone}},NULL,393,,,University of East Anglia
5FB573E1-0DE0-4FA1-8E1B-950892EF864D,UniversityOfEastLondon,جامعة شرق لندن,University Of East London,<p>Address: {{Description}}</p>,<p>Address: {{Description}}</p>,1286,1489E888-7F88-4EC7-B746-1E8918A7245A,NULL,{{Phone}},NULL,1222,,,University Of East London
C1B7C4F3-7904-4A99-A59D-C8121F1DADE1,UniversityofEdinburgh,جامعة إدنبرة,University of Edinburgh,<p>Address: {{Description}}</p>,<p>Address: {{Description}}</p>,1287,1489E888-7F88-4EC7-B746-1E8918A7245A,www.ed.ac.uk/,{{Phone}},NULL,230,,,University of Edinburgh
FDFF54E5-1E6D-4F96-9158-047DEA06B7B2,HauteEcoledartetdedesigndeGenveHEAD,المدرسة العليا للفنون والتصميم في جنيف,Haute Ecole d'art et de design de Genève (HEAD),<p>Address: {{Description}}</p>,<p>Address: {{Description}}</p>,438,4E364110-075B-4CF7-A201-DEB66B8C8505,NULL,{{Phone}},NULL,4518,,,Haute Ecole d'art et de design de Genève (HEAD)
B3A8139D-8138-4CD8-A118-237CC119D949,UniversityofEssex,جامعة إسكس,University of Essex,<p>Address: {{Description}}</p>,<p>Address: {{Description}}</p>,1289,1489E888-7F88-4EC7-B746-1E8918A7245A,http://www.essex.ac.uk/,{{Phone}},NULL,645,,,University of Essex
064FF99F-3EBF-45C1-AD76-88A1D18C6A13,HECParisBusinessSchool,كلية إدارة الأعمال - باريس (HEC),HEC Paris Business School,<p>Address: {{Description}}</p>,<p>Address: {{Description}}</p>,440,697C7D6B-6E81-416B-8F94-C01AE8A678E1,NULL,{{Phone}},NULL,4420,,,HEC Paris Business School
30C38585-48A6-4C9E-BD5B-FC45CDDDF1B2,HECParisDoha,المعهد الفرنسي في قطر HEC,HEC Paris – Doha,<p>Address: {{Description}}</p>,<p>Address: {{Description}}</p>,441,D1DF472C-5D2E-47DD-98AD-D5E693C5BA6F,NULL,{{Phone}},NULL,3346,,,HEC Paris – Doha
2588CF5A-34EB-463C-B22F-D3C0FC8D18CD,HECSchoolofManagement,كلية إدارة الأعمال HEC باريس,HEC School of Management,<p>Address: {{Description}}</p>,<p>Address: {{Description}}</p>,442,697C7D6B-6E81-416B-8F94-C01AE8A678E1,www.hec.fr/,{{Phone}},NULL,1282,,,HEC School of Management
92D8E92E-F4BB-4AE5-B17C-45A1093ED73A,HeidelbergUniversity,جامعة هايدلبرغ,Heidelberg University,<p>Address: {{Description}}</p>,<p>Address: {{Description}}</p>,443,B6929437-CF78-40FE-B9EF-6AF0F35AE3D1,NULL,{{Phone}},NULL,129,,,Heidelberg University
B82DD906-1483-4865-A0BC-F5D95461890D,HelwanUniversity,جامعة حلوان,Helwan University,<p>Address: {{Description}}</p>,<p>Address: {{Description}}</p>,444,C65B85B5-8772-4DFB-89FF-AD6AD178E561,NULL,{{Phone}},NULL,526,,,Helwan University
1E18C43A-C3FF-42E5-951B-F570ED4E600F,UniversityofExeter,جامعة إكسيتر,University of Exeter,<p>Address: {{Description}}</p>,<p>Address: {{Description}}</p>,1290,1489E888-7F88-4EC7-B746-1E8918A7245A,http://www.exeter.ac.uk/,{{Phone}},NULL,646,,,University of Exeter
1C47C92D-4AE1-4FA4-A0AD-2F558B1BE536,UniversityofGlamorgan,جامعة غلامورغان,University of Glamorgan,<p>Address: {{Description}}</p>,<p>Address: {{Description}}</p>,1297,1489E888-7F88-4EC7-B746-1E8918A7245A,NULL,{{Phone}},NULL,2425,,,University of Glamorgan
AC7B7702-811F-403B-A050-2821E5D1BA9C,HigherInstituteforTheatricalArts,المعهد العالي للفنون المسرحية,Higher Institute for Theatrical Arts,<p>Address: {{Description}}</p>,<p>Address: {{Description}}</p>,447,C65B85B5-8772-4DFB-89FF-AD6AD178E561,NULL,{{Phone}},NULL,527,,,Higher Institute for Theatrical Arts
945C9318-DA61-4AE3-8753-9A4782D59FC3,UniversityofGlasgow,جامعة غلاسكو,University of Glasgow,<p>Address: {{Description}}</p>,<p>Address: {{Description}}</p>,1298,1489E888-7F88-4EC7-B746-1E8918A7245A,http://www.gla.ac.uk/,{{Phone}},NULL,133,,,University of Glasgow
988357E0-D1E9-4DD9-A5F7-FBAE37C5DDEA,HiroshimaUniversity,جامعة هيروشيما,Hiroshima University,<p>Address: {{Description}}</p>,<p>Address: {{Description}}</p>,449,075E0DF0-A9BD-4C34-B089-95FF2D4D2A8A,http://www.hiroshima-u.ac.jp/,{{Phone}},NULL,337,,,Hiroshima University
349C9A9D-A1D2-43D8-AAD4-AF3F16F05E95,HitotsubashiUniversity,جامعة هيتوتسوباشي,Hitotsubashi University,<p>Address: {{Description}}</p>,<p>Address: {{Description}}</p>,450,075E0DF0-A9BD-4C34-B089-95FF2D4D2A8A,NULL,{{Phone}},NULL,4430,,,Hitotsubashi University
A4094637-77BB-44A0-BFC8-6F67E2CAC36C,HOCHSCHULEKONSTANZ,جامعة كونستانز للعلوم التطبيقية,HOCHSCHULE KONSTANZ,<p>Address: {{Description}}</p>,<p>Address: {{Description}}</p>,451,B6929437-CF78-40FE-B9EF-6AF0F35AE3D1,NULL,{{Phone}},NULL,4074,,,HOCHSCHULE KONSTANZ
BAE6A3F0-12C3-4464-AE1C-F1E8717E2124,UniversityofGreenwich,جامعة غرينتش,University of Greenwich,<p>Address: {{Description}}</p>,<p>Address: {{Description}}</p>,1302,1489E888-7F88-4EC7-B746-1E8918A7245A,NULL,{{Phone}},NULL,647,,,University of Greenwich
18CFFF6A-478F-4DF7-9ECB-C5602A47DF57,HokkaidoUniversity,جامعة هوكايدو,Hokkaido University,<p>Address: {{Description}}</p>,<p>Address: {{Description}}</p>,453,075E0DF0-A9BD-4C34-B089-95FF2D4D2A8A,http://www.hokudai.ac.jp/,{{Phone}},NULL,338,,,Hokkaido University
7FE8E4EF-0366-454D-8FA1-286A8D3EE6D1,HolyspiritinBeirut,جامعة الروح القدس – الكسليك,Holy spirit in Beirut,<p>Address: {{Description}}</p>,<p>Address: {{Description}}</p>,454,B55F640A-91A7-416D-A051-2BC4354B7537,NULL,{{Phone}},NULL,528,,,Holy spirit in Beirut
D5E73037-14F7-46CC-9D55-CA6565CCB78C,HongikUniversity,جامعة هونجيك,Hongik University,<p>Address: {{Description}}</p>,<p>Address: {{Description}}</p>,455,4EC45433-C178-4920-91B5-51459C956B21,NULL,{{Phone}},NULL,4501,,,Hongik University
D589D98C-C1D9-478C-B80C-156D60314E49,HongKongBaptistUniversity,جامعة هونغ كونغ المعمدانية,Hong Kong Baptist University,<p>Address: {{Description}}</p>,<p>Address: {{Description}}</p>,456,F37D6EB9-D5C6-4EBE-8371-647AA54C44E6,www.hkbu.edu.hk/,{{Phone}},NULL,3790,,,Hong Kong Baptist University
3895D69A-1C05-4651-9AD2-BB1EC7B806EE,HongKongInstituteofVocationalEducationIVE,معهد هونغ كونغ للتعليم المهني,Hong Kong Institute of Vocational Education (IVE),<p>Address: {{Description}}</p>,<p>Address: {{Description}}</p>,457,F37D6EB9-D5C6-4EBE-8371-647AA54C44E6,NULL,{{Phone}},NULL,4556,,,Hong Kong Institute of Vocational Education (IVE)
EC01BDBA-78BF-4810-8F30-586C63F1B1C5,HongKongPolytechnicUniversity,جامعة هونغ كونغ للعلوم التطبيقية,Hong Kong Polytechnic University,<p>Address: {{Description}}</p>,<p>Address: {{Description}}</p>,458,F37D6EB9-D5C6-4EBE-8371-647AA54C44E6,www.polyu.edu.hk/,{{Phone}},NULL,3789,,,Hong Kong Polytechnic University
51784B43-DDD2-4217-A954-AACA09803BA6,HongKongUniversity,جامعة هونغ كونغ,Hong Kong University,<p>Address: {{Description}}</p>,<p>Address: {{Description}}</p>,459,FFC985AF-DE1D-4346-9536-42391A71E6AD,NULL,{{Phone}},NULL,82,,,Hong Kong University
C025EB75-45BE-4C3F-B196-43DD1DCEEA6C,HongKongUniversityofScienceAndTechnology,جامعة هونغ كونغ للعلوم والتكنولوجيا,Hong Kong University of Science And Technology,<p>Address: {{Description}}</p>,<p>Address: {{Description}}</p>,460,F37D6EB9-D5C6-4EBE-8371-647AA54C44E6,www.ust.hk/,{{Phone}},NULL,3359,,,Hong Kong University of Science And Technology
23C7EA2D-2904-4B4A-9590-488DB8BCC766,UniversityofHerroitwatt,جامعة هيريوت وات,University of Herroit -watt,<p>Address: {{Description}}</p>,<p>Address: {{Description}}</p>,1309,1489E888-7F88-4EC7-B746-1E8918A7245A,NULL,{{Phone}},NULL,648,,,University of Herroit -watt
7BD1D932-9D47-46C7-BD8C-FE6E6908205E,HospitalofHelsingbrogSweden,مستشفى هيلسينجبورغ,Hospital of Helsingbrog - Sweden,<p>Address: {{Description}}</p>,<p>Address: {{Description}}</p>,462,4EE77F72-AB6D-46D7-A924-03342D48A1DE,NULL,{{Phone}},NULL,529,,,Hospital of Helsingbrog - Sweden
79072471-AC81-484A-9169-ADED376BC077,HotelInstituteMontreux,معهد مونترو للفندقة,Hotel Institute Montreux,<p>Address: {{Description}}</p>,<p>Address: {{Description}}</p>,463,4E364110-075B-4CF7-A201-DEB66B8C8505,NULL,{{Phone}},NULL,4519,,,Hotel Institute Montreux
64F1036A-C259-40D3-BB6C-52ADCF957460,HotelschoolTheHague,مدرسة لاهاي الفندقية,Hotelschool The Hague,<p>Address: {{Description}}</p>,<p>Address: {{Description}}</p>,464,F1972BC9-B59A-4EA3-84CF-FEDA7EFF29A1,NULL,{{Phone}},NULL,4491,,,Hotelschool The Hague
89CE556C-58BF-4CDA-ACD8-7EA6B9758934,UniversityofHertfordshire,جامعة هيرتفوردشاير,University of Hertfordshire,<p>Address: {{Description}}</p>,<p>Address: {{Description}}</p>,1310,1489E888-7F88-4EC7-B746-1E8918A7245A,http://www.herts.ac.uk/,{{Phone}},NULL,649,,,University of Hertfordshire
0C4E3CA2-8892-4557-95D9-E44958733605,UniversityofHuddersfieldHEC,جامعة هدرسفيلد,University of Huddersfield (HEC),<p>Address: {{Description}}</p>,<p>Address: {{Description}}</p>,1313,1489E888-7F88-4EC7-B746-1E8918A7245A,موقوفة بسبب التكدس,{{Phone}},NULL,530,,,University of Huddersfield (HEC)
F1614400-328C-4D42-B554-51748B502FB9,UniversityofHull,جامعة هال,University of Hull,<p>Address: {{Description}}</p>,<p>Address: {{Description}}</p>,1314,1489E888-7F88-4EC7-B746-1E8918A7245A,www2.hull.ac.uk/,{{Phone}},NULL,731,,,University of Hull
EF31E279-96C9-4D59-AF1F-21AA4DF87271,HSEUniversity,المدرسة العليا للاقتصاد - روسيا,HSE University,<p>Address: {{Description}}</p>,<p>Address: {{Description}}</p>,468,6BD31142-3A12-474E-A48B-973BE400F1A7,NULL,{{Phone}},NULL,4403,,,HSE University
7EC5FC78-1A41-442A-A1BE-5DC2F96C64B4,HTMiHotelandTourismManagementInstituteSwitzerland,معهد HTMi السويسري للفندقة والسياحة,HTMi Hotel and Tourism Management Institute Switzerland,<p>Address: {{Description}}</p>,<p>Address: {{Description}}</p>,469,4E364110-075B-4CF7-A201-DEB66B8C8505,NULL,{{Phone}},NULL,4510,,,HTMi Hotel and Tourism Management Institute Switzerland
ABEEE798-79AB-4E2F-86F5-30BFF0DB7F42,HuazhongUniversityofScienceAndTechnology,جامعة هواتشونغ للعلوم والتكنولوجيا,Huazhong University of Science And Technology,<p>Address: {{Description}}</p>,<p>Address: {{Description}}</p>,470,FFC985AF-DE1D-4346-9536-42391A71E6AD,www.hust.edu.cn,{{Phone}},NULL,3554,,,Huazhong University of Science And Technology
BE4CA5A7-C5E1-4247-A445-F5177B747AF2,UniversityofKent,جامعة كينت,University of Kent,<p>Address: {{Description}}</p>,<p>Address: {{Description}}</p>,1330,1489E888-7F88-4EC7-B746-1E8918A7245A,http://www.kent.ac.uk/,{{Phone}},NULL,1311,,,University of Kent
CFB0811B-E89D-4CB8-A1D2-968F26C5E441,HumberCollege,كلية هامبر,Humber College,<p>Address: {{Description}}</p>,<p>Address: {{Description}}</p>,472,8460877D-3973-4A88-8B26-F4397E2F1316,NULL,{{Phone}},NULL,4526,,,Humber College
CA1E4644-99C3-4A59-BDD0-C0FCF1DBBF88,HumboldtUniversittZuBerlin,جامعة هومبولت في برلين,Humboldt-Universität Zu Berlin,<p>Address: {{Description}}</p>,<p>Address: {{Description}}</p>,473,B6929437-CF78-40FE-B9EF-6AF0F35AE3D1,https://www.hu-berlin.de/,{{Phone}},NULL,3123,,,Humboldt-Universität Zu Berlin
6C016B77-D8E2-4B86-96A1-62832B78A301,IbnHaldunUniversity,جامعة ابن خلدون,Ibn Haldun University,<p>Address: {{Description}}</p>,<p>Address: {{Description}}</p>,474,4BF7C691-B2AE-4D6A-B934-8ECA5F2177B2,NULL,{{Phone}},NULL,4229,,,Ibn Haldun University
5366F5B0-C07A-4F38-BF81-E0BA94B5AD92,IbnTofailUniversity,جامعة ابن طفيل,Ibn Tofail University,<p>Address: {{Description}}</p>,<p>Address: {{Description}}</p>,475,A111717E-8D29-46F4-A816-1DC0325517F2,NULL,{{Phone}},NULL,457,,,Ibn Tofail University
A1A2C5E7-E311-4EA0-8F25-0EC3A4657432,UniversityofLeeds,جامعة ليدز,University of Leeds,<p>Address: {{Description}}</p>,<p>Address: {{Description}}</p>,1335,1489E888-7F88-4EC7-B746-1E8918A7245A,http://www.leeds.ac.uk/,{{Phone}},NULL,42,,,University of Leeds
B5102F74-E9CF-434F-9569-37B6643DCAD5,IEDIstitutoEuropeodiDesign,المعهد الأوروبي للتصميم,IED - Istituto Europeo di Design,<p>Address: {{Description}}</p>,<p>Address: {{Description}}</p>,477,8EA4214D-3BBC-4296-9CC0-8873A293313C,NULL,{{Phone}},NULL,4475,,,IED - Istituto Europeo di Design
63E9BDBE-B700-4104-A692-1AE10202BDF1,IENorthwesternUniversity,كلية إدارة الأعمال IE,IE-Northwestern University,<p>Address: {{Description}}</p>,<p>Address: {{Description}}</p>,478,F0FABF42-8D0C-4BAA-8535-7D3FA80FA2D6,NULL,{{Phone}},NULL,2553,,,IE-Northwestern University
9EEB577A-E3A9-4076-A407-E470551BD61A,IEUniversity,جامعة آي إي,IE University,<p>Address: {{Description}}</p>,<p>Address: {{Description}}</p>,479,F0FABF42-8D0C-4BAA-8535-7D3FA80FA2D6,NULL,{{Phone}},NULL,4441,,,IE University
3E38CB5F-7740-4A54-8F9C-9D4F93EFA87F,IIKDsseldorf,معهد IIK دوسلدورف,IIK Düsseldorf,<p>Address: {{Description}}</p>,<p>Address: {{Description}}</p>,480,B6929437-CF78-40FE-B9EF-6AF0F35AE3D1,http://www.iik-duesseldorf.de/,{{Phone}},NULL,3812,,,IIK Düsseldorf
5B8657C6-3C27-4CAE-BA8A-B28D74F2D8B4,UniversityofLeicester,جامعة ليستر,University of Leicester,<p>Address: {{Description}}</p>,<p>Address: {{Description}}</p>,1336,1489E888-7F88-4EC7-B746-1E8918A7245A,http://www.le.ac.uk/,{{Phone}},NULL,278,,,University of Leicester
90702515-DE61-4728-89C3-1A7943158EBC,UniversityofLincoln,جامعة لنكولن,University of Lincoln,<p>Address: {{Description}}</p>,<p>Address: {{Description}}</p>,1338,1489E888-7F88-4EC7-B746-1E8918A7245A,http://www.lincoln.ac.uk/,{{Phone}},NULL,656,,,University of Lincoln
79C6C899-D4B1-45E8-8EBC-D4FA7DEBD93F,UniversityofLiverpool,جامعة ليفربول,University of Liverpool,<p>Address: {{Description}}</p>,<p>Address: {{Description}}</p>,1340,1489E888-7F88-4EC7-B746-1E8918A7245A,http://www.liv.ac.uk/,{{Phone}},NULL,43,,,University of Liverpool
254FEC6B-10BF-4F1A-9ED6-FE02EB45683A,UniversityofLondon,جامعة لندن,University of London,<p>Address: {{Description}}</p>,<p>Address: {{Description}}</p>,1341,1489E888-7F88-4EC7-B746-1E8918A7245A,NULL,{{Phone}},NULL,727,,,University of London
4FFF151D-C025-424C-A92B-ED93D822757E,UniversityofLuton,جامعة لوتون,University of Luton,<p>Address: {{Description}}</p>,<p>Address: {{Description}}</p>,1344,1489E888-7F88-4EC7-B746-1E8918A7245A,NULL,{{Phone}},NULL,1571,,,University of Luton
E8616A03-09B3-46AF-9115-E69912018731,IMTAtlantique,معهد الاتصالات والتقنية أتلانتيك,IMT Atlantique,<p>Address: {{Description}}</p>,<p>Address: {{Description}}</p>,486,697C7D6B-6E81-416B-8F94-C01AE8A678E1,NULL,{{Phone}},NULL,4347,,,IMT Atlantique
B5162ECF-9375-4339-B29D-109206146818,UniversityofManchester,جامعة مانشستر,University of Manchester,<p>Address: {{Description}}</p>,<p>Address: {{Description}}</p>,1350,1489E888-7F88-4EC7-B746-1E8918A7245A,www.manchester.ac.uk/,{{Phone}},NULL,231,,,University of Manchester
E9EDBCDA-8F37-4359-8031-D74F58F31300,UniversityofManchesterInstituteofScienceandTechnologyUMIST,معهد مانشستر للعلوم والتكنولوجيا,University of Manchester Institute of Science and Technology (UMIST),<p>Address: {{Description}}</p>,<p>Address: {{Description}}</p>,1351,1489E888-7F88-4EC7-B746-1E8918A7245A,NULL,{{Phone}},NULL,625,,,University of Manchester Institute of Science and Technology (UMIST)
673571E8-75F6-4C86-8526-9A1BB59E92A5,UniversityofNorthampton,جامعة نورثهامبتون,University of Northampton,<p>Address: {{Description}}</p>,<p>Address: {{Description}}</p>,1388,1489E888-7F88-4EC7-B746-1E8918A7245A,www.northampton.ac.uk/,{{Phone}},NULL,3026,,,University of Northampton
A5B04BCA-8F44-4135-9C2E-4591CCF383A1,IndianInstituteofManagementAhmadabad,المعهد الهندي للإدارة أحمد آباد,Indian Institute of Management - Ahmadabad,<p>Address: {{Description}}</p>,<p>Address: {{Description}}</p>,490,0C296880-4F70-452A-987E-723E428B63EB,NULL,{{Phone}},NULL,3220,,,Indian Institute of Management - Ahmadabad
FDE60521-3FA5-4859-A058-FE08DC450CDB,IndianInstituteofManagementIIMBangalore,المعهد الهندي للإدارة بنغالور,Indian Institute of Management (IIM) - Bangalore,<p>Address: {{Description}}</p>,<p>Address: {{Description}}</p>,491,0C296880-4F70-452A-987E-723E428B63EB,NULL,{{Phone}},NULL,4426,,,Indian Institute of Management (IIM) - Bangalore
C9421FDE-AA0A-4428-8CEE-954F4BB0BAC6,IndianInstituteofManagementIIMCalcutta,المعهد الهندي للإدارة - كلكتا,Indian Institute of Management (IIM) - Calcutta,<p>Address: {{Description}}</p>,<p>Address: {{Description}}</p>,492,0C296880-4F70-452A-987E-723E428B63EB,NULL,{{Phone}},NULL,4470,,,Indian Institute of Management (IIM) - Calcutta
DE9F5642-29A3-4C50-A157-614FC7745AC0,IndianInstituteofScience,المعهد الهندي للعلوم,Indian Institute of Science,<p>Address: {{Description}}</p>,<p>Address: {{Description}}</p>,493,0C296880-4F70-452A-987E-723E428B63EB,NULL,{{Phone}},NULL,3212,,,Indian Institute of Science
688CCB0E-2A40-4262-B36F-E12000E42639,IndianInstituteofTechnologyBombay,المعهد الهندي للتكنولوجيا في بومباي,Indian Institute of Technology Bombay,<p>Address: {{Description}}</p>,<p>Address: {{Description}}</p>,494,0C296880-4F70-452A-987E-723E428B63EB,www.iitb.ac.in/,{{Phone}},NULL,3214,,,Indian Institute of Technology Bombay
7DEC40FD-D52E-469C-AB5B-E5CC53EA32C5,IndianInstituteofTechnologyDelhi,المعهد الهندي للتكنولوجيا في دلهي,Indian Institute of Technology Delhi,<p>Address: {{Description}}</p>,<p>Address: {{Description}}</p>,495,0C296880-4F70-452A-987E-723E428B63EB,www.iitd.ac.in/,{{Phone}},NULL,3216,,,Indian Institute of Technology Delhi
7A6D10AB-277B-479C-AA63-555E823A3BCA,IndianInstituteofTechnologyGuwahati,المعهد الهندي للتكنولوجيا - جواهاتي,Indian Institute of Technology Guwahati,<p>Address: {{Description}}</p>,<p>Address: {{Description}}</p>,496,0C296880-4F70-452A-987E-723E428B63EB,www.iitg.ac.in/,{{Phone}},NULL,3786,,,Indian Institute of Technology Guwahati
249C02AF-FE1E-4811-8F14-0E3DBA12BA54,IndianInstituteofTechnologyIndore,Indian Institute of Technology Indore,Indian Institute of Technology Indore,,,497,0C296880-4F70-452A-987E-723E428B63EB,,,,,,,Indian Institute of Technology Indore
DA69D8B8-B342-403A-9FA8-C56839E12F91,IndianInstituteofTechnologyKanpur,المعهد الهندي للتكنولوجيا – كانبور,Indian Institute of Technology Kanpur,<p>Address: {{Description}}</p>,<p>Address: {{Description}}</p>,498,0C296880-4F70-452A-987E-723E428B63EB,www.iitk.ac.in/,{{Phone}},NULL,3213,,,Indian Institute of Technology Kanpur
5C2ED7E3-F03E-4CD8-AA15-9E844A80175F,IndianInstituteofTechnologyKharagpur,المعهد الهندي للتكنولوجيا في خاراجبور,Indian Institute of Technology Kharagpur,<p>Address: {{Description}}</p>,<p>Address: {{Description}}</p>,499,0C296880-4F70-452A-987E-723E428B63EB,www.iitkgp.ac.in/,{{Phone}},NULL,131,,,Indian Institute of Technology Kharagpur
9BC52CC5-1937-4BEB-A9EE-65499B6D4527,IndianInstituteofTechnologyMadras,المعهد الهندي للتكنولوجيا – مدراس,Indian Institute of Technology Madras,<p>Address: {{Description}}</p>,<p>Address: {{Description}}</p>,500,0C296880-4F70-452A-987E-723E428B63EB,https://www.iitm.ac.in/,{{Phone}},NULL,3217,,,Indian Institute of Technology Madras
58D29D36-0B21-43C2-959F-3711375C4BAA,IndianInstituteofTechnologyRoorkee,المعهد الهندي للتكنولوجيا في رووركي,Indian Institute of Technology Roorkee,<p>Address: {{Description}}</p>,<p>Address: {{Description}}</p>,501,0C296880-4F70-452A-987E-723E428B63EB,www.iitr.ac.in/,{{Phone}},NULL,3218,,,Indian Institute of Technology Roorkee
1D6AABF6-48B8-4211-A666-A1C70684E3A2,IndustryTrainingOrganisationsITOs,منظمات التدريب الصناعي,Industry Training Organisations (ITOs),<p>Address: {{Description}}</p>,<p>Address: {{Description}}</p>,502,62524CBE-D439-4F93-BCDD-D11019993951,NULL,{{Phone}},NULL,4601,,,Industry Training Organisations (ITOs)
CFACFE10-0A23-4E5F-AAC7-0AFA0D3204BC,inlingua,إنلنغوا – معهد لغات,inlingua,<p>Address: {{Description}}</p>,<p>Address: {{Description}}</p>,503,B6929437-CF78-40FE-B9EF-6AF0F35AE3D1,NULL,{{Phone}},NULL,1622,,,inlingua
571F7F02-240E-41F9-862F-A9E6BE3EF14A,UniversityofNottingham,جامعة نوتنغهام,University of Nottingham,<p>Address: {{Description}}</p>,<p>Address: {{Description}}</p>,1395,1489E888-7F88-4EC7-B746-1E8918A7245A,www.nottingham.ac.uk/,{{Phone}},NULL,279,,,University of Nottingham
63067AC4-3782-40D0-BBD6-009A9CFA70BA,UniversityofNottinghamTrent,جامعة نوتنغهام ترنت,University of Nottingham Trent,<p>Address: {{Description}}</p>,<p>Address: {{Description}}</p>,1396,1489E888-7F88-4EC7-B746-1E8918A7245A,NULL,{{Phone}},NULL,2013,,,University of Nottingham Trent
64AB38BA-65F4-46FC-8B5F-ED563596E845,INSEADEuropeanInstituteofBusiness,إنسياد (معهد الدراسات العليا لإدارة الأعمال),INSEAD (European Institute of Business),<p>Address: {{Description}}</p>,<p>Address: {{Description}}</p>,506,697C7D6B-6E81-416B-8F94-C01AE8A678E1,NULL,{{Phone}},NULL,1317,,,INSEAD (European Institute of Business)
979A4C4F-47E1-4423-A66A-B8F81B493A04,InstitutedeTouraine,معهد تورين للغات,Institute de Touraine,<p>Address: {{Description}}</p>,<p>Address: {{Description}}</p>,507,697C7D6B-6E81-416B-8F94-C01AE8A678E1,NULL,{{Phone}},NULL,534,,,Institute de Touraine
F456A730-0509-418B-A2C5-B61D63168D41,INSTITUTEDETUDESSUPERIEURESDESARTS,معهد الدراسات العليا للفنون,INSTITUTE D ETUDES SUPERIEURES DES ARTS,<p>Address: {{Description}}</p>,<p>Address: {{Description}}</p>,508,697C7D6B-6E81-416B-8F94-C01AE8A678E1,NULL,{{Phone}},NULL,798,,,INSTITUTE D ETUDES SUPERIEURES DES ARTS
3D9A7076-6B6D-43CE-BF92-6247A3C8B61F,InstituteofEducationDublin,معهد التعليم – دبلن,"Institute of Education, Dublin",<p>Address: {{Description}}</p>,<p>Address: {{Description}}</p>,509,A42C4BB8-05C4-43C2-92C4-8FDC2148A4E9,NULL,{{Phone}},NULL,535,,,"Institute of Education, Dublin"
7B9298AC-1332-408A-8EB5-C69C02DD6533,instituteofRussianlanguageandculture,معهد اللغة والثقافة الروسية,institute of Russian language and culture,<p>Address: {{Description}}</p>,<p>Address: {{Description}}</p>,510,6BD31142-3A12-474E-A48B-973BE400F1A7,NULL,{{Phone}},NULL,4242,,,institute of Russian language and culture
DFF5D115-C4A6-4F70-B697-FE07FC02389C,InstituteofTechnicalEducationITE,معهد التعليم الفني,Institute of Technical Education (ITE),<p>Address: {{Description}}</p>,<p>Address: {{Description}}</p>,511,58286C02-DAD5-4875-95D3-58D4EF25A9E0,NULL,{{Phone}},NULL,4573,,,Institute of Technical Education (ITE)
E76C9F5F-040E-4E7C-B424-E3C479B4B9AA,InstitutfranaisduQatar,المعهد الفرنسي في قطر HEC,Institut français du Qatar,<p>Address: {{Description}}</p>,<p>Address: {{Description}}</p>,512,D1DF472C-5D2E-47DD-98AD-D5E693C5BA6F,NULL,{{Phone}},NULL,1853,,,Institut français du Qatar
56352C8D-3FDA-4BEB-85DF-ADD826A4FA2E,InstitutionofStatisticStudies,معهد الدراسات الإحصائية,Institution of Statistic Studies,<p>Address: {{Description}}</p>,<p>Address: {{Description}}</p>,513,C65B85B5-8772-4DFB-89FF-AD6AD178E561,NULL,{{Phone}},NULL,536,,,Institution of Statistic Studies
D73BCC7E-F16F-4915-B685-50915ACA1445,InstitutLyfeformerlyInstitutPaulBocuse,معهد لايف (المعروف سابقاً باسم معهد بول بوكوز),Institut Lyfe (formerly Institut Paul Bocuse),<p>Address: {{Description}}</p>,<p>Address: {{Description}}</p>,514,697C7D6B-6E81-416B-8F94-C01AE8A678E1,NULL,{{Phone}},NULL,4464,,,Institut Lyfe (formerly Institut Paul Bocuse)
2F0DF598-F425-4F35-BFE8-B49F9C041FD8,InstitutNationalDesSciencesAppliquesDeLyon,المعهد الوطني للعلوم التطبيقية في ليون,Institut National Des Sciences Appliquées De Lyon,<p>Address: {{Description}}</p>,<p>Address: {{Description}}</p>,515,697C7D6B-6E81-416B-8F94-C01AE8A678E1,http://www.insa-lyon.fr/,{{Phone}},NULL,3574,,,Institut National Des Sciences Appliquées De Lyon
069019D9-7177-4E09-85F9-ABB5E52BE144,InstitutoNacionaldeFormacinTcnicoProfesionalINFOTEP,المعهد الوطني للتدريب المهني الفني,Instituto Nacional de Formación Técnico Profesional (INFOTEP),<p>Address: {{Description}}</p>,<p>Address: {{Description}}</p>,516,A84C1003-83C6-4365-8E07-0C0E51D10BF6,NULL,{{Phone}},NULL,4579,,,Instituto Nacional de Formación Técnico Profesional (INFOTEP)
DF6501E5-15EC-4F9B-AE02-DAC4FE50DD89,InstitutoPolitcnicoNacionalIPN,المعهد الوطني للفنون التطبيقية,Instituto Politécnico Nacional (IPN),<p>Address: {{Description}}</p>,<p>Address: {{Description}}</p>,517,8B3ABB14-F108-4241-A8DA-9DE24D53B14A,NULL,{{Phone}},NULL,4361,,,Instituto Politécnico Nacional (IPN)
48ACFD6B-CA74-4B07-9DA3-0B49452003F4,InstitutoTecnolgicoAutnomodeMxicoITAM,المعهد التكنولوجي المستقل في المكسيك,Instituto Tecnológico Autónomo de México (ITAM),<p>Address: {{Description}}</p>,<p>Address: {{Description}}</p>,518,8B3ABB14-F108-4241-A8DA-9DE24D53B14A,NULL,{{Phone}},NULL,4434,,,Instituto Tecnológico Autónomo de México (ITAM)
33E3CFD3-38D7-4BE9-8F98-89A72723E81C,InstitutoTecnolgicoydeEstudiosSuperioresdeMonterreyITESM,معهد مونتيري للتكنولوجيا والتعليم العالي,Instituto Tecnológico y de Estudios Superiores de Monterrey (ITESM),<p>Address: {{Description}}</p>,<p>Address: {{Description}}</p>,519,8B3ABB14-F108-4241-A8DA-9DE24D53B14A,NULL,{{Phone}},NULL,4602,,,Instituto Tecnológico y de Estudios Superiores de Monterrey (ITESM)
E8179FAA-3358-45D0-BEBF-8B9894CC75F4,InstitutpolytechniquedeGrenobleGrenobleInstituteofTechnology,معهد غرونوبل للتكنولوجيا,Institut polytechnique de Grenoble - Grenoble Institute of Technology,<p>Address: {{Description}}</p>,<p>Address: {{Description}}</p>,520,697C7D6B-6E81-416B-8F94-C01AE8A678E1,NULL,{{Phone}},NULL,4348,,,Institut polytechnique de Grenoble - Grenoble Institute of Technology
5978BF22-AA2A-4E08-A949-4C1D2B1970DF,InstitutPolytechniquedeParis,المعهد البوليتكنيكي في باريس,Institut Polytechnique de Paris,<p>Address: {{Description}}</p>,<p>Address: {{Description}}</p>,521,697C7D6B-6E81-416B-8F94-C01AE8A678E1,NULL,{{Phone}},NULL,4349,,,Institut Polytechnique de Paris
74925EBC-FCFB-43AC-AC67-69435E310C27,InstitutUniversitairedeLangueetdeCultureFrancaiseToulouse,معهد اللغة والثقافة الفرنسية – تولوز,"Institut Universitaire de Langue et de Culture Francaise, Toulouse",<p>Address: {{Description}}</p>,<p>Address: {{Description}}</p>,522,697C7D6B-6E81-416B-8F94-C01AE8A678E1,NULL,{{Phone}},NULL,1281,,,"Institut Universitaire de Langue et de Culture Francaise, Toulouse"
ADBF18FD-B4D4-4D6B-BE72-E460075A9D16,InstitutUniversitairedeTechnologieIUTAixenProvence,المعهد الجامعي للتكنولوجيا في إيكس أون بروفانس,Institut Universitaire de Technologie (IUT) Aix-en-Provence,<p>Address: {{Description}}</p>,<p>Address: {{Description}}</p>,523,697C7D6B-6E81-416B-8F94-C01AE8A678E1,NULL,{{Phone}},NULL,4589,,,Institut Universitaire de Technologie (IUT) Aix-en-Provence
964A553C-D064-40EC-A99E-3DE05BBD5283,UniversityofOxford,جامعة أكسفورد,University of Oxford,<p>Address: {{Description}}</p>,<p>Address: {{Description}}</p>,1403,1489E888-7F88-4EC7-B746-1E8918A7245A,http://www.ox.ac.uk/,{{Phone}},NULL,44,,,University of Oxford
52EA9B9B-4FF9-442F-8330-71F399D3F000,InternationalHotelSchool,المدرسة الدولية للفندقة,International Hotel School,<p>Address: {{Description}}</p>,<p>Address: {{Description}}</p>,525,80DB5A9E-9FFE-4420-8530-C56671F39698,NULL,{{Phone}},NULL,4498,,,International Hotel School
37178A91-391A-403C-A086-9C59F4FAD016,UniversityofPortsmouth,جامعة بورتسموث,University of Portsmouth,<p>Address: {{Description}}</p>,<p>Address: {{Description}}</p>,1415,1489E888-7F88-4EC7-B746-1E8918A7245A,http://www.port.ac.uk/,{{Phone}},NULL,1166,,,University of Portsmouth
98D9DE99-1966-4805-9290-DD092B9A6267,InternationalhouseMadrid,البيت الدولي مدريد,International house Madrid,<p>Address: {{Description}}</p>,<p>Address: {{Description}}</p>,527,F0FABF42-8D0C-4BAA-8535-7D3FA80FA2D6,NULL,{{Phone}},NULL,4275,,,International house Madrid
D2BDFC26-EB1A-4DE1-B182-EB27D4B37B5B,UniversityofReading,جامعة ريدينغ,University of Reading,<p>Address: {{Description}}</p>,<p>Address: {{Description}}</p>,1419,1489E888-7F88-4EC7-B746-1E8918A7245A,http://www.reading.ac.uk/,{{Phone}},NULL,396,,,University of Reading
733BCD28-18B4-4FBB-91A1-9A8544BAD776,InternationalInstituteforManagementDevelopmentIMD,معهد IMD للتنمية الإدارية,International Institute for Management Development IMD,<p>Address: {{Description}}</p>,<p>Address: {{Description}}</p>,529,4E364110-075B-4CF7-A201-DEB66B8C8505,NULL,{{Phone}},NULL,4546,,,International Institute for Management Development IMD
AFBC4AC0-ED80-4C54-B081-C359F5B1BB02,InternationalInstituteinGeneva,International Institute in Geneva,International Institute in Geneva,<p>Address: {{Description}}</p>,<p>Address: {{Description}}</p>,530,4E364110-075B-4CF7-A201-DEB66B8C8505,http://www.ou.edu/,{{Phone}},NULL,0,,,City St Georges University of London 
4C691936-EC3D-44AA-83C5-CB4567D346C7,InternationalIslamicUniversityIslamabad,الجامعة الإسلامية العالمية – إسلام آباد,"International Islamic University, Islamabad",<p>Address: {{Description}}</p>,<p>Address: {{Description}}</p>,531,9435AD15-1DC3-4AFF-B48F-FE85E6EC9FCD,NULL,{{Phone}},NULL,539,,,"International Islamic University, Islamabad"
FF6D336B-EA55-4309-B562-D868A1E65EC8,InternationalIslamicUniversityMalaysia,الجامعة الإسلامية العالمية ماليزيا,International Islamic University Malaysia,<p>Address: {{Description}}</p>,<p>Address: {{Description}}</p>,532,3A2F27ED-DBC2-4F18-B229-1EBD1B83577B,http://www.iiu.edu.my,{{Phone}},NULL,1583,,,International Islamic University Malaysia
70CCE928-1A73-4F53-B1EB-11DDE1BDD577,UniversityofRoehampton,جامعة روهامبتون,University of Roehampton,<p>Address: {{Description}}</p>,<p>Address: {{Description}}</p>,1423,1489E888-7F88-4EC7-B746-1E8918A7245A,NULL,{{Phone}},NULL,669,,,University of Roehampton
5AE71C8D-1F24-4D19-813E-FF5D7A626D59,InternationalLanguageAcademyofCanada,أكاديمية اللغة الدولية بكندا,International Language Academy of Canada,<p>Address: {{Description}}</p>,<p>Address: {{Description}}</p>,534,8460877D-3973-4A88-8B26-F4397E2F1316,NULL,{{Phone}},NULL,3804,,,International Language Academy of Canada
AF1DB292-48C2-464A-8773-50E9A4F23A25,UniversityofSalford,جامعة سالفورد,University of Salford,<p>Address: {{Description}}</p>,<p>Address: {{Description}}</p>,1428,1489E888-7F88-4EC7-B746-1E8918A7245A,NULL,{{Phone}},NULL,730,,,University of Salford
612B94F5-1727-4272-8B27-DDBC0CE667E8,InternationalManagementInstituteSwitzerland,معهد الإدارة الدولية - سويسرا,International Management Institute Switzerland,<p>Address: {{Description}}</p>,<p>Address: {{Description}}</p>,536,4E364110-075B-4CF7-A201-DEB66B8C8505,NULL,{{Phone}},NULL,4547,,,International Management Institute Switzerland
2653287B-6D6C-438D-8C01-9DDAB67287C8,UniversityofSheffield,جامعة شيفيلد,University of Sheffield,<p>Address: {{Description}}</p>,<p>Address: {{Description}}</p>,1434,1489E888-7F88-4EC7-B746-1E8918A7245A,www.sheffield.ac.uk/,{{Phone}},NULL,232,,,University of Sheffield
3FAA3B05-2608-4172-A1C4-94D3EEED2DF1,UniversityofSheffieldHallam,جامعة شيفيلد هالام,University of Sheffield Hallam,<p>Address: {{Description}}</p>,<p>Address: {{Description}}</p>,1435,1489E888-7F88-4EC7-B746-1E8918A7245A,NULL,{{Phone}},NULL,601,,,University of Sheffield Hallam
E23A5511-7278-49A4-95F9-A52A298D0FA2,UniversityofSouthampton,جامعة ساوثهامبتون,University of Southampton,<p>Address: {{Description}}</p>,<p>Address: {{Description}}</p>,1436,1489E888-7F88-4EC7-B746-1E8918A7245A,http://www.soton.ac.uk/,{{Phone}},NULL,397,,,University of Southampton
373F244F-BD22-48B1-A059-49F09B59D8A8,UniversityofSouthWales,جامعة جنوب ويلز,University of South Wales,<p>Address: {{Description}}</p>,<p>Address: {{Description}}</p>,1443,1489E888-7F88-4EC7-B746-1E8918A7245A,NULL,{{Phone}},NULL,,,,University of South Wales
D17925E0-43CB-4B29-98FF-C98BEF589DAB,UniversityofStAndrews,جامعة سانت أندروز,University of St Andrews,<p>Address: {{Description}}</p>,<p>Address: {{Description}}</p>,1444,1489E888-7F88-4EC7-B746-1E8918A7245A,http://www.st-andrews.ac.uk/,{{Phone}},NULL,233,,,University of St Andrews
A17B75DD-A272-460F-A724-61642D9BA7D9,UniversityofStirling,جامعة سترلينغ,University of Stirling,<p>Address: {{Description}}</p>,<p>Address: {{Description}}</p>,1446,1489E888-7F88-4EC7-B746-1E8918A7245A,http://www.stir.ac.uk/,{{Phone}},NULL,1313,,,University of Stirling
8C400692-2F63-4067-83B6-52B64D239FFF,UniversityofStrathclyde,جامعة ستراثكلايد,University of Strathclyde,<p>Address: {{Description}}</p>,<p>Address: {{Description}}</p>,1447,1489E888-7F88-4EC7-B746-1E8918A7245A,NULL,{{Phone}},NULL,1314,,,University of Strathclyde
18340AC2-7628-43CD-AE23-F98A5C462CCC,UniversityofStrathclydeGlasgow,جامعة ستراثكلايد,"University of Strathclyde, Glasgow",<p>Address: {{Description}}</p>,<p>Address: {{Description}}</p>,1448,1489E888-7F88-4EC7-B746-1E8918A7245A,https://www.strath.ac.uk/,{{Phone}},NULL,2942,,,"University of Strathclyde, Glasgow"
FA4218BB-2890-4C29-87BB-C7913B464C08,UniversityofSunderland,جامعة سندرلاند,University of Sunderland,<p>Address: {{Description}}</p>,<p>Address: {{Description}}</p>,1450,1489E888-7F88-4EC7-B746-1E8918A7245A,NULL,{{Phone}},NULL,675,,,University of Sunderland
0C02F1BB-EE92-426A-9299-787E1C37E6B2,IslamicAzadUniversityNajafabadBranchIAUN,جامعة آزاد الإسلامية - فرع نجف آباد,"Islamic Azad University, Najafabad Branch (IAUN)",<p>Address: {{Description}}</p>,<p>Address: {{Description}}</p>,546,D8E04787-FA4E-4CC9-AAB7-88654757E6E6,NULL,{{Phone}},NULL,4264,,,"Islamic Azad University, Najafabad Branch (IAUN)"
CB3EE545-BA59-4FB0-A316-F94E8D8D4B34,IslamicUniversityInMadinah,الجامعة الإسلامية بالمدينة المنورة,Islamic University In Madinah,<p>Address: {{Description}}</p>,<p>Address: {{Description}}</p>,547,993E5108-1F39-49FE-93F9-D4AB8A0EEE1B,NULL,{{Phone}},NULL,1477,,,Islamic University In Madinah
D178CEE9-8F6D-4973-B3C9-4ACA576C8A4D,IslamicUniversityofLebanon,الجامعة الإسلامية في لبنان,Islamic University of Lebanon,<p>Address: {{Description}}</p>,<p>Address: {{Description}}</p>,548,B55F640A-91A7-416D-A051-2BC4354B7537,NULL,{{Phone}},NULL,540,,,Islamic University of Lebanon
B1C62152-E041-481E-BB65-5124E836689C,ISMAMOMTPELIER,معهد ISMA مونبيلييه,ISMA MOMTPELIER,<p>Address: {{Description}}</p>,<p>Address: {{Description}}</p>,549,697C7D6B-6E81-416B-8F94-C01AE8A678E1,NULL,{{Phone}},NULL,1515,,,ISMA MOMTPELIER
77C955F2-D794-45A1-AFF7-E7CE5CE69CF0,IsraUniversity,جامعة الإسراء الخاصة,Isra University,<p>Address: {{Description}}</p>,<p>Address: {{Description}}</p>,550,10764C65-F3FD-469D-8849-7171F7CD4024,NULL,{{Phone}},NULL,462,,,Isra University
51A2D0F3-16F3-4866-B36F-23B7279D81A4,IstanbulSabahattinZaimUniversity,Istanbul Sabahattin Zaim University,Istanbul Sabahattin Zaim University,,,551,4BF7C691-B2AE-4D6A-B934-8ECA5F2177B2,,,,4907,,,Istanbul Sabahattin Zaim University
22700725-20CB-4C9C-B002-118F5FD18149,IstanbulTechnicalUniversity,جامعة إسطنبول التقنية,Istanbul Technical University,<p>Address: {{Description}}</p>,<p>Address: {{Description}}</p>,552,4BF7C691-B2AE-4D6A-B934-8ECA5F2177B2,www.itu.edu.tr/en/,{{Phone}},NULL,3717,,,Istanbul Technical University
1CC83A17-28A8-4DF2-B573-829E24F41481,IstanbulUniversity,جامعة إسطنبول,Istanbul University,<p>Address: {{Description}}</p>,<p>Address: {{Description}}</p>,553,4BF7C691-B2AE-4D6A-B934-8ECA5F2177B2,www.istanbul.edu.tr/english/,{{Phone}},NULL,3316,,,Istanbul University
C2CBC616-E543-4D4B-B857-F54792D35012,IstinyeUniversity,جامعة استينيا,Istinye University,<p>Address: {{Description}}</p>,<p>Address: {{Description}}</p>,554,4BF7C691-B2AE-4D6A-B934-8ECA5F2177B2,NULL,{{Phone}},NULL,4617,,,Istinye University
329BE03C-D1D2-4BEF-8AB7-5D401B246E97,IstitutoMarangoni,معهد مارانغوني,Istituto Marangoni,<p>Address: {{Description}}</p>,<p>Address: {{Description}}</p>,555,8EA4214D-3BBC-4296-9CC0-8873A293313C,NULL,{{Phone}},NULL,4476,,,Istituto Marangoni
F600D50E-6C4C-47B4-9D3B-B4680CD6811C,ITMOUniversity,جامعة آي تي إم أو,ITMO University,<p>Address: {{Description}}</p>,<p>Address: {{Description}}</p>,556,6BD31142-3A12-474E-A48B-973BE400F1A7,NULL,{{Phone}},NULL,4367,,,ITMO University
DA9F1E1B-324D-430B-9CA5-88B348C85FF3,IUTPicardieSaintQuentin,معهد بيكاردي سان كوينتين,IUT Picardie Saint Quentin,<p>Address: {{Description}}</p>,<p>Address: {{Description}}</p>,557,697C7D6B-6E81-416B-8F94-C01AE8A678E1,NULL,{{Phone}},NULL,1274,,,IUT Picardie Saint Quentin
B1EAFC32-F211-477E-820E-5C4CB64DE7F3,JabatanPembangunanKemahiran,إدارة تنمية المهارات - ماليزيا,Jabatan Pembangunan Kemahiran,<p>Address: {{Description}}</p>,<p>Address: {{Description}}</p>,558,3A2F27ED-DBC2-4F18-B229-1EBD1B83577B,NULL,{{Phone}},NULL,4564,,,(Jabatan Pembangunan Kemahiran
CDDAE0FC-2A3C-4F04-9145-FDFA3FB8F4E5,JacobsUniversity,جامعة جاكوبس بريمن,Jacobs University,<p>Address: {{Description}}</p>,<p>Address: {{Description}}</p>,559,B6929437-CF78-40FE-B9EF-6AF0F35AE3D1,NULL,{{Phone}},NULL,4218,,,Jacobs University
D2998950-C8CB-4C9B-97FA-16219C899BE3,JadaraUniversity,جامعة جدارا,Jadara University,<p>Address: {{Description}}</p>,<p>Address: {{Description}}</p>,560,10764C65-F3FD-469D-8849-7171F7CD4024,NULL,{{Phone}},NULL,4214,,,Jadara University
5F963CA4-7EF0-46A6-B48D-6A4F3DBC1346,JagiellonianUniversity,جامعة جاجيلونيان,Jagiellonian University,<p>Address: {{Description}}</p>,<p>Address: {{Description}}</p>,561,B80ECB7E-90EB-4927-A467-802F78E41549,www.uj.edu.pl/en_GB/,{{Phone}},NULL,3261,,,Jagiellonian University
323E6EF3-504E-404A-ADF2-C6E3CBA1FC11,JamesCookUniversity,جامعة جيمس كوك,James Cook University,<p>Address: {{Description}}</p>,<p>Address: {{Description}}</p>,562,6E24A731-2BBB-4725-9084-2225987A78DF,www.jcu.edu.au/,{{Phone}},NULL,1946,,,James Cook University
F89744A9-6EF3-498A-A4BF-D3B2548D8A1F,UniversityofSurrey,جامعة سري,University of Surrey,<p>Address: {{Description}}</p>,<p>Address: {{Description}}</p>,1451,1489E888-7F88-4EC7-B746-1E8918A7245A,http://www.surrey.ac.uk/,{{Phone}},NULL,705,,,University of Surrey
92B8D80B-50B6-43F2-A5D2-A2917ED9780E,JamiaMilliaIslamia,جامعة جامع ميليا الإسلامية,Jamia Millia Islamia,<p>Address: {{Description}}</p>,<p>Address: {{Description}}</p>,564,0C296880-4F70-452A-987E-723E428B63EB,NULL,{{Phone}},NULL,965,,,Jamia Millia Islamia
BB4B656D-0650-4CD4-B002-9434D2F29892,JawaharlalNehruUniversity,جامعة جواهر لال نهرو,Jawaharlal Nehru University,<p>Address: {{Description}}</p>,<p>Address: {{Description}}</p>,565,0C296880-4F70-452A-987E-723E428B63EB,NULL,{{Phone}},NULL,4283,,,Jawaharlal Nehru University
47FC1097-3F93-491F-9288-EDA131F112BF,JiangnanUniversity,جامعة جيانغنان,Jiangnan University,<p>Address: {{Description}}</p>,<p>Address: {{Description}}</p>,566,FFC985AF-DE1D-4346-9536-42391A71E6AD,NULL,{{Phone}},NULL,4340,,,Jiangnan University
55C04A27-210E-4A37-A784-AF019359F9A7,JilinUniversity,جامعة جيلين,Jilin University,<p>Address: {{Description}}</p>,<p>Address: {{Description}}</p>,567,FFC985AF-DE1D-4346-9536-42391A71E6AD,www.jlu.edu.cn,{{Phone}},NULL,3555,,,Jilin University
DE98586B-E866-43DF-8264-78C969001DC8,JohannesGutenbergUniversittMainz,جامعة يوهانس غوتنبرغ ماينز,Johannes Gutenberg Universität Mainz,<p>Address: {{Description}}</p>,<p>Address: {{Description}}</p>,568,B6929437-CF78-40FE-B9EF-6AF0F35AE3D1,www.uni-mainz.de/eng/,{{Phone}},NULL,367,,,Johannes Gutenberg Universität Mainz
334EF804-8471-4283-8032-B636303237B7,JohnCabotUniversity,جامعة جون كابوت,John Cabot University,<p>Address: {{Description}}</p>,<p>Address: {{Description}}</p>,569,8EA4214D-3BBC-4296-9CC0-8873A293313C,NULL,{{Phone}},NULL,541,,,John Cabot University
76B5E686-425E-44C9-9AC2-8B1B4758D04C,UniversityofSurreyRoehampton,جامعة روهامبتون,"University of Surrey, Roehampton",<p>Address: {{Description}}</p>,<p>Address: {{Description}}</p>,1452,1489E888-7F88-4EC7-B746-1E8918A7245A,NULL,{{Phone}},NULL,790,,,"University of Surrey, Roehampton"
114BFC9E-A2D2-4F42-8A96-CFF07E0D3832,UniversityofSussex,جامعة ساسكس,University of Sussex,<p>Address: {{Description}}</p>,<p>Address: {{Description}}</p>,1453,1489E888-7F88-4EC7-B746-1E8918A7245A,http://www.sussex.ac.uk/,{{Phone}},NULL,184,,,University of Sussex
9E322C86-BE49-4C14-B407-31A8674B2B67,JordanUniversityofScienceandTechnology,جامعة العلوم والتكنولوجيا الأردنية,Jordan University of Science and Technology,<p>Address: {{Description}}</p>,<p>Address: {{Description}}</p>,572,10764C65-F3FD-469D-8849-7171F7CD4024,NULL,{{Phone}},NULL,600,,,Jordan University of Science and Technology
19885578-E7DA-4862-B413-946FBF334835,JuliusMaximiliansUniversittWrzburg,جامعة فورتسبورغ,Julius-Maximilians-Universität Würzburg,<p>Address: {{Description}}</p>,<p>Address: {{Description}}</p>,573,B6929437-CF78-40FE-B9EF-6AF0F35AE3D1,www.uni-wuerzburg.de/,{{Phone}},NULL,3121,,,Julius-Maximilians-Universität Würzburg
7F8C290D-83A6-4002-8ECD-086A712EC777,KaistKoreaAdvancedInstituteofScienceAndTechnology,معهد كوريا المتقدم للعلوم والتكنولوجيا,Kaist - Korea Advanced Institute of Science And Technology,<p>Address: {{Description}}</p>,<p>Address: {{Description}}</p>,574,4EC45433-C178-4920-91B5-51459C956B21,www.kaist.ac.kr/,{{Phone}},NULL,359,,,Kaist - Korea Advanced Institute of Science And Technology
12A68B95-A036-4623-9C9C-7C736646BE15,UniversityofSussexInternationalStudyCentre,مركز الدراسات الدولية – جامعة ساسكس,University of Sussex International Study Centre,<p>Address: {{Description}}</p>,<p>Address: {{Description}}</p>,1454,1489E888-7F88-4EC7-B746-1E8918A7245A,NULL,{{Phone}},NULL,4194,,,University of Sussex International Study Centre
EA5404B2-2CB0-4B2C-AADD-4D2BBB6236FE,UniversityofTeesside,جامعة تيزايد,University of Teesside,<p>Address: {{Description}}</p>,<p>Address: {{Description}}</p>,1462,1489E888-7F88-4EC7-B746-1E8918A7245A,NULL,{{Phone}},NULL,1080,,,University of Teesside
774E6811-5848-4F1A-B032-D8B488656B5D,UniversityoftheArtsLondon,جامعة الفنون – لندن,University of the Arts London,<p>Address: {{Description}}</p>,<p>Address: {{Description}}</p>,1474,1489E888-7F88-4EC7-B746-1E8918A7245A,http://www.arts.ac.uk/,{{Phone}},NULL,3031,,,University of the Arts London
D83CF8AE-DF3A-4B35-A60F-80E40F49E789,UniversityoftheWestofEngland,جامعة ويست إنجلاند,University of the West of England,<p>Address: {{Description}}</p>,<p>Address: {{Description}}</p>,1481,1489E888-7F88-4EC7-B746-1E8918A7245A,www.uwe.ac.uk/,{{Phone}},NULL,2501,,,University of the West of England
8D1BD214-9A20-4ECA-A551-CF7A63CCD53B,UniversityoftheWestofScotland,جامعة غرب اسكتلندا,University of the West of Scotland,<p>Address: {{Description}}</p>,<p>Address: {{Description}}</p>,1482,1489E888-7F88-4EC7-B746-1E8918A7245A,NULL,{{Phone}},NULL,3033,,,University of the West of Scotland
D08FB57A-4C60-4F75-81CF-B5AFAE3E5C47,UniversityofWales,جامعة ويلز,University of Wales,<p>Address: {{Description}}</p>,<p>Address: {{Description}}</p>,1499,1489E888-7F88-4EC7-B746-1E8918A7245A,NULL,{{Phone}},NULL,722,,,University of Wales
59AF4378-EE51-4493-A595-657B7CD1795D,UniversityofWalesBangor,جامعة بانغور,"University of Wales, Bangor",<p>Address: {{Description}}</p>,<p>Address: {{Description}}</p>,1500,1489E888-7F88-4EC7-B746-1E8918A7245A,NULL,{{Phone}},NULL,733,,,"University of Wales, Bangor"
A83837D9-334F-42A5-8B96-6631F25AE2A7,UniversityofWalesPrifysgolCymru,جامعة ويلز,University of Wales Prifysgol Cymru,<p>Address: {{Description}}</p>,<p>Address: {{Description}}</p>,1501,1489E888-7F88-4EC7-B746-1E8918A7245A,NULL,{{Phone}},NULL,2161,,,University of Wales Prifysgol Cymru
90F2218F-867D-4938-85C4-C427E29709EF,UniversityofWarwick,جامعة ووريك,University of Warwick,<p>Address: {{Description}}</p>,<p>Address: {{Description}}</p>,1503,1489E888-7F88-4EC7-B746-1E8918A7245A,www2.warwick.ac.uk/,{{Phone}},NULL,45,,,University of Warwick
A1B3A5F3-B176-49CA-9459-64C72FDBB382,UniversityofWestminster,جامعة وستمنستر,University of Westminster,<p>Address: {{Description}}</p>,<p>Address: {{Description}}</p>,1508,1489E888-7F88-4EC7-B746-1E8918A7245A,NULL,{{Phone}},NULL,748,,,University of Westminster
0F1A9FA5-49CE-4DC6-803B-3EED2EC737F3,UniversityofWinchester,جامعة وينشستر,University of Winchester,<p>Address: {{Description}}</p>,<p>Address: {{Description}}</p>,1509,1489E888-7F88-4EC7-B746-1E8918A7245A,www.winchester.ac.uk/,{{Phone}},NULL,2471,,,University of Winchester
037FB041-FD01-4A96-A66E-101608BEB29E,UniversityofWolverhampton,جامعة ولفرهامبتون,University of Wolverhampton,<p>Address: {{Description}}</p>,<p>Address: {{Description}}</p>,1514,1489E888-7F88-4EC7-B746-1E8918A7245A,NULL,{{Phone}},NULL,687,,,University of Wolverhampton
AC7C90DE-0C81-4B7F-86CB-00EA69861773,KarlFranzensUniversittGraz,جامعة غراتس,Karl-Franzens-Universität Graz,<p>Address: {{Description}}</p>,<p>Address: {{Description}}</p>,587,BC04E008-3F0A-43AA-A4F2-2DB917054D97,www.uni-graz.at/,{{Phone}},NULL,3547,,,Karl-Franzens-Universität Graz
DB260C85-E43E-4A9A-93C6-AB083C5932C2,KarlsruheInstituteofTechnology,معهد كارلسروه للتكنولوجيا,Karlsruhe Institute of Technology,<p>Address: {{Description}}</p>,<p>Address: {{Description}}</p>,588,B6929437-CF78-40FE-B9EF-6AF0F35AE3D1,NULL,{{Phone}},NULL,3124,,,Karlsruhe Institute of Technology
DB31B83A-F8D6-4A10-B55B-9B5A04377021,KarolinskaInstitute,معهد كارولينسكا,Karolinska Institute,<p>Address: {{Description}}</p>,<p>Address: {{Description}}</p>,589,4EE77F72-AB6D-46D7-A924-03342D48A1DE,NULL,{{Phone}},NULL,4134,,,Karolinska Institute
F599B319-B1BF-44DE-93E6-40658AE97324,KarolinskaInstituteofStockholm,معهد كارولينسكا,Karolinska Institute of Stockholm,<p>Address: {{Description}}</p>,<p>Address: {{Description}}</p>,590,4EE77F72-AB6D-46D7-A924-03342D48A1DE,NULL,{{Phone}},NULL,317,,,Karolinska Institute of Stockholm
844CEF0C-4EFA-4C41-8753-F6A9B5C871D6,KatholiekeUniversiteitLeuven,جامعة لوفين الكاثوليكية,Katholieke Universiteit Leuven,<p>Address: {{Description}}</p>,<p>Address: {{Description}}</p>,591,C09AC279-57A9-4005-919D-15A67287434A,www.kuleuven.be/english,{{Phone}},NULL,3331,,,Katholieke Universiteit Leuven
E128E7A3-D646-45B6-8015-641686FEEB44,KazanVolgaregionFederalUniversity,جامعة كازان الفيدرالية,Kazan (Volga region) Federal University,<p>Address: {{Description}}</p>,<p>Address: {{Description}}</p>,592,6BD31142-3A12-474E-A48B-973BE400F1A7,NULL,{{Phone}},NULL,4404,,,Kazan (Volga region) Federal University
49F6A2BF-234D-4FCC-BB88-BEC1E3BA295A,UniversityofYork,جامعة يورك,University of York,<p>Address: {{Description}}</p>,<p>Address: {{Description}}</p>,1517,1489E888-7F88-4EC7-B746-1E8918A7245A,www.york.ac.uk/,{{Phone}},NULL,234,,,University of York
AA9F2259-2931-419E-BDEF-C99225552D22,KEIAIUNIVERSITY,جامعة كياي,KEIAI UNIVERSITY,<p>Address: {{Description}}</p>,<p>Address: {{Description}}</p>,594,075E0DF0-A9BD-4C34-B089-95FF2D4D2A8A,NULL,{{Phone}},NULL,4627,,,KEIAI UNIVERSITY
4AC021AD-2424-4975-93CD-153611F7DFAC,KeioUniversity,جامعة كيو,Keio University,<p>Address: {{Description}}</p>,<p>Address: {{Description}}</p>,595,075E0DF0-A9BD-4C34-B089-95FF2D4D2A8A,http://www.keio.ac.jp/,{{Phone}},NULL,339,,,Keio University
48EAFAE9-EEFA-492F-BF1A-DE63136C00BB,WalesCollegeofMedicine,كلية الطب في ويلز,Wales College of Medicine,<p>Address: {{Description}}</p>,<p>Address: {{Description}}</p>,1547,1489E888-7F88-4EC7-B746-1E8918A7245A,NULL,{{Phone}},NULL,1158,,,Wales College of Medicine
A830F6F5-0202-4C90-BE1C-3C313F987665,KhalifaUniversityofScienceTechnologyandResearch,جامعة خليفة للعلوم والتكنولوجيا والبحوث,"Khalifa University of Science, Technology and Research",<p>Address: {{Description}}</p>,<p>Address: {{Description}}</p>,597,1BDC81B7-A509-4181-AB12-0010F8535AC4,NULL,{{Phone}},NULL,4140,,,"Khalifa University of Science, Technology and Research"
1B028531-DEF5-4BC5-94C4-11D8A28B512C,KingAbdulazizUniversity,جامعة الملك عبد العزيز,King Abdulaziz University,<p>Address: {{Description}}</p>,<p>Address: {{Description}}</p>,598,993E5108-1F39-49FE-93F9-D4AB8A0EEE1B,NULL,{{Phone}},NULL,545,,,King Abdulaziz University
FB50C5A3-9C78-4CE1-8118-11892B6C5836,KingFahdUniversityofPetroleumMinerals,جامعة الملك فهد للبترول والمعادن,King Fahd University of Petroleum & Minerals,<p>Address: {{Description}}</p>,<p>Address: {{Description}}</p>,599,993E5108-1F39-49FE-93F9-D4AB8A0EEE1B,NULL,{{Phone}},NULL,547,,,King Fahd University of Petroleum & Minerals
6B2D203A-8734-44A0-9128-ED54B5C451CA,KingFaisalUniversity,جامعة الملك فيصل,King Faisal University,<p>Address: {{Description}}</p>,<p>Address: {{Description}}</p>,600,993E5108-1F39-49FE-93F9-D4AB8A0EEE1B,NULL,{{Phone}},NULL,1173,,,King Faisal University
5E370DAB-06B7-4475-9D74-30BAE9D558BF,KingSaoudUniversity,جامعة الملك سعود,King Saoud University,<p>Address: {{Description}}</p>,<p>Address: {{Description}}</p>,601,993E5108-1F39-49FE-93F9-D4AB8A0EEE1B,NULL,{{Phone}},NULL,549,,,King Saoud University
9967067D-D1A2-4564-A510-AAA84178022A,KingSaudUniversity,جامعة الملك سعود,King Saud University,<p>Address: {{Description}}</p>,<p>Address: {{Description}}</p>,602,993E5108-1F39-49FE-93F9-D4AB8A0EEE1B,فقط للبرامج غير المتوفرة في قطر,{{Phone}},NULL,3730,,,King Saud University
74F3857F-A985-40E6-820D-F52975E5799E,WeBridgeAcademyCardiff,وي بريدج أكاديمي – كارديف,We Bridge Academy – Cardiff,<p>Address: {{Description}}</p>,<p>Address: {{Description}}</p>,1554,1489E888-7F88-4EC7-B746-1E8918A7245A,NULL,{{Phone}},NULL,4304,,,We Bridge Academy – Cardiff
BAD34F59-7041-4862-91FA-A1F4633CF888,WEBridgeInternationalLtdCardiff,مؤسسة WE Bridge الدولية – كارديف,"WE Bridge International Ltd, Cardiff",<p>Address: {{Description}}</p>,<p>Address: {{Description}}</p>,1555,1489E888-7F88-4EC7-B746-1E8918A7245A,NULL,{{Phone}},NULL,4065,,,"WE Bridge International Ltd, Cardiff"
0F5CC68E-593B-4066-82DE-17880C35B09D,WrightingtonWiganandLeighNHSTrustHospital,مستشفيات رايتينغتون وويغان وليه التعليمية,"Wrightington, Wigan and Leigh, NHS Trust  Hospital",<p>Address: {{Description}}</p>,<p>Address: {{Description}}</p>,1569,1489E888-7F88-4EC7-B746-1E8918A7245A,NULL,{{Phone}},NULL,1223,,,"Wrightington, Wigan and Leigh, NHS Trust  Hospital"
0DD5B97B-3C10-4162-95F2-F291E9C5E5A1,YorkStJohnUniversity,جامعة يورك سانت جون,York St John University,<p>Address: {{Description}}</p>,<p>Address: {{Description}}</p>,1579,1489E888-7F88-4EC7-B746-1E8918A7245A,http://www.yorksj.ac.uk,{{Phone}},NULL,3042,,,York St John University
1672F569-7D90-457F-915E-500FD1D6313C,KlinikumBremenMitteHospital,مستشفى بريمن ميته,Klinikum Bremen-Mitte Hospital,<p>Address: {{Description}}</p>,<p>Address: {{Description}}</p>,607,B6929437-CF78-40FE-B9EF-6AF0F35AE3D1,NULL,{{Phone}},NULL,834,,,Klinikum Bremen-Mitte Hospital
E2A66884-52BF-4234-9F86-C3DDF4AF1BC7,KonstfackUniversityofArtsCraftsandDesign,جامعة كونستفاك للفنون والحرف والتصميم,"Konstfack University of Arts , Crafts and Design",<p>Address: {{Description}}</p>,<p>Address: {{Description}}</p>,608,4EE77F72-AB6D-46D7-A924-03342D48A1DE,NULL,{{Phone}},NULL,4509,,,"Konstfack University of Arts , Crafts and Design"
2DB3DB2C-542B-4024-B574-51E242DA0165,KookminUniversity,جامعة كوكمن,Kookmin University,<p>Address: {{Description}}</p>,<p>Address: {{Description}}</p>,609,4EC45433-C178-4920-91B5-51459C956B21,NULL,{{Phone}},NULL,4502,,,Kookmin University
B2D87B34-2CA7-4CB5-8518-BC0E4CF14A16,KoreaNationalUniversityofArts,الجامعة الوطنية الكورية للفنون,Korea National University of Arts,<p>Address: {{Description}}</p>,<p>Address: {{Description}}</p>,610,4EC45433-C178-4920-91B5-51459C956B21,NULL,{{Phone}},NULL,4503,,,Korea National University of Arts
6B3C56F6-E00E-40E5-ADEA-061220E00704,KoreaPolytechnics,كليات كوريا التقنية,Korea Polytechnics,<p>Address: {{Description}}</p>,<p>Address: {{Description}}</p>,611,4EC45433-C178-4920-91B5-51459C956B21,NULL,{{Phone}},NULL,4576,,,Korea Polytechnics
3359988A-379A-48A6-89FD-665124C7D25E,KoreaUniversity,جامعة كوريا,Korea University,<p>Address: {{Description}}</p>,<p>Address: {{Description}}</p>,612,4EC45433-C178-4920-91B5-51459C956B21,http://www.korea.ac.kr/,{{Phone}},NULL,3276,,,Korea University
AF99FCEA-2D35-420E-9709-E42137FCA98F,KoUniversity,جامعة كوتش,Koç University,<p>Address: {{Description}}</p>,<p>Address: {{Description}}</p>,613,4BF7C691-B2AE-4D6A-B934-8ECA5F2177B2,https://www.ku.edu.tr/en,{{Phone}},NULL,3716,,,Koç University
FD0A686A-BA38-4FDF-8F0E-0DB7D549E936,KrirkUniversity,جامعة كريك,Krirk University,<p>Address: {{Description}}</p>,<p>Address: {{Description}}</p>,614,87C06FCD-73A3-4663-A2B2-E56039A32264,NULL,{{Phone}},NULL,4553,,,Krirk University
D3E7B412-EACA-4BA0-BF07-2944E96BD340,KTHRoyalInstituteofTechnology,المعهد الملكي للتكنولوجيا,KTH Royal Institute of Technology,<p>Address: {{Description}}</p>,<p>Address: {{Description}}</p>,615,4EE77F72-AB6D-46D7-A924-03342D48A1DE,https://www.kth.se/en,{{Phone}},NULL,3296,,,KTH Royal Institute of Technology
CC225C70-36BD-48A2-99C1-4FE9A1285AB5,KuwaitUniversity,جامعة الكويت,Kuwait University,<p>Address: {{Description}}</p>,<p>Address: {{Description}}</p>,616,A4F0FF2A-11FC-475B-94F0-AF538793C5BA,فقط للبرامج غير المتوفرة في قطر,{{Phone}},NULL,551,,,Kuwait University
5F9DF01F-749D-4F7D-8CE9-B1F35F609E89,KyotoUniversity,جامعة كيوتو,Kyoto University,<p>Address: {{Description}}</p>,<p>Address: {{Description}}</p>,617,075E0DF0-A9BD-4C34-B089-95FF2D4D2A8A,http://www.kyoto-u.ac.jp/,{{Phone}},NULL,222,,,Kyoto University
6765C533-B9C3-4034-8342-E0FC4F5D3D7C,KyungHeeUniversity,جامعة كيونغ هي,Kyung Hee University,<p>Address: {{Description}}</p>,<p>Address: {{Description}}</p>,618,4EC45433-C178-4920-91B5-51459C956B21,www.khu.ac.kr/eng/,{{Phone}},NULL,1403,,,Kyung Hee University
36E83011-E048-4F1D-A817-942FB41BFB20,KyushuUniversity,جامعة كيوشو,Kyushu University,<p>Address: {{Description}}</p>,<p>Address: {{Description}}</p>,619,075E0DF0-A9BD-4C34-B089-95FF2D4D2A8A,http://www.kyushu-u.ac.jp/,{{Phone}},NULL,341,,,Kyushu University
CB2E5EC7-7D66-4283-AD4D-975A36FD13F9,AbileneChristianUniversity,جامعة أبيلين كريستيان,Abilene Christian University,<p>Address: {{Description}}</p>,<p>Address: {{Description}}</p>,6,BC4FF43D-C0A2-4C29-B47F-88A728EC2509,http://www.acu.edu/,{{Phone}},NULL,3713,,,Abilene Christian University
DBE55A66-7A72-48A0-9EFC-A1FD46B9DB17,AcademyOfArtUniversity,أكاديمية فنون سان فرانسيسكو,Academy Of Art University*,<p>Address: {{Description}}</p>,<p>Address: {{Description}}</p>,10,BC4FF43D-C0A2-4C29-B47F-88A728EC2509,NULL,{{Phone}},NULL,1774,,,Academy Of Art University*
52BF7458-5CCD-4354-A5DB-E9C31D61EF20,AdelphiUniversity,جامعة أديلفي,Adelphi University,<p>Address: {{Description}}</p>,<p>Address: {{Description}}</p>,13,BC4FF43D-C0A2-4C29-B47F-88A728EC2509,http://www.adelphi.edu/,{{Phone}},NULL,3712,,,Adelphi University
557484BB-1930-46D5-BF53-A56BB703FD7B,AgnesScottCollege,كلية أغنيس سكوت,Agnes Scott College*,<p>Address: {{Description}}</p>,<p>Address: {{Description}}</p>,15,BC4FF43D-C0A2-4C29-B47F-88A728EC2509,NULL,{{Phone}},NULL,134,,,Agnes Scott College*
69B8B5D3-BF34-4DCA-9FFD-3C3828087690,AlliantInternationalUniversity,جامعة أليانت الدولية,Alliant International University,<p>Address: {{Description}}</p>,<p>Address: {{Description}}</p>,33,BC4FF43D-C0A2-4C29-B47F-88A728EC2509,NULL,{{Phone}},NULL,707,,,Alliant International University
C822AF05-AF1C-4176-AE75-D18F5D989E30,AmericanEnglishInstituteUniversityofOregon,معهد اللغة الإنجليزية – جامعة أوريغون,American English Institute- University of Oregon,<p>Address: {{Description}}</p>,<p>Address: {{Description}}</p>,42,BC4FF43D-C0A2-4C29-B47F-88A728EC2509,NULL,{{Phone}},NULL,1990,,,American English Institute- University of Oregon
E431DB3B-B1AF-4F8A-AED6-99E0A7723E13,LanguageCenteroftheUniversityofVienna,مركز اللغة – جامعة فيينا,Language Center of the University of Vienna,<p>Address: {{Description}}</p>,<p>Address: {{Description}}</p>,627,BC04E008-3F0A-43AA-A4F2-2DB917054D97,NULL,{{Phone}},NULL,4315,,,Language Center of the University of Vienna
A833F8E6-D50B-4B3C-899A-09005C387889,AmericanLanguageandCulture,معهد اللغة والثقافة الأمريكية,American Language and Culture,<p>Address: {{Description}}</p>,<p>Address: {{Description}}</p>,43,BC4FF43D-C0A2-4C29-B47F-88A728EC2509,NULL,{{Phone}},NULL,2557,,,American Language and Culture
3C618B7D-C285-4B14-82E4-1459913B57C0,LappeenrantaUniversityofTechnology,جامعة لابينرانتا للتكنولوجيا,Lappeenranta University of Technology,<p>Address: {{Description}}</p>,<p>Address: {{Description}}</p>,629,F29D686D-089D-431E-BEBB-AF600F4F1DAD,NULL,{{Phone}},NULL,4102,,,Lappeenranta University of Technology
489CE228-3CBA-4C59-9260-75EA6151B21B,LaSapienzaUniversityRome,جامعة سابينزا في روما,"La Sapienza University, Rome",<p>Address: {{Description}}</p>,<p>Address: {{Description}}</p>,630,8EA4214D-3BBC-4296-9CC0-8873A293313C,NULL,{{Phone}},NULL,655,,,"La Sapienza University, Rome"
26ECD190-7283-49F7-A7ED-CB4322FFACCF,AmericanUniversity,الجامعة الأمريكية,American University,<p>Address: {{Description}}</p>,<p>Address: {{Description}}</p>,44,BC4FF43D-C0A2-4C29-B47F-88A728EC2509,http://www.american.edu/,{{Phone}},NULL,2601,,,American University
F36FCE56-81D7-41DB-9CD1-8893893C5741,LaTrobeUniversity,جامعة لا تروب,La Trobe University,<p>Address: {{Description}}</p>,<p>Address: {{Description}}</p>,632,6E24A731-2BBB-4725-9084-2225987A78DF,www.latrobe.edu.au/,{{Phone}},NULL,552,,,La Trobe University
BCC9C297-619E-464B-ACF1-D85151F3E6DA,LavalUniversity,جامعة لافال,Laval University,<p>Address: {{Description}}</p>,<p>Address: {{Description}}</p>,633,8460877D-3973-4A88-8B26-F4397E2F1316,www2.ulaval.ca/en/,{{Phone}},NULL,390,,,Laval University
6D994D0D-DF09-4DB2-9A7E-497789150198,AmericanUniversityWashington,الجامعة الأمريكية في واشنطن,"American University, Washington",<p>Address: {{Description}}</p>,<p>Address: {{Description}}</p>,53,BC4FF43D-C0A2-4C29-B47F-88A728EC2509,NULL,{{Phone}},NULL,135,,,"American University, Washington"
B79B6A0C-6126-4A89-ACBC-7A2A28E95EFF,LebaneseAmericanUniversity,الجامعة اللبنانية الأمريكية,Lebanese American University,<p>Address: {{Description}}</p>,<p>Address: {{Description}}</p>,635,B55F640A-91A7-416D-A051-2BC4354B7537,NULL,{{Phone}},NULL,1175,,,Lebanese American University
6308659A-2A31-475A-9DAF-55492A36A21D,LebaneseCanadianUniversityLebanon,الجامعة اللبنانية الكندية,Lebanese Canadian University Lebanon,<p>Address: {{Description}}</p>,<p>Address: {{Description}}</p>,636,B55F640A-91A7-416D-A051-2BC4354B7537,NULL,{{Phone}},NULL,4480,,,Lebanese Canadian University Lebanon
D9F3E010-C831-443F-BDE7-CABF05DFAD16,LebaneseUniversity,الجامعة اللبنانية,Lebanese University,<p>Address: {{Description}}</p>,<p>Address: {{Description}}</p>,637,B55F640A-91A7-416D-A051-2BC4354B7537,NULL,{{Phone}},NULL,4359,,,Lebanese University
CFDAACCE-C423-4225-8569-DB495DE39A81,AnneArundelCoummunityCollege,كلية آن أروندل المجتمعية,Anne Arundel Coummunity College*,<p>Address: {{Description}}</p>,<p>Address: {{Description}}</p>,62,BC4FF43D-C0A2-4C29-B47F-88A728EC2509,NULL,{{Phone}},NULL,2190,,,Anne Arundel Coummunity College*
75BB9C3A-05C6-4EA3-9EE2-E0CB791ED904,ArizonaStateUniversityTempeAZ,جامعة ولاية أريزونا,Arizona State University - Tempe (AZ),<p>Address: {{Description}}</p>,<p>Address: {{Description}}</p>,69,BC4FF43D-C0A2-4C29-B47F-88A728EC2509,NULL,{{Phone}},NULL,1332,,,Arizona State University - Tempe (AZ)
A3B9BB9D-5928-4507-835E-9ECEDCD43354,ArtCenterCollegeofDesign,كلية آرت سنتر للتصميم,Art Center College of Design,<p>Address: {{Description}}</p>,<p>Address: {{Description}}</p>,71,BC4FF43D-C0A2-4C29-B47F-88A728EC2509,NULL,{{Phone}},NULL,2759,,,Art Center College of Design
EABD165C-5FAE-46B6-B1C5-6502D97E21EE,LeibnizUniversittHannover,جامعة لايبنتز هانوفر,Leibniz Universität Hannover,<p>Address: {{Description}}</p>,<p>Address: {{Description}}</p>,641,B6929437-CF78-40FE-B9EF-6AF0F35AE3D1,https://www.uni-hannover.de/en/,{{Phone}},NULL,1251,,,Leibniz Universität Hannover
556DA7E4-E9D7-4C3B-BA4E-E688544E0CEA,AshlandUniversity,جامعة آشلاند,Ashland University,<p>Address: {{Description}}</p>,<p>Address: {{Description}}</p>,74,BC4FF43D-C0A2-4C29-B47F-88A728EC2509,NULL,{{Phone}},NULL,4141,,,Ashland University
2034B86A-4BAE-4241-BC62-E52CEAF2A758,LeidenUniversity,جامعة لايدن,Leiden University,<p>Address: {{Description}}</p>,<p>Address: {{Description}}</p>,643,F1972BC9-B59A-4EA3-84CF-FEDA7EFF29A1,www.leidenuniv.nl/,{{Phone}},NULL,378,,,Leiden University
A05D1575-9157-4D53-8B4C-E59D1DCCF21C,AuburnUniversity,جامعة أوبورن,Auburn University,<p>Address: {{Description}}</p>,<p>Address: {{Description}}</p>,77,BC4FF43D-C0A2-4C29-B47F-88A728EC2509,http://www.auburn.edu/,{{Phone}},NULL,185,,,Auburn University
BB7362A4-1147-4937-B2C4-467362C57169,LesRochesGlobalHospitalityManagementEducation,مدرسة لو روش العالمية لإدارة الضيافة,Les Roches Global Hospitality Management Education,<p>Address: {{Description}}</p>,<p>Address: {{Description}}</p>,645,4E364110-075B-4CF7-A201-DEB66B8C8505,NULL,{{Phone}},NULL,4548,,,Les Roches Global Hospitality Management Education
42FD84DB-DA9C-4ABA-8761-475A05DCAE41,LeuphanaUniversity,جامعة لوفانا في لونيبورغ,Leuphana University,<p>Address: {{Description}}</p>,<p>Address: {{Description}}</p>,646,834E31D6-3358-46FD-AFBD-453E237358D2,NULL,{{Phone}},NULL,4614,,,Leuphana University
7DF7228B-D870-48A4-98B5-045AB3D4F2E1,AugsburgCollege,جامعة أوجسبورج,Augsburg College,<p>Address: {{Description}}</p>,<p>Address: {{Description}}</p>,79,BC4FF43D-C0A2-4C29-B47F-88A728EC2509,http://www.augsburg.edu/,{{Phone}},NULL,3709,,,Augsburg College
5BD904A7-1707-45D8-8932-B9D055E3ABAA,AvilaUniversity,جامعة أفـيلا,Avila University,<p>Address: {{Description}}</p>,<p>Address: {{Description}}</p>,83,BC4FF43D-C0A2-4C29-B47F-88A728EC2509,NULL,{{Phone}},NULL,1938,,,Avila University
BD31B358-9C45-4088-B2CD-7A60199BF257,LincolnUniversity,جامعة لنكولن,Lincoln University,<p>Address: {{Description}}</p>,<p>Address: {{Description}}</p>,649,62524CBE-D439-4F93-BCDD-D11019993951,www.lincoln.ac.nz/,{{Phone}},NULL,3735,,,Lincoln University
BD2990AB-AB9A-454C-BDF3-C7ECBD0C4693,LinkpingUniversity,جامعة لينشوبينغ,Linköping University,<p>Address: {{Description}}</p>,<p>Address: {{Description}}</p>,650,4EE77F72-AB6D-46D7-A924-03342D48A1DE,www.liu.se/,{{Phone}},NULL,3722,,,Linköping University
21958BE3-EFD7-40A9-A46B-A7CFD9F75F3C,BabsonCollege,كلية بابسون,Babson College*,<p>Address: {{Description}}</p>,<p>Address: {{Description}}</p>,84,BC4FF43D-C0A2-4C29-B47F-88A728EC2509,NULL,{{Phone}},NULL,1682,,,Babson College*
3204A667-D3DF-4377-9B7A-CF869ADAFFEF,LInstitutdAquitaineEcoleSuperieuredeTourisme,معهد أكيتان العالي للسياحة,L'Institut d'Aquitaine Ecole Superieure  de Tourisme,<p>Address: {{Description}}</p>,<p>Address: {{Description}}</p>,652,697C7D6B-6E81-416B-8F94-C01AE8A678E1,NULL,{{Phone}},NULL,1539,,,L'Institut d'Aquitaine Ecole Superieure  de Tourisme
79AADBCE-D802-4D87-A30F-08777F2A3FAE,BaldwinWallaceUniversity,جامعة بالدوين والاس,Baldwin Wallace University,<p>Address: {{Description}}</p>,<p>Address: {{Description}}</p>,85,BC4FF43D-C0A2-4C29-B47F-88A728EC2509,www.bw.edu/,{{Phone}},NULL,3538,,,Baldwin Wallace University
B0D91D29-2537-4D21-A248-841A955AD607,BallStateUniversity,جامعة بول ستيت,Ball State University,<p>Address: {{Description}}</p>,<p>Address: {{Description}}</p>,86,BC4FF43D-C0A2-4C29-B47F-88A728EC2509,http://www.bsu.edu/,{{Phone}},NULL,2761,,,Ball State University
580002EC-EB06-409B-A419-7D3C5D46C635,LNGumilyovEurasianNationalUniversityENU,الجامعة الأوراسية الوطنية إل إن غوميليوف,L.N. Gumilyov Eurasian National University (ENU),<p>Address: {{Description}}</p>,<p>Address: {{Description}}</p>,655,061A0A99-DB90-4033-82B1-77B3301A4492,NULL,{{Phone}},NULL,4431,,,L.N. Gumilyov Eurasian National University (ENU)
702F4CAC-EEF3-4651-8C0A-438CA1D1E5A0,LomonosovMoscowStateUniversity,جامعة لومونوسوف موسكو الحكومية,Lomonosov Moscow State University,<p>Address: {{Description}}</p>,<p>Address: {{Description}}</p>,656,6BD31142-3A12-474E-A48B-973BE400F1A7,NULL,{{Phone}},NULL,183,,,Lomonosov Moscow State University
3EEC46B9-01AD-4E02-851F-A1ACD5667058,BaylorCollegeofMedicine,كلية بايلور للطب,Baylor College of Medicine,<p>Address: {{Description}}</p>,<p>Address: {{Description}}</p>,95,BC4FF43D-C0A2-4C29-B47F-88A728EC2509,NULL,{{Phone}},NULL,2604,,,Baylor College of Medicine
DC7EDFC4-81EE-41DD-B470-CD5D0A859E3F,BaylorUniversity,جامعة بايلور,Baylor University,<p>Address: {{Description}}</p>,<p>Address: {{Description}}</p>,96,BC4FF43D-C0A2-4C29-B47F-88A728EC2509,http://www.baylor.edu/,{{Phone}},NULL,187,,,Baylor University
5D14E51B-1AB5-4AE1-A3D8-D4D78FA81E23,BentleyCollegeWalthamMAUSA,جامعة بينتلي,"Bentley College, Waltham, MA, USA",<p>Address: {{Description}}</p>,<p>Address: {{Description}}</p>,109,BC4FF43D-C0A2-4C29-B47F-88A728EC2509,NULL,{{Phone}},NULL,1201,,,"Bentley College, Waltham, MA, USA"
93AD024D-8FA3-4D66-AF21-B4DB4EBE8628,BerlitzLangugeCenter,مركز بيرلتز للغات,Berlitz Languge Center,<p>Address: {{Description}}</p>,<p>Address: {{Description}}</p>,110,BC4FF43D-C0A2-4C29-B47F-88A728EC2509,NULL,{{Phone}},NULL,1245,,,Berlitz Languge Center
D3420E21-F334-453D-9FE4-48BAF3F110B9,BethelUniversity,جامعة بيثيل,Bethel University,<p>Address: {{Description}}</p>,<p>Address: {{Description}}</p>,111,BC4FF43D-C0A2-4C29-B47F-88A728EC2509,https://www.bethel.edu/,{{Phone}},NULL,3705,,,Bethel University
19B4D706-849F-4C34-A06F-8A5CD1D65A83,BinghamtonUniversitySUNY,جامعة بينغهامتون (جامعة ولاية نيويورك),"Binghamton University, SUNY",<p>Address: {{Description}}</p>,<p>Address: {{Description}}</p>,115,BC4FF43D-C0A2-4C29-B47F-88A728EC2509,www.binghamton.edu/,{{Phone}},NULL,1350,,,"Binghamton University, SUNY"
23050D40-59D5-437B-A19A-208BB34C960B,BiolaUniversity,جامعة بيولا,Biola University,<p>Address: {{Description}}</p>,<p>Address: {{Description}}</p>,117,BC4FF43D-C0A2-4C29-B47F-88A728EC2509,http://www.biola.edu/,{{Phone}},NULL,3704,,,Biola University
2A1F7BFE-6DCD-4DE7-B15D-244DCCEAF419,BlinnCollege,كلية بلِن,Blinn College,<p>Address: {{Description}}</p>,<p>Address: {{Description}}</p>,121,BC4FF43D-C0A2-4C29-B47F-88A728EC2509,NULL,{{Phone}},NULL,1383,,,Blinn College
C3871431-BDE9-45C3-B802-D1D49AFA8A09,BostonCollege,كلية بوسطن,Boston College,<p>Address: {{Description}}</p>,<p>Address: {{Description}}</p>,127,BC4FF43D-C0A2-4C29-B47F-88A728EC2509,http://www.bc.edu/,{{Phone}},NULL,190,,,Boston College
FCBCDE63-486F-4B61-93AE-8759C635CEF3,BostonUniversity,جامعة بوسطن,Boston University,<p>Address: {{Description}}</p>,<p>Address: {{Description}}</p>,128,BC4FF43D-C0A2-4C29-B47F-88A728EC2509,http://www.bu.edu/,{{Phone}},NULL,84,,,Boston University
59D280AE-A2A6-4A8B-81D1-3411F8CE9B79,BowlingGreenStateUniversity,جامعة بولينغ غرين الحكومية,Bowling Green State University,<p>Address: {{Description}}</p>,<p>Address: {{Description}}</p>,130,BC4FF43D-C0A2-4C29-B47F-88A728EC2509,http://www.bgsu.edu/,{{Phone}},NULL,2766,,,Bowling Green State University
5C574631-946C-4B10-86D0-8E0B54037A4F,BrandeisUniversity,جامعة براندايس,Brandeis University,<p>Address: {{Description}}</p>,<p>Address: {{Description}}</p>,134,BC4FF43D-C0A2-4C29-B47F-88A728EC2509,http://www.brandeis.edu/,{{Phone}},NULL,236,,,Brandeis University
A04811BE-7A42-489A-AB0B-1061A751F1FE,BrighamYoungUniversityProvo,جامعة بريغهام يونغ – بروفو,"Brigham Young University, Provo",<p>Address: {{Description}}</p>,<p>Address: {{Description}}</p>,136,BC4FF43D-C0A2-4C29-B47F-88A728EC2509,www.byu.edu/,{{Phone}},NULL,2610,,,"Brigham Young University, Provo"
0855AB67-21C0-460A-AAC4-299AD5DE0C80,BrownUniversity,جامعة براون,Brown University,<p>Address: {{Description}}</p>,<p>Address: {{Description}}</p>,142,BC4FF43D-C0A2-4C29-B47F-88A728EC2509,http://www.brown.edu/,{{Phone}},NULL,47,,,Brown University
5FF8A4C2-9EA9-4A1E-BC5F-FAA18A319B79,CaliforniaCollegeoftheArts,كلية كاليفورنيا للفنون,California College of the Arts,<p>Address: {{Description}}</p>,<p>Address: {{Description}}</p>,148,BC4FF43D-C0A2-4C29-B47F-88A728EC2509,NULL,{{Phone}},NULL,2011,,,California College of the Arts
04D59143-EE31-4325-BD14-9EE28A98545B,LudwigMaximiliansUniversittMnchen,جامعة لودفيغ ماكسيميليان في ميونخ,Ludwig-Maximilians-Universität München,<p>Address: {{Description}}</p>,<p>Address: {{Description}}</p>,683,B6929437-CF78-40FE-B9EF-6AF0F35AE3D1,www.en.uni-muenchen.de/,{{Phone}},NULL,1184,,,Ludwig-Maximilians-Universität München
C1E66794-55FD-43BF-AA6B-47CA020306AC,LuissUniversity,جامعة لويس,Luiss University,<p>Address: {{Description}}</p>,<p>Address: {{Description}}</p>,684,8EA4214D-3BBC-4296-9CC0-8873A293313C,NULL,{{Phone}},NULL,4429,,,Luiss University
E9DFC44C-A1A7-41D9-9AC0-72F885E910AD,LuisvivesEscuelaEspanol,مدرسة لويس فيفيس للغة الإسبانية,Luis vives Escuela Espanol,<p>Address: {{Description}}</p>,<p>Address: {{Description}}</p>,685,F0FABF42-8D0C-4BAA-8535-7D3FA80FA2D6,NULL,{{Phone}},NULL,4616,,,Luis vives Escuela Espanol
7B831751-4B12-4DB6-ABD9-91B8C18D60E1,LundUniversity,جامعة لوند,Lund University,<p>Address: {{Description}}</p>,<p>Address: {{Description}}</p>,686,4EE77F72-AB6D-46D7-A924-03342D48A1DE,www.lunduniversity.lu.se/,{{Phone}},NULL,383,,,Lund University
AFD7144C-64FF-45A1-A17E-E2C4270F1F00,LUniversiteDAuvergneFaculteDeDroitetDesciencePolitiqueDeClermontFerrand,جامعة كليرمونت أوفيرني,L'Universite D'Auvergne Faculte De Droit et De science Politique De Clermont-Ferrand,<p>Address: {{Description}}</p>,<p>Address: {{Description}}</p>,687,697C7D6B-6E81-416B-8F94-C01AE8A678E1,NULL,{{Phone}},NULL,1559,,,L'Universite D'Auvergne Faculte De Droit et De science Politique De Clermont-Ferrand
4EB4EB92-10C4-44F2-860A-7E392D7DB47E,LusailUniversity,جامعة لوسيل,Lusail University,<p>Address: {{Description}}</p>,<p>Address: {{Description}}</p>,688,D1DF472C-5D2E-47DD-98AD-D5E693C5BA6F,NULL,{{Phone}},NULL,4358,,,Lusail University
6C4991AC-C86D-4648-BF89-45CCE2023112,LybianAlFatehUniversity,جامعة طرابلس,Lybian Al-Fateh University,<p>Address: {{Description}}</p>,<p>Address: {{Description}}</p>,689,8A63EE54-21D4-4ECF-B1F9-7916419EB14E,NULL,{{Phone}},NULL,1078,,,Lybian Al-Fateh University
2E4BCA43-3826-4504-B7FD-9A2E2F7427E7,LyceDesmetiershoteliersJeanDrouantParis,معهد جان دروان الفندقي بباريس,"Lycée Des metiers hoteliers Jean Drouant, Paris",<p>Address: {{Description}}</p>,<p>Address: {{Description}}</p>,690,697C7D6B-6E81-416B-8F94-C01AE8A678E1,NULL,{{Phone}},NULL,1276,,,"Lycée Des metiers hoteliers Jean Drouant, Paris"
09E4DD83-091E-431E-B56A-03B76CF7D060,LycedesMtiersdelaMaintenanceetdelnergieLMM,ثانوية المهن في الصيانة والطاقة,Lycée des Métiers de la Maintenance et de l'Énergie (LMMÉ),<p>Address: {{Description}}</p>,<p>Address: {{Description}}</p>,691,697C7D6B-6E81-416B-8F94-C01AE8A678E1,NULL,{{Phone}},NULL,4590,,,Lycée des Métiers de la Maintenance et de l'Énergie (LMMÉ)
8BA5A3AA-456E-44AF-85CB-C10197A6F355,LycedesMtiersdelAmeublementLyceeAmeublement,مدرسة المهن للأثاث,Lycée des Métiers de l'Ameublement (Lycee Ameublement),<p>Address: {{Description}}</p>,<p>Address: {{Description}}</p>,692,697C7D6B-6E81-416B-8F94-C01AE8A678E1,NULL,{{Phone}},NULL,4591,,,Lycée des Métiers de l'Ameublement (Lycee Ameublement)
37F38037-D4EA-42ED-9968-AB3D1B626F71,LyceePolyvalentBazeilles,ثانوية بازاي متعددة التخصصات,"Lycee Polyvalent, Bazeilles",<p>Address: {{Description}}</p>,<p>Address: {{Description}}</p>,693,697C7D6B-6E81-416B-8F94-C01AE8A678E1,NULL,{{Phone}},NULL,1277,,,"Lycee Polyvalent, Bazeilles"
583412AD-452E-4BA3-B95B-2076A900EC91,LycePolyvalentLouisArmand,ثانوية متعددة التخصصات لويس أرماند,Lycée Polyvalent Louis Armand,<p>Address: {{Description}}</p>,<p>Address: {{Description}}</p>,694,697C7D6B-6E81-416B-8F94-C01AE8A678E1,NULL,{{Phone}},NULL,4592,,,Lycée Polyvalent Louis Armand
74F920C1-5316-48A0-AE20-5E916DF2D050,LyceTechniquePrivSainteGeneviveTsiSG,ثانوية سانت جينيفيف التقنية الخاصة,Lycée Technique Privé Sainte-Geneviève (Tsi SG),<p>Address: {{Description}}</p>,<p>Address: {{Description}}</p>,695,697C7D6B-6E81-416B-8F94-C01AE8A678E1,NULL,{{Phone}},NULL,4593,,,Lycée Technique Privé Sainte-Geneviève (Tsi SG)
5B4854A6-4303-458F-B3A4-8E96D5223CFB,CaliforniaInstituteofTechnology,معهد كاليفورنيا للتكنولوجيا,California Institute of Technology,<p>Address: {{Description}}</p>,<p>Address: {{Description}}</p>,149,BC4FF43D-C0A2-4C29-B47F-88A728EC2509,http://www.caltech.edu/,{{Phone}},NULL,193,,,California Institute of Technology
B5798BE0-4639-41E5-97F6-B9445F309B6F,MaastrichtUniversity,جامعة ماستريخت,Maastricht University,<p>Address: {{Description}}</p>,<p>Address: {{Description}}</p>,697,F1972BC9-B59A-4EA3-84CF-FEDA7EFF29A1,www.maastrichtuniversity.nl,{{Phone}},NULL,3248,,,Maastricht University
EBFFA3B9-07BC-4E33-81BE-8BE8CE790660,MacaoInstituteforTourismStudiesIFTM,معهد ماكاو للدراسات السياحية,Macao Institute for Tourism Studies (IFTM),<p>Address: {{Description}}</p>,<p>Address: {{Description}}</p>,698,A2E2CAB6-5604-4C25-9625-289F873495A4,NULL,{{Phone}},NULL,4481,,,Macao Institute for Tourism Studies (IFTM)
E029FBE5-66C1-4FB7-AD6D-D81B5B8E9DD7,MacauUniversityofScienceandTechnology,جامعة ماكاو للعلوم والتكنولوجيا,Macau University of Science and Technology,<p>Address: {{Description}}</p>,<p>Address: {{Description}}</p>,699,A2E2CAB6-5604-4C25-9625-289F873495A4,NULL,{{Phone}},NULL,4597,,,Macau University of Science and Technology
14F93D15-4543-48D9-84A7-0323285B8AF2,MacquarieUniversity,جامعة ماكواري,Macquarie University,<p>Address: {{Description}}</p>,<p>Address: {{Description}}</p>,700,6E24A731-2BBB-4725-9084-2225987A78DF,mq.edu.au/,{{Phone}},NULL,126,,,Macquarie University
72BE4E5C-6DEA-4276-AC3C-DA697347DA97,CaliforniaInstituteoftheArts,معهد كاليفورنيا للفنون,California Institute of the Arts,<p>Address: {{Description}}</p>,<p>Address: {{Description}}</p>,150,BC4FF43D-C0A2-4C29-B47F-88A728EC2509,NULL,{{Phone}},NULL,2771,,,California Institute of the Arts
B4AD09D7-730A-4946-AC32-3DA4F4CFE993,MahidolUniversity,جامعة ماهيدول,Mahidol University,<p>Address: {{Description}}</p>,<p>Address: {{Description}}</p>,702,87C06FCD-73A3-4663-A2B2-E56039A32264,NULL,{{Phone}},NULL,4389,,,Mahidol University
6CFED9F0-A6F9-4112-B59F-0CBB57FB517B,MalmoUniversity,جامعة مالمو,Malmo University,<p>Address: {{Description}}</p>,<p>Address: {{Description}}</p>,703,4EE77F72-AB6D-46D7-A924-03342D48A1DE,NULL,{{Phone}},NULL,4500,,,Malmo University
A5B6E318-ECAA-4296-9D29-481A3621603D,MalmoUniversityHospital,مستشفى جامعة مالمو,Malmo University Hospital,<p>Address: {{Description}}</p>,<p>Address: {{Description}}</p>,704,4EE77F72-AB6D-46D7-A924-03342D48A1DE,NULL,{{Phone}},NULL,559,,,Malmo University Hospital
97310022-656E-4212-9421-2E6C8C1FAA69,ManagementandScienceUniversity,جامعة الإدارة والعلوم,Management and Science University,<p>Address: {{Description}}</p>,<p>Address: {{Description}}</p>,705,3A2F27ED-DBC2-4F18-B229-1EBD1B83577B,NULL,{{Phone}},NULL,4483,,,Management and Science University
3CE46BDC-1746-44C3-B03E-FA0A49FD0262,CaliforniaLutheranUniversity,جامعة كاليفورنيا اللوثرية,California Lutheran University,<p>Address: {{Description}}</p>,<p>Address: {{Description}}</p>,151,BC4FF43D-C0A2-4C29-B47F-88A728EC2509,http://www.callutheran.edu/,{{Phone}},NULL,3700,,,California Lutheran University
D7303EC3-DA22-4368-9C32-626A0E06D082,CaliforniaPolytechnicStateUniversitySanLuis,جامعة ولاية كاليفورنيا بوليتكنيك - سان لويس,"California Polytechnic State University, San Luis",<p>Address: {{Description}}</p>,<p>Address: {{Description}}</p>,152,BC4FF43D-C0A2-4C29-B47F-88A728EC2509,NULL,{{Phone}},NULL,2772,,,"California Polytechnic State University, San Luis"
2C300F2A-0551-4BF7-814C-D129D22118C4,MarchePolytechnicUniversity,جامعة بوليتكنيك ماركي,Marche Polytechnic University,<p>Address: {{Description}}</p>,<p>Address: {{Description}}</p>,708,8EA4214D-3BBC-4296-9CC0-8873A293313C,NULL,{{Phone}},NULL,4112,,,Marche Polytechnic University
AB777E38-9460-4D97-BD59-FDD6C3BB26EF,MarienHospitalStuttgart,مستشفى ماريان شتوتغارت,Marien Hospital Stuttgart,<p>Address: {{Description}}</p>,<p>Address: {{Description}}</p>,709,B6929437-CF78-40FE-B9EF-6AF0F35AE3D1,NULL,{{Phone}},NULL,560,,,Marien Hospital Stuttgart
A62BA9A6-6A6D-46D5-A9A6-1815F12ACB5E,CaliforniaStatePolytechnicUniversityPomona,جامعة كاليفورنيا الحكومية المتعددة التقنيات - بومونا,California State Polytechnic University-Pomona,<p>Address: {{Description}}</p>,<p>Address: {{Description}}</p>,153,BC4FF43D-C0A2-4C29-B47F-88A728EC2509,https://www.cpp.edu/,{{Phone}},NULL,2774,,,California State Polytechnic University-Pomona
10B348F6-D9FC-4D4B-B368-B4605F26239A,CaliforniaStateUniversity,جامعة ولاية كاليفورنيا,California State University,<p>Address: {{Description}}</p>,<p>Address: {{Description}}</p>,154,BC4FF43D-C0A2-4C29-B47F-88A728EC2509,NULL,{{Phone}},NULL,488,,,California State University
9CD818DF-81C4-4C3D-BDBE-1F447C80ACF4,CaliforniaStateUniversityChico,جامعة ولاية كاليفورنيا - تشيكو,California State University-Chico,<p>Address: {{Description}}</p>,<p>Address: {{Description}}</p>,155,BC4FF43D-C0A2-4C29-B47F-88A728EC2509,www.csuchico.edu/,{{Phone}},NULL,3699,,,California State University-Chico
8D6BA622-01C3-403E-89E6-8DB5636688C0,CaliforniaStateUniversityDominkizHills,"جامعة ولاية كاليفورنيا، دومينغيز هيلز",California State University - Dominkiz Hills,<p>Address: {{Description}}</p>,<p>Address: {{Description}}</p>,156,BC4FF43D-C0A2-4C29-B47F-88A728EC2509,NULL,{{Phone}},NULL,489,,,California State University - Dominkiz Hills
BDFC2AB6-B0C0-4D0F-88AC-3A9509DE3455,CaliforniaStateUniversityFresno,"جامعة ولاية كاليفورنيا، فريسنو","California State University, Fresno",<p>Address: {{Description}}</p>,<p>Address: {{Description}}</p>,157,BC4FF43D-C0A2-4C29-B47F-88A728EC2509,NULL,{{Phone}},NULL,2776,,,"California State University, Fresno"
877FBDEE-135E-467B-9E3A-D91E44A25BE6,MasarykUniversity,جامعة ماساريك,Masaryk University,<p>Address: {{Description}}</p>,<p>Address: {{Description}}</p>,715,9CB59D55-A92C-4F8F-831F-E2A37857BEAA,www.muni.cz/,{{Phone}},NULL,3561,,,Masaryk University
D4862728-4B99-456A-882E-77A0D4B6CFE3,CaliforniaStateUniversityFullerton,"جامعة ولاية كاليفورنيا، فوليرتون","California State University, Fullerton",<p>Address: {{Description}}</p>,<p>Address: {{Description}}</p>,158,BC4FF43D-C0A2-4C29-B47F-88A728EC2509,NULL,{{Phone}},NULL,2777,,,"California State University, Fullerton"
EAC5D744-88B6-437C-B1D0-67D72541123B,MasseyUniversity,جامعة ماسي,Massey University,<p>Address: {{Description}}</p>,<p>Address: {{Description}}</p>,717,62524CBE-D439-4F93-BCDD-D11019993951,www.massey.ac.nz/,{{Phone}},NULL,350,,,Massey University
D93CD115-CB87-464D-97FE-76A41E614E10,CaliforniaStateUniversityLongBeach,جامعة ولاية كاليفورنيا لونغ بيتش,California State University Long Beach,<p>Address: {{Description}}</p>,<p>Address: {{Description}}</p>,159,BC4FF43D-C0A2-4C29-B47F-88A728EC2509,https://www.csulb.edu/,{{Phone}},NULL,490,,,California State University Long Beach
3500996F-06AB-4968-BE23-F41B01905FE6,McgillUniversity,جامعة مكغيل,Mcgill University,<p>Address: {{Description}}</p>,<p>Address: {{Description}}</p>,719,8460877D-3973-4A88-8B26-F4397E2F1316,http://www.mcgill.ca/,{{Phone}},NULL,170,,,Mcgill University
EF5E4B25-3202-4731-A9A5-0DFAC9CF7F89,McmasterUniversity,جامعة ماكماستر,Mcmaster University,<p>Address: {{Description}}</p>,<p>Address: {{Description}}</p>,720,8460877D-3973-4A88-8B26-F4397E2F1316,http://www.mcmaster.ca/,{{Phone}},NULL,216,,,Mcmaster University
19480E01-21FE-46A6-A6CF-22062DD13ADF,MedicalUniversityofGraz,جامعة غراتس الطبية,Medical University of Graz,<p>Address: {{Description}}</p>,<p>Address: {{Description}}</p>,721,BC04E008-3F0A-43AA-A4F2-2DB917054D97,NULL,{{Phone}},NULL,3340,,,Medical University of Graz
B9EB8FBD-046A-4785-AE61-1F5C12EB1D63,CaliforniaStateUniversityLosAngeles,"جامعة ولاية كاليفورنيا، لوس أنجلوس",California State University - Los Angeles,<p>Address: {{Description}}</p>,<p>Address: {{Description}}</p>,160,BC4FF43D-C0A2-4C29-B47F-88A728EC2509,NULL,{{Phone}},NULL,855,,,California State University - Los Angeles
77BAE37D-72A5-4EBF-B9D8-1A8BD1D0D135,MedicalUniversityofVienna,جامعة فيينا الطبية,Medical University of Vienna,<p>Address: {{Description}}</p>,<p>Address: {{Description}}</p>,723,BC04E008-3F0A-43AA-A4F2-2DB917054D97,NULL,{{Phone}},NULL,3338,,,Medical University of Vienna
FE0274AC-BB7A-4056-B282-BD7CEB7A608B,MedipolunvIstanbul,جامعة اسطنبول ميديبول,Medipol unv-Istanbul,<p>Address: {{Description}}</p>,<p>Address: {{Description}}</p>,724,4BF7C691-B2AE-4D6A-B934-8ECA5F2177B2,NULL,{{Phone}},NULL,4609,,,Medipol unv-Istanbul
F0EF2C06-9EF5-42C6-9F5C-471023ABC82B,MedizinischeHochschuleHannover,المدرسة الطبية بهانوفر,Medizinische Hochschule Hannover,<p>Address: {{Description}}</p>,<p>Address: {{Description}}</p>,725,B6929437-CF78-40FE-B9EF-6AF0F35AE3D1,NULL,{{Phone}},NULL,4383,,,Medizinische Hochschule Hannover
D12E9CD7-424F-4911-9B3F-AB9EC6636425,MemorialUniversityofNewfoundland,جامعة ميموريال في نيوفاوندلاند,Memorial University of Newfoundland,<p>Address: {{Description}}</p>,<p>Address: {{Description}}</p>,726,8460877D-3973-4A88-8B26-F4397E2F1316,http://www.mun.ca/,{{Phone}},NULL,1331,,,Memorial University of Newfoundland
3CA7A2E5-B83B-40D9-A6D9-9AA387866085,CaliforniaStateUniversityNorthridge,"جامعة ولاية كاليفورنيا، نورثريدج",California State University – Northridge,<p>Address: {{Description}}</p>,<p>Address: {{Description}}</p>,161,BC4FF43D-C0A2-4C29-B47F-88A728EC2509,NULL,{{Phone}},NULL,2020,,,California State University – Northridge
F32A1A10-2C52-4516-973E-FA8744E9F4F2,MGIMOUniversity,جامعة إم جي آي إم أو,MGIMO University,<p>Address: {{Description}}</p>,<p>Address: {{Description}}</p>,728,6BD31142-3A12-474E-A48B-973BE400F1A7,NULL,{{Phone}},NULL,4438,,,MGIMO University
3AF82A93-D762-4021-ACD5-038E3111EECC,CaliforniaStateUniversitySanBernardino,"جامعة ولاية كاليفورنيا، سان برناردينو",California State University - San Bernardino,<p>Address: {{Description}}</p>,<p>Address: {{Description}}</p>,162,BC4FF43D-C0A2-4C29-B47F-88A728EC2509,NULL,{{Phone}},NULL,2074,,,California State University - San Bernardino
13C98303-3F8C-46E3-AC99-CB68165A1A4B,CaliforniaStateUniversitySanMarkos,جامعة ولاية كاليفورنيا - سان ماركوس,California State University SanMarkos,<p>Address: {{Description}}</p>,<p>Address: {{Description}}</p>,163,BC4FF43D-C0A2-4C29-B47F-88A728EC2509,NULL,{{Phone}},NULL,2075,,,California State University SanMarkos
C166E758-3B7D-4684-B411-20D122B54004,CambridgeSchool,مدرسة كامبريدج,Cambridge School,<p>Address: {{Description}}</p>,<p>Address: {{Description}}</p>,164,BC4FF43D-C0A2-4C29-B47F-88A728EC2509,NULL,{{Phone}},NULL,491,,,Cambridge School
59869BB4-DA3E-471B-88D8-2FBA50D2B7D6,CampbellUniversity,جامعة كامبل,Campbell University,<p>Address: {{Description}}</p>,<p>Address: {{Description}}</p>,165,BC4FF43D-C0A2-4C29-B47F-88A728EC2509,http://www.campbell.edu/,{{Phone}},NULL,3698,,,Campbell University
E9E808C6-A6C9-44E4-828B-B71E36A6C141,CareerOneStop,مركز وظائف كاريير ون ستوب,CareerOneStop,<p>Address: {{Description}}</p>,<p>Address: {{Description}}</p>,171,BC4FF43D-C0A2-4C29-B47F-88A728EC2509,NULL,{{Phone}},NULL,4545,,,CareerOneStop
18F33111-D491-4AA9-A174-43B0009553D8,MiddleEastTechnicalUniversity,جامعة الشرق الأوسط التقنية,Middle East Technical University,<p>Address: {{Description}}</p>,<p>Address: {{Description}}</p>,734,4BF7C691-B2AE-4D6A-B934-8ECA5F2177B2,www.metu.edu.tr/,{{Phone}},NULL,2280,,,Middle East Technical University
A54E77C3-2EF1-4B45-9CDC-2BB0B79C34B6,CarnegieMellonUniversity,جامعة كارنيجي ميلون,Carnegie Mellon University,<p>Address: {{Description}}</p>,<p>Address: {{Description}}</p>,174,BC4FF43D-C0A2-4C29-B47F-88A728EC2509,http://www.cmu.edu/,{{Phone}},NULL,48,,,Carnegie Mellon University
3FB71DED-BDB8-4A3D-B4F7-C677030100A9,CaseSchoolofDentalMedicine,مدرسة كيس لطب الأسنان,Case School of Dental Medicine,<p>Address: {{Description}}</p>,<p>Address: {{Description}}</p>,176,BC4FF43D-C0A2-4C29-B47F-88A728EC2509,NULL,{{Phone}},NULL,493,,,Case School of Dental Medicine
0E79D77C-A134-4348-A999-DD48D6BC5EA7,CaseWesternReserveUniversity,جامعة كيس ويسترن ريزيرف,Case Western Reserve University,<p>Address: {{Description}}</p>,<p>Address: {{Description}}</p>,177,BC4FF43D-C0A2-4C29-B47F-88A728EC2509,http://www.cwru.edu/,{{Phone}},NULL,238,,,Case Western Reserve University
B5D2AB36-8A8E-4C44-B050-A6CA80CE73D8,CentralMichiganUniversity,جامعة سنترال ميتشيغان,Central Michigan University,<p>Address: {{Description}}</p>,<p>Address: {{Description}}</p>,189,BC4FF43D-C0A2-4C29-B47F-88A728EC2509,http://www.cmich.edu/,{{Phone}},NULL,2780,,,Central Michigan University
156B0554-6188-4EC0-83E8-297D1A4DF2C2,Chaffeycollege,كلية شافي العامة,Chaffey college,<p>Address: {{Description}}</p>,<p>Address: {{Description}}</p>,201,BC4FF43D-C0A2-4C29-B47F-88A728EC2509,NULL,{{Phone}},NULL,1836,,,Chaffey college
164AAFB0-A406-43CF-AF8F-E50E04180C0C,ChapmanUniversity,جامعة تشابمان,Chapman University,<p>Address: {{Description}}</p>,<p>Address: {{Description}}</p>,204,BC4FF43D-C0A2-4C29-B47F-88A728EC2509,http://www.chapman.edu/,{{Phone}},NULL,3694,,,Chapman University
EC95AE6F-5F27-42F4-9EDB-016927EB8B95,MohammedAlkamssUniversity,جامعة محمد الخامس,Mohammed Al-kamss University,<p>Address: {{Description}}</p>,<p>Address: {{Description}}</p>,741,A111717E-8D29-46F4-A816-1DC0325517F2,NULL,{{Phone}},NULL,564,,,Mohammed Al-kamss University
E22F3A9E-DFBE-45D1-839E-13DEAC91514D,CityUniversityNewYorkCityCollege,جامعة مدينة نيويورك - كلية المدينة,"City University New York, City College",<p>Address: {{Description}}</p>,<p>Address: {{Description}}</p>,220,BC4FF43D-C0A2-4C29-B47F-88A728EC2509,NULL,{{Phone}},NULL,431,,,"City University New York, City College"
3CAEB61F-9A03-4963-85A9-82EE6680BCFE,ClarkCollege,كلية كلارك,Clark College,<p>Address: {{Description}}</p>,<p>Address: {{Description}}</p>,223,BC4FF43D-C0A2-4C29-B47F-88A728EC2509,NULL,{{Phone}},NULL,2326,,,Clark College
BB87A642-C2B1-4FCF-9C92-06E41FA27E73,ClarksonUniversity,جامعة كلاركسون,Clarkson University,<p>Address: {{Description}}</p>,<p>Address: {{Description}}</p>,224,BC4FF43D-C0A2-4C29-B47F-88A728EC2509,http://www.clarkson.edu/,{{Phone}},NULL,2784,,,Clarkson University
1477075B-F0EC-4A77-B821-4DF5886F69F6,ClarkUniversity,جامعة كلارك,Clark University,<p>Address: {{Description}}</p>,<p>Address: {{Description}}</p>,225,BC4FF43D-C0A2-4C29-B47F-88A728EC2509,http://www.clarku.edu/,{{Phone}},NULL,195,,,Clark University
1412F75F-5488-44C9-8A0F-A2E998EE2D4E,ClemsonUniversity,جامعة كليمسون,Clemson University,<p>Address: {{Description}}</p>,<p>Address: {{Description}}</p>,226,BC4FF43D-C0A2-4C29-B47F-88A728EC2509,http://www.clemson.edu/,{{Phone}},NULL,85,,,Clemson University
04F83AFD-F1D9-4572-9159-17E212ACD621,MoscowCityUniversity,جامعة موسكو الحكومية,Moscow City University,<p>Address: {{Description}}</p>,<p>Address: {{Description}}</p>,747,6BD31142-3A12-474E-A48B-973BE400F1A7,NULL,{{Phone}},NULL,4405,,,Moscow City University
C87C5A59-7A18-409C-BE7A-19AA9175E20D,MoscowInstituteofPhysicsandTechnologyMIPTMoscowPhystech,معهد موسكو للفيزياء والتكنولوجيا,Moscow Institute of Physics and Technology (MIPT / Moscow Phystech),<p>Address: {{Description}}</p>,<p>Address: {{Description}}</p>,748,6BD31142-3A12-474E-A48B-973BE400F1A7,NULL,{{Phone}},NULL,4368,,,Moscow Institute of Physics and Technology (MIPT / Moscow Phystech)
42D55967-C05F-4705-98BC-E11742BFA29D,MoscowPedagogicalStateUniversity,جامعة موسكو التربوية الحكومية,Moscow Pedagogical State University,<p>Address: {{Description}}</p>,<p>Address: {{Description}}</p>,749,6BD31142-3A12-474E-A48B-973BE400F1A7,NULL,{{Phone}},NULL,4406,,,Moscow Pedagogical State University
A67B2020-8492-4176-98F2-966C784C5A7E,MoscowStateTechnicalUniversityofCivilAviationMSTUCA,جامعة موسكو الحكومية للتقنية في الطيران المدني,Moscow State Technical University of Civil Aviation (MSTUCA),<p>Address: {{Description}}</p>,<p>Address: {{Description}}</p>,750,6BD31142-3A12-474E-A48B-973BE400F1A7,NULL,{{Phone}},NULL,4572,,,Moscow State Technical University of Civil Aviation (MSTUCA)
DC486D23-0A50-46C1-893E-959629CBD983,MurdochUniversity,جامعة مردوخ,Murdoch University,<p>Address: {{Description}}</p>,<p>Address: {{Description}}</p>,751,6E24A731-2BBB-4725-9084-2225987A78DF,www.murdoch.edu.au/,{{Phone}},NULL,1287,,,Murdoch University
ADB297C6-0EF9-4AAD-8457-BFA36BA52C06,MusashinoUniversity,جامعة موساشينو,Musashino University,<p>Address: {{Description}}</p>,<p>Address: {{Description}}</p>,752,075E0DF0-A9BD-4C34-B089-95FF2D4D2A8A,NULL,{{Phone}},NULL,4479,,,Musashino University
1682CDD7-517F-4148-B565-93F64FA334C7,NagoyaUniversity,جامعة ناغويا,Nagoya University,<p>Address: {{Description}}</p>,<p>Address: {{Description}}</p>,753,075E0DF0-A9BD-4C34-B089-95FF2D4D2A8A,http://www.nagoya-u.ac.jp/,{{Phone}},NULL,342,,,Nagoya University
7923CB39-A85F-4093-A8E0-0160E8BD3E44,NanjingUniversity,جامعة نانجينغ,Nanjing University,<p>Address: {{Description}}</p>,<p>Address: {{Description}}</p>,754,FFC985AF-DE1D-4346-9536-42391A71E6AD,www.nju.edu.cn,{{Phone}},NULL,3189,,,Nanjing University
C0125C12-9F86-493D-A85F-4EA40BB836D8,NankaiUniversity,جامعة نانكاي,Nankai University,<p>Address: {{Description}}</p>,<p>Address: {{Description}}</p>,755,FFC985AF-DE1D-4346-9536-42391A71E6AD,nankai.edu.cn,{{Phone}},NULL,3184,,,Nankai University
F2208318-065B-4DBF-A470-B356727DADBC,NanyangTechnologicalUniversity,جامعة نانيانغ التكنولوجية,Nanyang Technological University,<p>Address: {{Description}}</p>,<p>Address: {{Description}}</p>,756,58286C02-DAD5-4875-95D3-58D4EF25A9E0,www.ntu.edu.sg/,{{Phone}},NULL,1297,,,Nanyang Technological University
EEE672F6-D3D3-4D33-8206-1087358D9E4D,NationalAndKapodistrianUniversityofAthens,جامعة أثينا الوطنية وكابوديستريان,National And Kapodistrian University of Athens,<p>Address: {{Description}}</p>,<p>Address: {{Description}}</p>,757,B55EDF93-7C58-4DA9-BC35-98370A55FABE,en.uoa.gr/,{{Phone}},NULL,3324,,,National And Kapodistrian University of Athens
95ED6037-C1C0-4D3C-BFE0-C1FB3D86E1E9,NationalAutonomousUniversityofMexico,الجامعة الوطنية المستقلة في المكسيك,National Autonomous University of Mexico,<p>Address: {{Description}}</p>,<p>Address: {{Description}}</p>,758,8B3ABB14-F108-4241-A8DA-9DE24D53B14A,NULL,{{Phone}},NULL,3318,,,National Autonomous University of Mexico
D2FAF8C4-2F19-4405-9C13-F5AB107A65F0,NationalChengchiUniversity,جامعة تشينجتشي الوطنية,National Chengchi University,<p>Address: {{Description}}</p>,<p>Address: {{Description}}</p>,759,6AE9B94A-D9EB-42AA-881E-424F839324E9,NULL,{{Phone}},NULL,4444,,,National Chengchi University
BBD4F02C-42DB-428A-B3C7-BA217EBC816D,NationalChengKungUniversity,جامعة تشينغ كونغ الوطنية,National Cheng Kung University,<p>Address: {{Description}}</p>,<p>Address: {{Description}}</p>,760,6AE9B94A-D9EB-42AA-881E-424F839324E9,NULL,{{Phone}},NULL,3308,,,National Cheng Kung University
F5B62042-B137-4969-AC65-684F6A51B694,NationalCollegeofArtandDesign,الكلية الوطنية للفنون والتصميم – أيرلندا,National College of Art and Design,<p>Address: {{Description}}</p>,<p>Address: {{Description}}</p>,761,A42C4BB8-05C4-43C2-92C4-8FDC2148A4E9,NULL,{{Phone}},NULL,4472,,,National College of Art and Design
720751B0-C7CD-4AEB-BB0B-D0276EF30986,NationalInstituteforVocationalEducationandTrainingNIVT,المعهد الوطني للتعليم والتدريب المهني,National Institute for Vocational Education and Training (NIVT),<p>Address: {{Description}}</p>,<p>Address: {{Description}}</p>,762,0C296880-4F70-452A-987E-723E428B63EB,NULL,{{Phone}},NULL,4536,,,National Institute for Vocational Education and Training (NIVT)
25A4CA5E-7124-45D3-86AB-7DFDD042B4AC,NationalInstituteofDesignIndia,المعهد الوطني للتصميم – الهند,"National Institute of Design, India",<p>Address: {{Description}}</p>,<p>Address: {{Description}}</p>,763,0C296880-4F70-452A-987E-723E428B63EB,NULL,{{Phone}},NULL,4471,,,"National Institute of Design, India"
01E13BE9-37A5-49B5-9FFD-AE5481064281,NationalInstituteofFashionTechnologyNIFT,المعهد الوطني لتكنولوجيا الموضة,National Institute of Fashion Technology (NIFT),<p>Address: {{Description}}</p>,<p>Address: {{Description}}</p>,764,0C296880-4F70-452A-987E-723E428B63EB,National Institute of Fashion Technology (NIFT),{{Phone}},NULL,4559,,,National Institute of Fashion Technology (NIFT)
558205EA-15EB-4C17-BE35-7E382253B130,NationalInstituteofTechnicalTeachersTrainingandResearchNITTTR,المعهد الوطني لتدريب معلمي التقنية والبحث,National Institute of Technical Teachers' Training and Research (NITTTR),<p>Address: {{Description}}</p>,<p>Address: {{Description}}</p>,765,0C296880-4F70-452A-987E-723E428B63EB,NULL,{{Phone}},NULL,4560,,,National Institute of Technical Teachers' Training and Research (NITTTR)
659B4D9D-5F30-484F-B578-7EC8A114D3F7,NationalKaohsiungUniversityofHospitalityandTourismNKUHT,جامعة كاوشيونغ الوطنية للسياحة والفندقة,National Kaohsiung University of Hospitality and Tourism (NKUHT),<p>Address: {{Description}}</p>,<p>Address: {{Description}}</p>,766,6AE9B94A-D9EB-42AA-881E-424F839324E9,NULL,{{Phone}},NULL,4552,,,National Kaohsiung University of Hospitality and Tourism (NKUHT)
02F3519A-12F1-4619-A899-98885C12575E,NationalResearchNuclearUniversityMEPhIMoscowEngineeringPhysicsInstitute,الجامعة الوطنية للأبحاث النووية ميفي,National Research Nuclear University MEPhI (Moscow Engineering Physics Institute),<p>Address: {{Description}}</p>,<p>Address: {{Description}}</p>,767,6BD31142-3A12-474E-A48B-973BE400F1A7,NULL,{{Phone}},NULL,4369,,,National Research Nuclear University MEPhI (Moscow Engineering Physics Institute)
3E5BE44F-4254-4D0F-87BB-C81F4B7E2743,NationalResearchTomskPolytechnicUniversity,جامعة تومسك البوليتكنيكية,National Research Tomsk Polytechnic University,<p>Address: {{Description}}</p>,<p>Address: {{Description}}</p>,768,6BD31142-3A12-474E-A48B-973BE400F1A7,NULL,{{Phone}},NULL,4370,,,National Research Tomsk Polytechnic University
4E346B2F-17BE-41D2-8090-B8AB8AF8DC9D,NationalSkillDevelopmentCorporationNSDC,مؤسسة تطوير المهارات الوطنية,National Skill Development Corporation (NSDC),<p>Address: {{Description}}</p>,<p>Address: {{Description}}</p>,769,0C296880-4F70-452A-987E-723E428B63EB,NULL,{{Phone}},NULL,4561,,,National Skill Development Corporation (NSDC)
748549BD-3664-42F0-97C5-8A0C6DC50792,NationalSunYatsenUniversity,جامعة صن يات صن الوطنية,National Sun Yat-sen University,<p>Address: {{Description}}</p>,<p>Address: {{Description}}</p>,770,6AE9B94A-D9EB-42AA-881E-424F839324E9,NULL,{{Phone}},NULL,4407,,,National Sun Yat-sen University
BF8C0D73-C6AD-4BF8-A2B2-6A3153E7C136,NationalTaipeiUniversityofTechnology,جامعة تايبيه الوطنية للتكنولوجيا,National Taipei University of Technology,<p>Address: {{Description}}</p>,<p>Address: {{Description}}</p>,771,6AE9B94A-D9EB-42AA-881E-424F839324E9,NULL,{{Phone}},NULL,4378,,,National Taipei University of Technology
5AC99BE8-2022-4712-8CCF-BA8C17F4D6AD,NationalTaiwanNormalUniversity,الجامعة الوطنية التايوانية العادية,National Taiwan Normal University,<p>Address: {{Description}}</p>,<p>Address: {{Description}}</p>,772,6AE9B94A-D9EB-42AA-881E-424F839324E9,NULL,{{Phone}},NULL,4408,,,National Taiwan Normal University
A13AA58B-662F-40CD-A265-3B8A9134C933,NationalTaiwanUniversity,جامعة تايوان الوطنية,National Taiwan University,<p>Address: {{Description}}</p>,<p>Address: {{Description}}</p>,773,6AE9B94A-D9EB-42AA-881E-424F839324E9,NULL,{{Phone}},NULL,361,,,National Taiwan University
44B20A71-763D-409E-B247-53D8CF59026A,NationalTaiwanUniversityofScienceandTechnology,جامعة تايوان الوطنية للعلوم والتكنولوجيا,National Taiwan University of Science and Technology,<p>Address: {{Description}}</p>,<p>Address: {{Description}}</p>,774,6AE9B94A-D9EB-42AA-881E-424F839324E9,NULL,{{Phone}},NULL,4379,,,National Taiwan University of Science and Technology
34E1B966-6C41-4DA1-8576-369840306174,NationalTechnicalUniversityofAthens,الجامعة التقنية الوطنية في أثينا,National Technical University of Athens,<p>Address: {{Description}}</p>,<p>Address: {{Description}}</p>,775,B55EDF93-7C58-4DA9-BC35-98370A55FABE,www.ntua.gr/index_en.html,{{Phone}},NULL,3799,,,National Technical University of Athens
B4E0EC1A-3025-475F-8722-ED563D602C6A,NationalTsingHuaUniversity,جامعة تسينغ هوا الوطنية,National Tsing Hua University,<p>Address: {{Description}}</p>,<p>Address: {{Description}}</p>,776,6AE9B94A-D9EB-42AA-881E-424F839324E9,NULL,{{Phone}},NULL,3309,,,National Tsing Hua University
EF458AE4-FE52-4BFF-A08A-CF8F2ED24A76,ClevelandStateUniversity,جامعة ولاية كليفلاند,Cleveland State University,<p>Address: {{Description}}</p>,<p>Address: {{Description}}</p>,227,BC4FF43D-C0A2-4C29-B47F-88A728EC2509,NULL,{{Phone}},NULL,497,,,Cleveland State University
2C83C3DF-D538-4321-A870-1337DC9DFAF8,NationalUniversityofIrelandGalway,جامعة غالواي العامة,"National University of Ireland, Galway",<p>Address: {{Description}}</p>,<p>Address: {{Description}}</p>,778,A42C4BB8-05C4-43C2-92C4-8FDC2148A4E9,www.nuigalway.ie/,{{Phone}},NULL,3779,,,"National University of Ireland, Galway"
C5DF1084-1923-4CC6-BE3E-FF002CAD9A43,NationalUniversityofIrelandMaynooth,National University of Ireland Maynooth,National University of Ireland Maynooth,,,779,A42C4BB8-05C4-43C2-92C4-8FDC2148A4E9,,,,4923,,,National University of Ireland Maynooth
A0975D69-3411-49A7-B9A3-A9793B696F16,NationalUniversityofSciencesAndTechnologyNUSTIslamabad,الجامعة الوطنية للعلوم والتقنية - إسلام آباد,National University of Sciences And Technology (NUST) Islamabad,<p>Address: {{Description}}</p>,<p>Address: {{Description}}</p>,780,9435AD15-1DC3-4AFF-B48F-FE85E6EC9FCD,NULL,{{Phone}},NULL,4364,,,National University of Sciences And Technology (NUST) Islamabad
AB83FDB9-A886-45F0-84DE-28814EEC2E71,NationalUniversityofSingapore,جامعة سنغافورة الوطنية,National University of Singapore,<p>Address: {{Description}}</p>,<p>Address: {{Description}}</p>,781,58286C02-DAD5-4875-95D3-58D4EF25A9E0,www.nus.edu.sg/,{{Phone}},NULL,132,,,National University of Singapore
D53A1DF5-221D-4C6C-AF67-28FFE5A30BC4,NationalYangMingChiaoTungUniversity,جامعة يانغ مينغ تشياو تونغ الوطنية,National Yang Ming Chiao Tung University,<p>Address: {{Description}}</p>,<p>Address: {{Description}}</p>,782,6AE9B94A-D9EB-42AA-881E-424F839324E9,NULL,{{Phone}},NULL,3312,,,National Yang Ming Chiao Tung University
552252A8-C8E4-43DD-8630-6E2A428B0780,CollegeofWilliamandMaryVA,كلية ويليام وماري,College of William and Mary (VA),<p>Address: {{Description}}</p>,<p>Address: {{Description}}</p>,243,BC4FF43D-C0A2-4C29-B47F-88A728EC2509,NULL,{{Phone}},NULL,1372,,,College of William and Mary (VA)
84059264-FAA1-436B-BCCA-2770DC11AABE,coloradoschoolofenglish,مدرسة كولورادو لتعليم اللغة الإنجليزية,colorado school of english,<p>Address: {{Description}}</p>,<p>Address: {{Description}}</p>,244,BC4FF43D-C0A2-4C29-B47F-88A728EC2509,NULL,{{Phone}},NULL,2050,,,colorado school of english
41B05B15-B9A6-4ABF-BEE4-5357E0AB20D3,ColoradoStateUniversity,جامعة ولاية كولورادو,Colorado State University,<p>Address: {{Description}}</p>,<p>Address: {{Description}}</p>,245,BC4FF43D-C0A2-4C29-B47F-88A728EC2509,http://www.colostate.edu/,{{Phone}},NULL,1861,,,Colorado State University
1753B2E9-9823-47D3-93B0-02A61963206E,ColoradoStateUniversityPeublo,جامعة ولاية كولورادو - بويبلو,Colorado State University - Peublo,<p>Address: {{Description}}</p>,<p>Address: {{Description}}</p>,246,BC4FF43D-C0A2-4C29-B47F-88A728EC2509,NULL,{{Phone}},NULL,1236,,,Colorado State University - Peublo
DF1E1ABD-B142-42EE-9601-478F4DA7A831,ColoradoTechnicalUniversity,جامعة كولورادو التقنية,Colorado Technical University*,<p>Address: {{Description}}</p>,<p>Address: {{Description}}</p>,247,BC4FF43D-C0A2-4C29-B47F-88A728EC2509,NULL,{{Phone}},NULL,1742,,,Colorado Technical University*
4B4FE523-A3A2-4BC5-AEB8-6D2BB7BD0EBD,ColumbiaUniversity,جامعة كولومبيا,Columbia University,<p>Address: {{Description}}</p>,<p>Address: {{Description}}</p>,248,BC4FF43D-C0A2-4C29-B47F-88A728EC2509,http://www.columbia.edu/,{{Phone}},NULL,199,,,Columbia University
B0699CAC-93B9-445B-B5EA-A30B98F2BBA0,CommunitycollegeofDenver,كلية دنفر المجتمعية,Community college of Denver,<p>Address: {{Description}}</p>,<p>Address: {{Description}}</p>,249,BC4FF43D-C0A2-4C29-B47F-88A728EC2509,NULL,{{Phone}},NULL,1720,,,Community college of Denver
1C513DFC-47FB-4E6A-A5D1-2DDE67612D38,CornellCollegeIowa,كلية كورنيل,Cornell College (Iowa),<p>Address: {{Description}}</p>,<p>Address: {{Description}}</p>,255,BC4FF43D-C0A2-4C29-B47F-88A728EC2509,NULL,{{Phone}},NULL,1694,,,Cornell College (Iowa)
4A5773D2-922D-46CB-A5DD-A1DA74E0481A,CornellUniversity,جامعة كورنيل,Cornell University,<p>Address: {{Description}}</p>,<p>Address: {{Description}}</p>,256,BC4FF43D-C0A2-4C29-B47F-88A728EC2509,http://www.cornell.edu/,{{Phone}},NULL,1969,,,Cornell University
5DBF3951-9402-46C5-9993-1D718750C6B0,CranbrookAcademyofArt,أكاديمية كرانبروك للفنون,Cranbrook Academy of Art,<p>Address: {{Description}}</p>,<p>Address: {{Description}}</p>,259,BC4FF43D-C0A2-4C29-B47F-88A728EC2509,NULL,{{Phone}},NULL,2788,,,Cranbrook Academy of Art
3C42ACFD-91D9-4E42-85EE-D918E0CA4499,CreightonUniversity,جامعة كريتون,Creighton University,<p>Address: {{Description}}</p>,<p>Address: {{Description}}</p>,261,BC4FF43D-C0A2-4C29-B47F-88A728EC2509,http://www.creighton.edu/,{{Phone}},NULL,499,,,Creighton University
1F30832F-CF31-4D9F-A8CD-428A17882E41,CUNYBrooklynCollege,كلية بروكلين - جامعة مدينة نيويورك,"CUNY, Brooklyn College",<p>Address: {{Description}}</p>,<p>Address: {{Description}}</p>,264,BC4FF43D-C0A2-4C29-B47F-88A728EC2509,NULL,{{Phone}},NULL,2619,,,"CUNY, Brooklyn College"
02831FEC-1245-47BB-9035-D000A4C43FE5,CUNYJohnJayCollege,كلية جون جاي للعدالة الجنائية – جامعة مدينة نيويورك,CUNY-John Jay College,<p>Address: {{Description}}</p>,<p>Address: {{Description}}</p>,265,BC4FF43D-C0A2-4C29-B47F-88A728EC2509,NULL,{{Phone}},NULL,3465,,,CUNY-John Jay College
0A9C4019-D5DC-44DB-A740-540EECEC1434,DartmouthCollege,كلية دارتموث,Dartmouth College,<p>Address: {{Description}}</p>,<p>Address: {{Description}}</p>,271,BC4FF43D-C0A2-4C29-B47F-88A728EC2509,http://www.dartmouth.edu/,{{Phone}},NULL,242,,,Dartmouth College
B4BA55AD-1CB5-478B-9F02-6AE7A87E9DCA,DePaulUniversity,جامعة دي بول,DePaul University,<p>Address: {{Description}}</p>,<p>Address: {{Description}}</p>,277,BC4FF43D-C0A2-4C29-B47F-88A728EC2509,http://www.depaul.edu/,{{Phone}},NULL,2596,,,DePaul University
FC0D0BC8-CE8C-400A-8388-EA21F79D92E7,DevryUniversity,جامعة ديفراي,Devry University,<p>Address: {{Description}}</p>,<p>Address: {{Description}}</p>,280,BC4FF43D-C0A2-4C29-B47F-88A728EC2509,NULL,{{Phone}},NULL,1695,,,Devry University
CA6EBD49-1132-47AE-9104-2F0182A9E655,DiabloValleyCollege,كلية ديابلو فالي,Diablo Valley College*,<p>Address: {{Description}}</p>,<p>Address: {{Description}}</p>,281,BC4FF43D-C0A2-4C29-B47F-88A728EC2509,NULL,{{Phone}},NULL,1870,,,Diablo Valley College*
0116A522-7493-46C0-ACE0-79281166CB70,DrexelUniversity,جامعة دريكسيل,Drexel University,<p>Address: {{Description}}</p>,<p>Address: {{Description}}</p>,289,BC4FF43D-C0A2-4C29-B47F-88A728EC2509,http://www.drexel.edu/,{{Phone}},NULL,200,,,Drexel University
942DEA13-3D17-47CD-8474-33C4727C5895,DruryUniversity,جامعة دروري,Drury University,<p>Address: {{Description}}</p>,<p>Address: {{Description}}</p>,290,BC4FF43D-C0A2-4C29-B47F-88A728EC2509,http://www.drury.edu/,{{Phone}},NULL,3687,,,Drury University
D367F149-B215-4A0F-A919-9861900BD1C2,DukeUniversity,جامعة ديوك,Duke University,<p>Address: {{Description}}</p>,<p>Address: {{Description}}</p>,295,BC4FF43D-C0A2-4C29-B47F-88A728EC2509,http://www.duke.edu/,{{Phone}},NULL,288,,,Duke University
F0552465-0CB9-441D-85FE-AF200FAC7194,DuquesneUniversity,جامعة دوكين,Duquesne University*,<p>Address: {{Description}}</p>,<p>Address: {{Description}}</p>,296,BC4FF43D-C0A2-4C29-B47F-88A728EC2509,NULL,{{Phone}},NULL,1815,,,Duquesne University*
C3146877-30E2-4A09-8BD9-50C03E240E43,NorthwesternUniversityQatar,جامعة نورث ويسترن في قطر,"Northwestern University, Qatar",<p>Address: {{Description}}</p>,<p>Address: {{Description}}</p>,804,D1DF472C-5D2E-47DD-98AD-D5E693C5BA6F,NULL,{{Phone}},NULL,1462,,,"Northwestern University, Qatar"
9D7955D9-EBF7-4823-8E19-C1D1AB72DB0F,NorwegianUniversityofLifeSciences,جامعة العلوم الحياتية النرويجية,Norwegian University of Life Sciences,<p>Address: {{Description}}</p>,<p>Address: {{Description}}</p>,805,85122EE5-F1C5-4C11-86D0-583790DDA7F4,NULL,{{Phone}},NULL,4126,,,Norwegian University of Life Sciences
D37DC1AD-81B4-4B22-A42B-B4FF498D8B6D,NorwegianUniversityofScienceAndTechnology,الجامعة النرويجية للعلوم والتكنولوجيا,Norwegian University of Science And Technology,<p>Address: {{Description}}</p>,<p>Address: {{Description}}</p>,806,85122EE5-F1C5-4C11-86D0-583790DDA7F4,www.ntnu.edu/,{{Phone}},NULL,3259,,,Norwegian University of Science And Technology
05879AA2-612A-4CF4-B528-FA1B25CE2019,EastCarolinaUniversity,جامعة كارولاينا الشرقية,East Carolina University,<p>Address: {{Description}}</p>,<p>Address: {{Description}}</p>,299,BC4FF43D-C0A2-4C29-B47F-88A728EC2509,NULL,{{Phone}},NULL,2626,,,East Carolina University
0B0F732F-0038-4FB2-8A98-910E50F71C51,EasternFloridaStateCollege,كلية شرق فلوريدا الحكومية,Eastern Florida State College,<p>Address: {{Description}}</p>,<p>Address: {{Description}}</p>,301,BC4FF43D-C0A2-4C29-B47F-88A728EC2509,NULL,{{Phone}},NULL,4082,,,Eastern Florida State College
E9EE7C69-FA33-46CC-81E1-3E152FFBBA81,EasternKentuckyUniversity,جامعة كنتاكي الشرقية,Eastern Kentucky University,<p>Address: {{Description}}</p>,<p>Address: {{Description}}</p>,302,BC4FF43D-C0A2-4C29-B47F-88A728EC2509,NULL,{{Phone}},NULL,505,,,Eastern Kentucky University
1A766C1A-DF91-4E2E-8ADE-B0BE6CE623D4,EasternMichiganUniversity,جامعة ميشيغان الشرقية,Eastern Michigan University,<p>Address: {{Description}}</p>,<p>Address: {{Description}}</p>,305,BC4FF43D-C0A2-4C29-B47F-88A728EC2509,NULL,{{Phone}},NULL,506,,,Eastern Michigan University
89539263-39EE-48B1-A4E9-0A5A34A0388C,EasternWashingtonUniversity,جامعة شرق واشنطن,Eastern Washington University,<p>Address: {{Description}}</p>,<p>Address: {{Description}}</p>,306,BC4FF43D-C0A2-4C29-B47F-88A728EC2509,NULL,{{Phone}},NULL,507,,,Eastern Washington University
3EC2572A-822E-4811-9033-452D857F4307,NovosibirskStateUniversity,جامعة نوفوسيبيرسك الحكومية,Novosibirsk State University,<p>Address: {{Description}}</p>,<p>Address: {{Description}}</p>,812,6BD31142-3A12-474E-A48B-973BE400F1A7,NULL,{{Phone}},NULL,4371,,,Novosibirsk State University
A6B63C5F-3C37-4FA2-93B8-6A20703FDBE7,EdmondsCommunityCollege,كلية إدوموندز,Edmonds Community College,<p>Address: {{Description}}</p>,<p>Address: {{Description}}</p>,320,BC4FF43D-C0A2-4C29-B47F-88A728EC2509,NULL,{{Phone}},NULL,508,,,Edmonds Community College
0B6CD0D4-5EDF-4ADD-842B-CA78F288C81F,OCADUniversity,جامعة OCAD للفنون والتصميم,OCAD University,<p>Address: {{Description}}</p>,<p>Address: {{Description}}</p>,814,8460877D-3973-4A88-8B26-F4397E2F1316,NULL,{{Phone}},NULL,4449,,,OCAD University
2C72B39A-AD09-456F-B5A5-B190258677CB,EducationFirstInternationalLanguageSchools,مدرسة إي إف الدولية للغات,Education First International Language Schools*,<p>Address: {{Description}}</p>,<p>Address: {{Description}}</p>,322,BC4FF43D-C0A2-4C29-B47F-88A728EC2509,NULL,{{Phone}},NULL,1940,,,Education First International Language Schools*
72EC9D2B-2620-452C-B449-7D4266506EE9,EFInternationalLanguageCentre,مركز EF الدولي للغات,EF International Language Centre,<p>Address: {{Description}}</p>,<p>Address: {{Description}}</p>,332,BC4FF43D-C0A2-4C29-B47F-88A728EC2509,NULL,{{Phone}},NULL,3469,,,EF International Language Centre
E1977F2C-7F5D-41D5-817F-587A1318B3C5,EllisFischelCancerCenterUniversityofMissouri,مركز إليس فيشل بجامعة ميسوري,"Ellis Fischel Cancer Center, University of Missouri",<p>Address: {{Description}}</p>,<p>Address: {{Description}}</p>,344,BC4FF43D-C0A2-4C29-B47F-88A728EC2509,NULL,{{Phone}},NULL,510,,,"Ellis Fischel Cancer Center, University of Missouri"
F55F9C86-D39E-45A7-9569-93045560184F,EmbassyCESFlorida,إمباسي إنجلش - فلوريدا,Embassy CES - Florida,<p>Address: {{Description}}</p>,<p>Address: {{Description}}</p>,347,BC4FF43D-C0A2-4C29-B47F-88A728EC2509,NULL,{{Phone}},NULL,2160,,,Embassy CES - Florida
E8039DFD-88DE-40F9-9FC6-80A45CC8C8D2,EmbryRiddleAeronauticalUniversity,جامعة إمبري ريدل لعلوم الطيران,Embry-Riddle Aeronautical University,<p>Address: {{Description}}</p>,<p>Address: {{Description}}</p>,348,BC4FF43D-C0A2-4C29-B47F-88A728EC2509,www.erau.edu/,{{Phone}},NULL,3526,,,Embry-Riddle Aeronautical University
651504E6-394C-4650-A7FF-BBABB75ABB09,EmmanuelCollege,كلية إيمانويل,Emmanuel College,<p>Address: {{Description}}</p>,<p>Address: {{Description}}</p>,351,BC4FF43D-C0A2-4C29-B47F-88A728EC2509,NULL,{{Phone}},NULL,511,,,Emmanuel College
CD2CA461-B95F-4B02-B2C3-51651291F2C5,EmoryUniversity,جامعة إيموري,Emory University,<p>Address: {{Description}}</p>,<p>Address: {{Description}}</p>,352,BC4FF43D-C0A2-4C29-B47F-88A728EC2509,http://www.emory.edu/,{{Phone}},NULL,289,,,Emory University
830E1763-37C3-4D96-A46F-DD3D1257D9CA,OsakaUniversity,جامعة أوساكا,Osaka University,<p>Address: {{Description}}</p>,<p>Address: {{Description}}</p>,822,075E0DF0-A9BD-4C34-B089-95FF2D4D2A8A,http://www.osaka-u.ac.jp/,{{Phone}},NULL,346,,,Osaka University
FB6C34F2-FF32-442C-B56C-E5498EBC5D3B,OsloNationalAcademyoftheArts,الأكاديمية الوطنية للفنون في أوسلو,Oslo National Academy of the Arts,<p>Address: {{Description}}</p>,<p>Address: {{Description}}</p>,823,85122EE5-F1C5-4C11-86D0-583790DDA7F4,NULL,{{Phone}},NULL,4495,,,Oslo National Academy of the Arts
1C180819-90CE-43F1-A8BB-753D85EA33A9,OthersNotlisted,أخرى/غير مدرجة,Others/Not listed,<p>Address: {{Description}}</p>,<p>Address: {{Description}}</p>,824,E9EADE2E-16A5-464C-B193-4E69C0BB8E04,NULL,{{Phone}},NULL,3816,,,Others/Not listed
6A372F42-048F-4482-B0B6-239A13702831,EnglishLanguageInstitute,معهد اللغة الإنجليزية,English Language Institute,<p>Address: {{Description}}</p>,<p>Address: {{Description}}</p>,354,BC4FF43D-C0A2-4C29-B47F-88A728EC2509,NULL,{{Phone}},NULL,512,,,English Language Institute
CC005199-1BA4-4CB5-9233-21FE39F17E89,EpicAviationInc,أكاديمية إبيك للطيران,"Epic Aviation , Inc",<p>Address: {{Description}}</p>,<p>Address: {{Description}}</p>,357,BC4FF43D-C0A2-4C29-B47F-88A728EC2509,NULL,{{Phone}},NULL,1972,,,"Epic Aviation , Inc"
D7614575-B524-42C6-8842-3FBFED954A8A,ESLAcademy,أكاديمية إي إس إل,ESL Academy,<p>Address: {{Description}}</p>,<p>Address: {{Description}}</p>,362,BC4FF43D-C0A2-4C29-B47F-88A728EC2509,NULL,{{Phone}},NULL,3481,,,ESL Academy
CB6EB384-E333-485B-8F80-F7BB0279B2CA,FairleighDickinsonUniversity,جامعة فيرلي ديكنسون,Fairleigh Dickinson University,<p>Address: {{Description}}</p>,<p>Address: {{Description}}</p>,372,BC4FF43D-C0A2-4C29-B47F-88A728EC2509,NULL,{{Phone}},NULL,1811,,,Fairleigh Dickinson University
7C29129C-3B1E-4F8B-B1A6-0BCDCDCA8A18,FashionInstituteofTechnologyFITSUNY,"معهد الموضة والتكنولوجيا، جامعة ولاية نيويورك","Fashion Institute of Technology (FIT), SUNY",<p>Address: {{Description}}</p>,<p>Address: {{Description}}</p>,373,BC4FF43D-C0A2-4C29-B47F-88A728EC2509,NULL,{{Phone}},NULL,4520,,,"Fashion Institute of Technology (FIT), SUNY"
1A9A6623-A11A-43B1-804D-45466A4F2A20,ParisPontheonSorbonne,جامعة باريس 1 بانثيون سوربون,Paris 1 Pontheon Sorbonne,<p>Address: {{Description}}</p>,<p>Address: {{Description}}</p>,830,697C7D6B-6E81-416B-8F94-C01AE8A678E1,NULL,{{Phone}},NULL,1640,,,Paris 1 Pontheon Sorbonne
4DAF40BD-5AA2-488D-9C61-443E050F6FD9,FisherCollege,كلية فيشر,Fisher College,<p>Address: {{Description}}</p>,<p>Address: {{Description}}</p>,378,BC4FF43D-C0A2-4C29-B47F-88A728EC2509,NULL,{{Phone}},NULL,514,,,Fisher College
51F1C493-9CB8-4CA6-89A6-43A85AFB1BB7,PekingUniversity,جامعة بكين,Peking University,<p>Address: {{Description}}</p>,<p>Address: {{Description}}</p>,832,FFC985AF-DE1D-4346-9536-42391A71E6AD,www.pku.edu.cn,{{Phone}},NULL,334,,,Peking University
CF3BA81B-6585-41F1-A785-028A29AB6470,FloridaInstituteofTechnology,معهد فلوريدا للتكنولوجيا,Florida Institute of Technology,<p>Address: {{Description}}</p>,<p>Address: {{Description}}</p>,381,BC4FF43D-C0A2-4C29-B47F-88A728EC2509,http://www.fit.edu/,{{Phone}},NULL,515,,,Florida Institute of Technology
D3C0AD6C-3E37-408D-B937-85945F7D5A78,FloridaInternationalUniversity,جامعة فلوريدا الدولية,Florida International University,<p>Address: {{Description}}</p>,<p>Address: {{Description}}</p>,382,BC4FF43D-C0A2-4C29-B47F-88A728EC2509,NULL,{{Phone}},NULL,516,,,Florida International University
D04387BE-6A08-40B5-8A08-53832210EAF8,PetertheGreatStPetersburgPolytechnicUniversity,جامعة سانت بطرسبرغ التقنية,Peter the Great St. Petersburg Polytechnic University,<p>Address: {{Description}}</p>,<p>Address: {{Description}}</p>,835,6BD31142-3A12-474E-A48B-973BE400F1A7,NULL,{{Phone}},NULL,4372,,,Peter the Great St. Petersburg Polytechnic University
DD0EC8BF-7678-424F-A332-D61D688B60F6,PhiladelphiaUniversity,جامعة فيلادلفيا,Philadelphia University,<p>Address: {{Description}}</p>,<p>Address: {{Description}}</p>,836,10764C65-F3FD-469D-8849-7171F7CD4024,NULL,{{Phone}},NULL,576,,,Philadelphia University
C40D671E-CE7A-46DC-8EB1-9A4779EFE0FD,FloridaStateUniversity,جامعة ولاية فلوريدا,Florida State University,<p>Address: {{Description}}</p>,<p>Address: {{Description}}</p>,383,BC4FF43D-C0A2-4C29-B47F-88A728EC2509,http://www.fsu.edu/,{{Phone}},NULL,3492,,,Florida State University
F5644AE6-ECB6-49EB-B58D-1B2D31F909A8,PlekhanovRussianUniversityofEconomics,جامعة بليخانوف الروسية للاقتصاد,Plekhanov Russian University of Economics,<p>Address: {{Description}}</p>,<p>Address: {{Description}}</p>,838,6BD31142-3A12-474E-A48B-973BE400F1A7,NULL,{{Phone}},NULL,4439,,,Plekhanov Russian University of Economics
A85B11B8-F1D3-4CF7-AAFA-87E00E66B057,FordhamUniversity,جامعة فوردهم,Fordham University,<p>Address: {{Description}}</p>,<p>Address: {{Description}}</p>,384,BC4FF43D-C0A2-4C29-B47F-88A728EC2509,http://www.fordham.edu/,{{Phone}},NULL,290,,,Fordham University
726BFBE0-AB21-45ED-B08C-25A956B36D5C,PohangUniversityofScienceAndTechnology,جامعة بوهنغ للعلوم والتكنولوجيا,Pohang University of Science And Technology,<p>Address: {{Description}}</p>,<p>Address: {{Description}}</p>,840,4EC45433-C178-4920-91B5-51459C956B21,www.postech.ac.kr/,{{Phone}},NULL,3278,,,Pohang University of Science And Technology
815B1F6D-5800-473F-990E-D5943F649C4B,PolitecnicoDiMilano,جامعة البوليتكنيك في ميلانو,Politecnico Di Milano,<p>Address: {{Description}}</p>,<p>Address: {{Description}}</p>,841,8EA4214D-3BBC-4296-9CC0-8873A293313C,www.polimi.it/en/,{{Phone}},NULL,3199,,,Politecnico Di Milano
F58A1B7E-0AE5-40C5-9DB3-75F1D8041AC0,PolitecnicoDiTorino,بوليتكنيك تورينو,Politecnico Di Torino,<p>Address: {{Description}}</p>,<p>Address: {{Description}}</p>,842,8EA4214D-3BBC-4296-9CC0-8873A293313C,www.polito.it/,{{Phone}},NULL,3777,,,Politecnico Di Torino
BEF06B56-46E5-47D2-B84D-F9721195C590,PoliteknikNegeriBandungStatePolytechnicofBandung,البوليتكنيك الحكومي في باندونغ,Politeknik Negeri Bandung (State Polytechnic of Bandung),<p>Address: {{Description}}</p>,<p>Address: {{Description}}</p>,843,C6887CE4-4FB8-4F32-8B6C-C3E537A85E7D,NULL,{{Phone}},NULL,4562,,,Politeknik Negeri Bandung (State Polytechnic of Bandung)
0A46E843-E31F-4A30-89CF-5C8CFBCF4C6D,PolytechnicInstituteofPortoIPP,معهد بورتو التقني,Polytechnic Institute of Porto (IPP),<p>Address: {{Description}}</p>,<p>Address: {{Description}}</p>,844,834E31D6-3358-46FD-AFBD-453E237358D2,NULL,{{Phone}},NULL,4570,,,Polytechnic Institute of Porto (IPP)
1DBAFE33-637A-4309-BD70-1DE0F1A9E9C5,PolytechnicUniversityofValenciaUniversitatPolitcnicadeValncia,جامعة فالنسيا التقنية,Polytechnic University of Valencia (Universitat Politècnica de València),<p>Address: {{Description}}</p>,<p>Address: {{Description}}</p>,845,F0FABF42-8D0C-4BAA-8535-7D3FA80FA2D6,NULL,{{Phone}},NULL,4605,,,Polytechnic University of Valencia (Universitat Politècnica de València)
6DA7C5E1-3E10-45BA-911C-97F3AEE6454A,PontifciaUniversidadeCatlicadoRiodeJaneiro,الجامعة البابوية الكاثوليكية بريو دي جانيرو,Pontifícia Universidade Católica do Rio de Janeiro,<p>Address: {{Description}}</p>,<p>Address: {{Description}}</p>,846,1C3C12AF-0A4B-49C2-94D0-76A1FE46A634,NULL,{{Phone}},NULL,4416,,,Pontifícia Universidade Católica do Rio de Janeiro
389CFF71-AC4E-4C92-8152-C41695ACDFAA,PontificiaUniversidadCatlicadeChileUC,الجامعة البابوية الكاثوليكية في تشيلي,Pontificia Universidad Católica de Chile (UC),<p>Address: {{Description}}</p>,<p>Address: {{Description}}</p>,847,B92EDE6E-AF53-43EE-9194-9A3DA68BB989,NULL,{{Phone}},NULL,4337,,,Pontificia Universidad Católica de Chile (UC)
FCA26271-67E9-4A13-A060-63D8C3CA2397,PontificiaUniversidadCatlicadeValparaso,الجامعة البابوية الكاثوليكية في فالبارايسو,Pontificia Universidad Católica de Valparaíso,<p>Address: {{Description}}</p>,<p>Address: {{Description}}</p>,848,B92EDE6E-AF53-43EE-9194-9A3DA68BB989,NULL,{{Phone}},NULL,4600,,,Pontificia Universidad Católica de Valparaíso
74D4839F-985E-4495-8131-FFCE38A6D81C,PontificiaUniversidadCatolicadelPeru,الجامعة البابوية الكاثوليكية في بيرو,Pontificia Universidad Catolica del Peru,<p>Address: {{Description}}</p>,<p>Address: {{Description}}</p>,849,E7002341-D72D-4DFC-9D94-56903214F408,NULL,{{Phone}},NULL,4424,,,Pontificia Universidad Catolica del Peru
CADC3A1E-9AE3-46C2-A665-9A0A7EE6CD42,PontificiaUniversidadJaveriana,الجامعة البابوية خافريانا,Pontificia Universidad Javeriana,<p>Address: {{Description}}</p>,<p>Address: {{Description}}</p>,850,51FBB47E-4D01-4317-99F0-521CCE11F88E,NULL,{{Phone}},NULL,4392,,,Pontificia Universidad Javeriana
F79DCB12-7DE3-42FD-A1BE-12B2AEA16918,PortabelloCollegeDublin,معهد بورتابيلا,"Portabello College, Dublin",<p>Address: {{Description}}</p>,<p>Address: {{Description}}</p>,851,A42C4BB8-05C4-43C2-92C4-8FDC2148A4E9,NULL,{{Phone}},NULL,579,,,"Portabello College, Dublin"
AB2DD856-95DC-41F8-8300-E5E48D78E2BB,FordhamUniversityTheJesuitNewYork,جامعة فوردهم,Fordham University  The Jesuit New York,<p>Address: {{Description}}</p>,<p>Address: {{Description}}</p>,385,BC4FF43D-C0A2-4C29-B47F-88A728EC2509,NULL,{{Phone}},NULL,1816,,,Fordham University  The Jesuit New York
101BBBA4-31AA-4B76-89C5-E793D6D73094,FranklinUniversity,جامعة فرانكلين,Franklin University*,<p>Address: {{Description}}</p>,<p>Address: {{Description}}</p>,387,BC4FF43D-C0A2-4C29-B47F-88A728EC2509,NULL,{{Phone}},NULL,1679,,,Franklin University*
2270C47C-86B7-4BB2-A037-B13D6C0E6048,FrontRangecommunityCollege,كلية فرونت رينج المجتمعية,Front Range community College*,<p>Address: {{Description}}</p>,<p>Address: {{Description}}</p>,393,BC4FF43D-C0A2-4C29-B47F-88A728EC2509,NULL,{{Phone}},NULL,1954,,,Front Range community College*
1C1B76B3-DD97-41FA-8CA5-CD93D95CBDF2,GeorgeFoxUniversity,جامعة جورج فوكس,George Fox University,<p>Address: {{Description}}</p>,<p>Address: {{Description}}</p>,398,BC4FF43D-C0A2-4C29-B47F-88A728EC2509,http://www.georgefox.edu/,{{Phone}},NULL,432,,,George Fox University
627942BF-5455-4695-B507-D43000510A0D,PrinceofSongklaUniversity,جامعة أمير سونغكلا,Prince of Songkla University,<p>Address: {{Description}}</p>,<p>Address: {{Description}}</p>,856,87C06FCD-73A3-4663-A2B2-E56039A32264,NULL,{{Phone}},NULL,4554,,,Prince of Songkla University
6B6367F5-AC55-48F5-A1C1-44D58DD58231,GeorgeMasonUniversity,جامعة جورج ميسون,George Mason University,<p>Address: {{Description}}</p>,<p>Address: {{Description}}</p>,399,BC4FF43D-C0A2-4C29-B47F-88A728EC2509,http://www.gmu.edu/,{{Phone}},NULL,2631,,,George Mason University
913FCD24-E1B0-49C7-8F4A-F6E909E0625A,GeorgeMasonUniversityVA,جامعة جورج ميسون,George Mason University (VA),<p>Address: {{Description}}</p>,<p>Address: {{Description}}</p>,400,BC4FF43D-C0A2-4C29-B47F-88A728EC2509,NULL,{{Phone}},NULL,1337,,,George Mason University (VA)
D2930161-A0AA-41A2-A8F2-73EA3B9536EF,QatarAeronauticalCollegeQAC,كلية قطر لعلوم الطيران,Qatar Aeronautical College (QAC),<p>Address: {{Description}}</p>,<p>Address: {{Description}}</p>,859,D1DF472C-5D2E-47DD-98AD-D5E693C5BA6F,NULL,{{Phone}},NULL,584,,,Qatar Aeronautical College (QAC)
ADD92E24-DC16-45AD-BD53-AAC56509C849,QatarUniversity,جامعة قطر,Qatar University,,,860,D1DF472C-5D2E-47DD-98AD-D5E693C5BA6F,NULL,NULL,NULL,1480,,,Qatar University
7FB75EDB-D5F2-4B99-96DE-9644DA239C38,GeorgetownUniversity,جامعة جورجتاون,Georgetown University,<p>Address: {{Description}}</p>,<p>Address: {{Description}}</p>,401,BC4FF43D-C0A2-4C29-B47F-88A728EC2509,http://www.georgetown.edu/,{{Phone}},NULL,203,,,Georgetown University
533DEA7D-8B65-4B3E-8516-47874642B633,QueenslandUniversityofTechnology,جامعة كوينزلاند للتكنولوجيا,Queensland University of Technology,<p>Address: {{Description}}</p>,<p>Address: {{Description}}</p>,863,6E24A731-2BBB-4725-9084-2225987A78DF,https://www.qut.edu.au/,{{Phone}},NULL,1288,,,Queensland University of Technology
78541B3C-4705-4597-8C71-9BB923E668C4,QueensUniversity,جامعة كوينز,Queen's University,<p>Address: {{Description}}</p>,<p>Address: {{Description}}</p>,864,8460877D-3973-4A88-8B26-F4397E2F1316,www.queensu.ca/,{{Phone}},NULL,263,,,Queen's University
BCC9E836-2CB5-4197-84DA-C079C45DCA6C,GeorgeWashingtonUniversity,جامعة جورج واشنطن,George Washington University,<p>Address: {{Description}}</p>,<p>Address: {{Description}}</p>,403,BC4FF43D-C0A2-4C29-B47F-88A728EC2509,http://www.gwu.edu/,{{Phone}},NULL,246,,,George Washington University
50E5F4AD-F552-40BA-A505-5D574C26F626,RadboudUniversityNijmegen,جامعة رادبود,Radboud University Nijmegen,<p>Address: {{Description}}</p>,<p>Address: {{Description}}</p>,866,F1972BC9-B59A-4EA3-84CF-FEDA7EFF29A1,www.ru.nl/english/,{{Phone}},NULL,3242,,,Radboud University Nijmegen
BD714B17-EC39-4F23-8BF8-D7B9830B2150,RafflesBICTInternationalCollege,كلية بيكت الدولية,Raffles- BICT International College,<p>Address: {{Description}}</p>,<p>Address: {{Description}}</p>,867,FFC985AF-DE1D-4346-9536-42391A71E6AD,NULL,{{Phone}},NULL,585,,,Raffles- BICT International College
D56E21F1-B35D-49DF-83B4-41204A4CE013,RAKMedicalHealthSciencesUniversity,جامعة رأس الخيمة للعلوم الطبية والصحية,RAK Medical & Health Sciences University,<p>Address: {{Description}}</p>,<p>Address: {{Description}}</p>,868,1BDC81B7-A509-4181-AB12-0010F8535AC4,NULL,{{Phone}},NULL,1784,,,RAK Medical & Health Sciences University
EF85E865-5CA8-4929-BCEF-06DC28B21E0F,GeorgiaInstituteofTechnology,معهد جورجيا للتقنية,Georgia Institute of Technology,<p>Address: {{Description}}</p>,<p>Address: {{Description}}</p>,404,BC4FF43D-C0A2-4C29-B47F-88A728EC2509,http://www.gatech.edu/,{{Phone}},NULL,204,,,Georgia Institute of Technology
2E8620B1-1D04-431A-845A-926A93E89A8A,GeorgiaStateUniversity,جامعة ولاية جورجيا,Georgia State University,<p>Address: {{Description}}</p>,<p>Address: {{Description}}</p>,405,BC4FF43D-C0A2-4C29-B47F-88A728EC2509,NULL,{{Phone}},NULL,520,,,Georgia State University
7F416F6E-B5B1-4F1D-95B4-B6E3CBEDF91F,REGENTEDENBURGH,ريجينت إدنبرة,REGENT EDENBURGH,<p>Address: {{Description}}</p>,<p>Address: {{Description}}</p>,871,D232904A-095B-4C3E-A937-C638003B3E22,NULL,{{Phone}},NULL,1271,,,REGENT EDENBURGH
F1EFF863-8711-4EB0-9C69-7B480EE49C9C,GoldenWestCollege,كلية جولدن ويست,Golden West College,<p>Address: {{Description}}</p>,<p>Address: {{Description}}</p>,413,BC4FF43D-C0A2-4C29-B47F-88A728EC2509,NULL,{{Phone}},NULL,2543,,,Golden West College
89085FD2-BB00-4F96-B55E-E4B0AB6335AC,GrossmontCollege,كلية غروسمونت العامة,Grossmont College*,<p>Address: {{Description}}</p>,<p>Address: {{Description}}</p>,419,BC4FF43D-C0A2-4C29-B47F-88A728EC2509,NULL,{{Phone}},NULL,1677,,,Grossmont College*
060CC372-F8C0-4A6A-9001-56E0361A1DCB,RenminPeoplesUniversityofChina,جامعة الشعب الصينية,Renmin (People’s) University of China,<p>Address: {{Description}}</p>,<p>Address: {{Description}}</p>,874,FFC985AF-DE1D-4346-9536-42391A71E6AD,www.ruc.edu.cn/,{{Phone}},NULL,3556,,,Renmin (People’s) University of China
68BCF254-28B6-47EF-B447-AC4C3163F4AA,HamptonUniversity,جامعة هامبتون,Hampton University,<p>Address: {{Description}}</p>,<p>Address: {{Description}}</p>,427,BC4FF43D-C0A2-4C29-B47F-88A728EC2509,http://www.hamptonu.edu/,{{Phone}},NULL,3675,,,Hampton University
97E419D9-48A3-4BFF-AA22-6E3B7C113086,ReysonUniversity,جامعة رايرسون (جامعة تورنتو متروبوليتان),Reyson University,<p>Address: {{Description}}</p>,<p>Address: {{Description}}</p>,876,8460877D-3973-4A88-8B26-F4397E2F1316,NULL,{{Phone}},NULL,587,,,Reyson University
CCC6CE21-B737-4493-B443-87F0B396DB5D,RheinischeFriedrichWilhelmsUniversittBonn,جامعة بون,Rheinische Friedrich-Wilhelms-Universität Bonn,<p>Address: {{Description}}</p>,<p>Address: {{Description}}</p>,877,B6929437-CF78-40FE-B9EF-6AF0F35AE3D1,www.uni-bonn.de/,{{Phone}},NULL,369,,,Rheinische Friedrich-Wilhelms-Universität Bonn
A231DBBD-467B-4ECA-994A-91079A16858E,RheinischWestflischeTechnischeHochschuleAachen,جامعة آخن التقنية,Rheinisch-Westfälische Technische Hochschule Aachen,<p>Address: {{Description}}</p>,<p>Address: {{Description}}</p>,878,B6929437-CF78-40FE-B9EF-6AF0F35AE3D1,www.rwth-aachen.de/,{{Phone}},NULL,3802,,,Rheinisch-Westfälische Technische Hochschule Aachen
FBD5D149-C069-4CCE-80F2-09BC6957CA61,HancockInternationalCenter,مركز هانكوك الدولي,Hancock International Center,<p>Address: {{Description}}</p>,<p>Address: {{Description}}</p>,428,BC4FF43D-C0A2-4C29-B47F-88A728EC2509,NULL,{{Phone}},NULL,2151,,,Hancock International Center
4FCC8BEA-1948-4F81-99AA-34433AC629C8,HarvardUniversity,جامعة هارفارد,Harvard University,<p>Address: {{Description}}</p>,<p>Address: {{Description}}</p>,436,BC4FF43D-C0A2-4C29-B47F-88A728EC2509,http://www.harvard.edu/,{{Phone}},NULL,207,,,Harvard University
69B3283E-4347-4A12-A550-AED5D175CD3A,HaverfordCollege,كلية هافرفورد,Haverford College,<p>Address: {{Description}}</p>,<p>Address: {{Description}}</p>,439,BC4FF43D-C0A2-4C29-B47F-88A728EC2509,NULL,{{Phone}},NULL,51,,,Haverford College
A58FFC82-39FA-4576-9DBF-F53DA9284612,HillsboroughCommunityCollege,كلية هيلزبورو المجتمعية,Hillsborough Community College,<p>Address: {{Description}}</p>,<p>Address: {{Description}}</p>,448,BC4FF43D-C0A2-4C29-B47F-88A728EC2509,NULL,{{Phone}},NULL,1662,,,Hillsborough Community College
FAD7ED29-EA47-4B1A-B825-E316F84F6591,HofstraUniversity,جامعة هوفسترا,Hofstra University,<p>Address: {{Description}}</p>,<p>Address: {{Description}}</p>,452,BC4FF43D-C0A2-4C29-B47F-88A728EC2509,http://www.hofstra.edu/,{{Phone}},NULL,2805,,,Hofstra University
6DAB277F-CF14-4399-BCFE-773E75F03030,HoodCollege,كلية هود,Hood College,<p>Address: {{Description}}</p>,<p>Address: {{Description}}</p>,461,BC4FF43D-C0A2-4C29-B47F-88A728EC2509,http://www.hood.edu/,{{Phone}},NULL,3672,,,Hood College
1AC8E1A4-F15D-4AF6-9690-2475B25193EA,RmitUniversity,جامعة RMIT,Rmit University,<p>Address: {{Description}}</p>,<p>Address: {{Description}}</p>,885,6E24A731-2BBB-4725-9084-2225987A78DF,https://www.rmit.edu.au/,{{Phone}},NULL,1289,,,Rmit University
E41C9CE2-0E83-4628-9929-3BC3A3FFDF35,HoustonCommunityCollegeStafford,كلية مجتمع هيوستن,Houston Community College Stafford,<p>Address: {{Description}}</p>,<p>Address: {{Description}}</p>,465,BC4FF43D-C0A2-4C29-B47F-88A728EC2509,http://www.hccs.edu,{{Phone}},NULL,3517,,,Houston Community College Stafford
14262E40-EA4B-4A69-8879-FA4D3E9077C6,HoustonCommunityCollegeSystem,كلية هيوستن المجتمعية,Houston Community College System,<p>Address: {{Description}}</p>,<p>Address: {{Description}}</p>,466,BC4FF43D-C0A2-4C29-B47F-88A728EC2509,NULL,{{Phone}},NULL,972,,,Houston Community College System
AE06AFB3-70E1-4A9C-A1FF-4623199586AB,HowardUniversity,جامعة هوارد,Howard University,<p>Address: {{Description}}</p>,<p>Address: {{Description}}</p>,467,BC4FF43D-C0A2-4C29-B47F-88A728EC2509,http://www.howard.edu/,{{Phone}},NULL,1272,,,Howard University
4F64C10D-19CC-4C98-9A4C-CA08B21192BB,ROCRegionalTrainingCenters,مراكز التدريب الإقليمي,ROC (Regional Training Centers),<p>Address: {{Description}}</p>,<p>Address: {{Description}}</p>,889,F1972BC9-B59A-4EA3-84CF-FEDA7EFF29A1,NULL,{{Phone}},NULL,4567,,,ROC (Regional Training Centers)
44491658-2988-4BFD-A529-53C7B93F8070,IcahnSchoolofMedicineatMountSinai,كلية إيكان للطب في ماونت سيناي,Icahn School of Medicine at Mount Sinai,<p>Address: {{Description}}</p>,<p>Address: {{Description}}</p>,476,BC4FF43D-C0A2-4C29-B47F-88A728EC2509,NULL,{{Phone}},NULL,4143,,,Icahn School of Medicine at Mount Sinai
7523A6B5-1610-48E6-9165-75F1409376A4,RoyalAcademyofArtTheHagueKABK,الأكاديمية الملكية للفنون – لاهاي,"Royal Academy of Art, The Hague (KABK)",<p>Address: {{Description}}</p>,<p>Address: {{Description}}</p>,891,F1972BC9-B59A-4EA3-84CF-FEDA7EFF29A1,NULL,{{Phone}},NULL,4492,,,"Royal Academy of Art, The Hague (KABK)"
E61725C0-F43F-47A9-A05B-41EC340B632D,RoyalCollegeofSurgeonsinIrelandRCSI,الكلية الملكية للجراحين في أيرلندا,Royal College of Surgeons in Ireland (RCSI),<p>Address: {{Description}}</p>,<p>Address: {{Description}}</p>,892,A42C4BB8-05C4-43C2-92C4-8FDC2148A4E9,NULL,{{Phone}},NULL,739,,,Royal College of Surgeons in Ireland (RCSI)
882E7A52-4ACD-444C-82B3-CD12A7BD59E4,IllinoisInstituteofTechnology,معهد إلينوي للتكنولوجيا,Illinois Institute of Technology,<p>Address: {{Description}}</p>,<p>Address: {{Description}}</p>,481,BC4FF43D-C0A2-4C29-B47F-88A728EC2509,http://www.iit.edu/,{{Phone}},NULL,208,,,Illinois Institute of Technology
24A377CB-B9E9-4FC6-A782-27EC6BC473C1,IllinoisInstituteofTechnologyArmour,معهد إلينوي للتكنولوجيا,Illinois Institute of Technology (Armour),<p>Address: {{Description}}</p>,<p>Address: {{Description}}</p>,482,BC4FF43D-C0A2-4C29-B47F-88A728EC2509,NULL,{{Phone}},NULL,2322,,,Illinois Institute of Technology (Armour)
1BB6E80D-9FE5-403D-85D1-F3D83CF6A2AF,RoyalInstituteofArtinStockholm,المعهد الملكي للفنون في ستوكهولم,Royal Institute of Art in Stockholm,<p>Address: {{Description}}</p>,<p>Address: {{Description}}</p>,895,4EE77F72-AB6D-46D7-A924-03342D48A1DE,NULL,{{Phone}},NULL,4511,,,Royal Institute of Art in Stockholm
749C479A-138E-4D6D-8E65-F3FFDED13727,IllinoisStateUniversity,جامعة إلينوي الحكومية,Illinois State University,<p>Address: {{Description}}</p>,<p>Address: {{Description}}</p>,483,BC4FF43D-C0A2-4C29-B47F-88A728EC2509,http://www.ilstu.edu/,{{Phone}},NULL,2599,,,Illinois State University
9FFF1BEC-7806-40E9-A117-58DC2510987A,RUDNUniversity,جامعة الصداقة الروسية,RUDN University,<p>Address: {{Description}}</p>,<p>Address: {{Description}}</p>,897,6BD31142-3A12-474E-A48B-973BE400F1A7,NULL,{{Phone}},NULL,4310,,,RUDN University
6D292B44-4FC8-4C74-BC73-BCFBE7C4A892,RuprechtKarlsUniversittHeidelberg,جامعة هايدلبرغ,Ruprecht-Karls-Universität Heidelberg,<p>Address: {{Description}}</p>,<p>Address: {{Description}}</p>,898,B6929437-CF78-40FE-B9EF-6AF0F35AE3D1,www.uni-heidelberg.de/,{{Phone}},NULL,3109,,,Ruprecht-Karls-Universität Heidelberg
B0BC68D8-7CB8-4520-BD4B-ADD433B33C33,ImmaculataUniversity,جامعة إماكولاتا,Immaculata University,<p>Address: {{Description}}</p>,<p>Address: {{Description}}</p>,484,BC4FF43D-C0A2-4C29-B47F-88A728EC2509,www.immaculata.edu/,{{Phone}},NULL,3671,,,Immaculata University
0CE07D2D-9E9E-45DF-B7E8-00C1004BFD0D,IndianaStateUniversity,جامعة إنديانا الحكومية,Indiana State University,<p>Address: {{Description}}</p>,<p>Address: {{Description}}</p>,487,BC4FF43D-C0A2-4C29-B47F-88A728EC2509,NULL,{{Phone}},NULL,533,,,Indiana State University
C60072D7-4ED9-4E07-AD40-6DAF44882616,SabanciUniversity,جامعة سابانجي,Sabanci University,<p>Address: {{Description}}</p>,<p>Address: {{Description}}</p>,901,4BF7C691-B2AE-4D6A-B934-8ECA5F2177B2,https://www.sabanciuniv.edu/en,{{Phone}},NULL,3715,,,Sabanci University
395E1F17-A92B-4BD9-92E0-0FE186BF55C8,IndianaUniversityBloomington,جامعة إنديانا بلومينغتون,"Indiana University, Bloomington",<p>Address: {{Description}}</p>,<p>Address: {{Description}}</p>,488,BC4FF43D-C0A2-4C29-B47F-88A728EC2509,www.iub.edu/,{{Phone}},NULL,295,,,"Indiana University, Bloomington"
BBCED1C3-ED5A-4D78-ACE2-2466442679EA,SahlgrenskaUniversityHospital,"أكاديمية سالغرينسكا، جامعة غوتنبرغ",Sahlgrenska University Hospital,<p>Address: {{Description}}</p>,<p>Address: {{Description}}</p>,903,4EE77F72-AB6D-46D7-A924-03342D48A1DE,NULL,{{Phone}},NULL,590,,,Sahlgrenska University Hospital
46758D23-32B9-4EB2-A0A2-18A92A2988B4,IndianaUniversityPurdueUniversityIndianapolis,جامعة إنديانا - جامعة بوردو في إنديانابوليس,Indiana University–Purdue University Indianapolis,<p>Address: {{Description}}</p>,<p>Address: {{Description}}</p>,489,BC4FF43D-C0A2-4C29-B47F-88A728EC2509,NULL,{{Phone}},NULL,1339,,,Indiana University–Purdue University Indianapolis
2527B32C-AFB5-46B0-BE2C-34CFA1F4BF66,SaintLouisUniversity,جامعة سانت لويس - مدريد,Saint Louis University,<p>Address: {{Description}}</p>,<p>Address: {{Description}}</p>,905,F0FABF42-8D0C-4BAA-8535-7D3FA80FA2D6,NULL,{{Phone}},NULL,1199,,,Saint Louis University
74341366-69F9-4580-817F-00D7C8CF2367,SaintPetersburgStateUniversity,جامعة سانت بطرسبرغ الحكومية,Saint Petersburg State University,<p>Address: {{Description}}</p>,<p>Address: {{Description}}</p>,906,6BD31142-3A12-474E-A48B-973BE400F1A7,NULL,{{Phone}},NULL,3265,,,Saint Petersburg State University
0C7C39C3-5199-4B3A-952C-0A4B296742C7,SAITPolytechnicSchoolofHospitalityandTourism,معهد ألبرتا الجنوبي للتقنية - الضيافة والسياحة,SAIT Polytechnic - School of Hospitality and Tourism,<p>Address: {{Description}}</p>,<p>Address: {{Description}}</p>,907,8460877D-3973-4A88-8B26-F4397E2F1316,NULL,{{Phone}},NULL,4450,,,SAIT Polytechnic - School of Hospitality and Tourism
79EDC74A-658E-4765-8FB2-3EDFB914DCBB,InlinguaWashingtonDc,معهد إنلينغوا - واشنطن,Inlingua – Washington Dc,<p>Address: {{Description}}</p>,<p>Address: {{Description}}</p>,505,BC4FF43D-C0A2-4C29-B47F-88A728EC2509,NULL,{{Phone}},NULL,2125,,,Inlingua – Washington Dc
48BAB86C-7F58-43DC-A28A-9E21ED1B395C,InternationalizationEnglishLanguageCenter,مركز تعليم اللغة الإنجليزية الدولي,Internationalization English Language Center,<p>Address: {{Description}}</p>,<p>Address: {{Description}}</p>,533,BC4FF43D-C0A2-4C29-B47F-88A728EC2509,NULL,{{Phone}},NULL,3480,,,Internationalization English Language Center
9FE200A9-5F08-489E-855C-46BA249CADE8,INTOGeorgeMasonUniversity,جامعة جورج ميسون,INTO George Mason University,<p>Address: {{Description}}</p>,<p>Address: {{Description}}</p>,539,BC4FF43D-C0A2-4C29-B47F-88A728EC2509,NULL,{{Phone}},NULL,4192,,,INTO George Mason University
9A35E993-2036-483D-BD5B-B98EF73152D1,IntoOregonstateuniversity,مركز INTO بجامعة ولاية أوريغون,Into Oregon state university,<p>Address: {{Description}}</p>,<p>Address: {{Description}}</p>,542,BC4FF43D-C0A2-4C29-B47F-88A728EC2509,NULL,{{Phone}},NULL,4084,,,Into Oregon state university
A57CACA4-465A-4FD2-A678-3F8DCE5743E2,IowaStateUniversity,جامعة ولاية أيوا,Iowa State University,<p>Address: {{Description}}</p>,<p>Address: {{Description}}</p>,544,BC4FF43D-C0A2-4C29-B47F-88A728EC2509,http://www.iastate.edu/,{{Phone}},NULL,209,,,Iowa State University
BFED52D9-DBBD-46F1-BD1D-C475D15125CE,IrvinevalleyCollege,كلية إيرفاين فالي,Irvine valley College,<p>Address: {{Description}}</p>,<p>Address: {{Description}}</p>,545,BC4FF43D-C0A2-4C29-B47F-88A728EC2509,NULL,{{Phone}},NULL,1438,,,Irvine valley College
57CD9EA9-6EF0-4DC8-AB9E-CA8F5041DD4C,JamesMadisonUniversity,جامعة جيمس ماديسون,James Madison University,<p>Address: {{Description}}</p>,<p>Address: {{Description}}</p>,563,BC4FF43D-C0A2-4C29-B47F-88A728EC2509,http://www.jmu.edu/,{{Phone}},NULL,140,,,James Madison University
D5C8E5F4-8DA5-4D49-BC04-0B7FCABADDB4,JohnsHopkinsUniversity,جامعة جونز هوبكنز,Johns Hopkins University,<p>Address: {{Description}}</p>,<p>Address: {{Description}}</p>,570,BC4FF43D-C0A2-4C29-B47F-88A728EC2509,https://www.jhu.edu/,{{Phone}},NULL,2569,,,Johns Hopkins University
87D9C0C1-DC9C-4A1A-9897-FB8C0BAE34BA,JohnsonWalesUniversity,جامعة جونسون آند ويلز,Johnson & Wales University,<p>Address: {{Description}}</p>,<p>Address: {{Description}}</p>,571,BC4FF43D-C0A2-4C29-B47F-88A728EC2509,NULL,{{Phone}},NULL,4522,,,Johnson & Wales University
966F7786-ED4E-4D99-A2AF-066572C690B1,KansasStateUniversity,جامعة ولاية كانساس,Kansas State University,<p>Address: {{Description}}</p>,<p>Address: {{Description}}</p>,575,BC4FF43D-C0A2-4C29-B47F-88A728EC2509,http://www.ksu.edu/,{{Phone}},NULL,708,,,Kansas State University
46A55135-00C5-4624-98A4-D5899C4ED87B,SapienzaUniversitDiRoma,جامعة سابينزا في روما,Sapienza - Università Di Roma,<p>Address: {{Description}}</p>,<p>Address: {{Description}}</p>,918,8EA4214D-3BBC-4296-9CC0-8873A293313C,www.uniroma1.it/,{{Phone}},NULL,221,,,Sapienza - Università Di Roma
415C6697-FE49-4F01-92F2-6AE4475BD745,KaplanInternationalCenters,مراكز كابلان الدولية,Kaplan International Centers,<p>Address: {{Description}}</p>,<p>Address: {{Description}}</p>,578,BC4FF43D-C0A2-4C29-B47F-88A728EC2509,NULL,{{Phone}},NULL,2109,,,Kaplan International Centers
098391DF-4015-4FE5-A5E9-0CB3B75115F0,KaplanUniversity,جامعة كابلان,Kaplan University,<p>Address: {{Description}}</p>,<p>Address: {{Description}}</p>,586,BC4FF43D-C0A2-4C29-B47F-88A728EC2509,NULL,{{Phone}},NULL,543,,,Kaplan University
B6009DA3-7E16-4447-B33A-4F931B562880,KentStateUniversity,جامعة كنت ستيت,Kent State University,<p>Address: {{Description}}</p>,<p>Address: {{Description}}</p>,596,BC4FF43D-C0A2-4C29-B47F-88A728EC2509,http://www.kent.edu/,{{Phone}},NULL,2811,,,Kent State University
FED04250-7D55-479E-83E8-BC2C1D8B753F,KirkwoodCommunityCollege,كلية كيركوود المجتمعية,Kirkwood Community College,<p>Address: {{Description}}</p>,<p>Address: {{Description}}</p>,606,BC4FF43D-C0A2-4C29-B47F-88A728EC2509,NULL,{{Phone}},NULL,2228,,,Kirkwood Community College
7192D5FA-AD99-4BAB-9360-CF4A76AA0EF8,LADOInternationalInstitute,معهد لادو الدولي,LADO International Institute,<p>Address: {{Description}}</p>,<p>Address: {{Description}}</p>,620,BC4FF43D-C0A2-4C29-B47F-88A728EC2509,NULL,{{Phone}},NULL,3539,,,LADO International Institute
551B840F-07A3-4AF0-88D1-BE56DC4901A4,SciencesPolitiquesMenton,ساينس بو باريس – فرع منتون,Sciences Politiques Menton,<p>Address: {{Description}}</p>,<p>Address: {{Description}}</p>,924,697C7D6B-6E81-416B-8F94-C01AE8A678E1,NULL,{{Phone}},NULL,1518,,,Sciences Politiques Menton
E1E214A9-1A47-414D-8704-FA113472C796,SciencesPoParis,معهد الدراسات السياسية - باريس (سيانس بو),Sciences Po Paris,<p>Address: {{Description}}</p>,<p>Address: {{Description}}</p>,925,697C7D6B-6E81-416B-8F94-C01AE8A678E1,www.sciencespo.fr/en/,{{Phone}},NULL,3076,,,Sciences Po Paris
8DD4C251-018B-4CEC-B84D-F04D166B2BD5,SCIENESPOPARIS,معهد الدراسات السياسية باريس,SCIENES PO PARIS,<p>Address: {{Description}}</p>,<p>Address: {{Description}}</p>,926,697C7D6B-6E81-416B-8F94-C01AE8A678E1,NULL,{{Phone}},NULL,1244,,,SCIENES PO PARIS
76BC13E4-3AA6-46E5-AAAF-D27A2935DA0C,LakeForestCollege,كلية ليك فوريست,Lake Forest College*,<p>Address: {{Description}}</p>,<p>Address: {{Description}}</p>,621,BC4FF43D-C0A2-4C29-B47F-88A728EC2509,NULL,{{Phone}},NULL,1690,,,Lake Forest College*
F4A7CE05-E698-4DF2-AFA0-F2BA568A1125,ScuolaLenardoDaVinciMilan,مدرسة ليوناردو دا فينشي – ميلانو,Scuola Lenardo Da Vinci - Milan,<p>Address: {{Description}}</p>,<p>Address: {{Description}}</p>,928,8EA4214D-3BBC-4296-9CC0-8873A293313C,NULL,{{Phone}},NULL,4290,,,Scuola Lenardo Da Vinci - Milan
EDD1DC5C-020E-4A06-8FC5-E9F3CD839B9E,ScuolaNormaleSuperiorediPisa,المدرسة العليا العادية في بيزا,Scuola Normale Superiore di Pisa,<p>Address: {{Description}}</p>,<p>Address: {{Description}}</p>,929,8EA4214D-3BBC-4296-9CC0-8873A293313C,NULL,{{Phone}},NULL,4103,,,Scuola Normale Superiore di Pisa
AD212C96-AB2C-44ED-ADA7-B1F89D2D44F6,LakeWashingtonInstituteofTechnology,معهد بحيرة واشنطن للتكنولوجيا,Lake Washington Institute of Technology*,<p>Address: {{Description}}</p>,<p>Address: {{Description}}</p>,622,BC4FF43D-C0A2-4C29-B47F-88A728EC2509,NULL,{{Phone}},NULL,1882,,,Lake Washington Institute of Technology*
588EDB94-2107-4B60-9BC1-784D0B078906,LamarUniversity,جامعة لامار,Lamar University,<p>Address: {{Description}}</p>,<p>Address: {{Description}}</p>,624,BC4FF43D-C0A2-4C29-B47F-88A728EC2509,NULL,{{Phone}},NULL,553,,,Lamar University
2D0B3082-C088-4468-8E62-F3698C8F43CB,SejongUniversity,جامعة سيجونج,Sejong University,<p>Address: {{Description}}</p>,<p>Address: {{Description}}</p>,932,4EC45433-C178-4920-91B5-51459C956B21,NULL,{{Phone}},NULL,4131,,,Sejong University
59BCC56E-5158-48DE-B3CE-8380414A9B52,SemmelweisUniversity,جامعة سيميلويس,Semmelweis University,<p>Address: {{Description}}</p>,<p>Address: {{Description}}</p>,933,A1BBAA97-D2E6-4F2E-90E0-B4594E6278F2,NULL,{{Phone}},NULL,4385,,,Semmelweis University
FA9B3F28-0795-44B9-A216-E1881B942D55,SENAINationalServiceforIndustrialTraining,الخدمة الوطنية للتدريب الصناعي,SENAI (National Service for Industrial Training),<p>Address: {{Description}}</p>,<p>Address: {{Description}}</p>,934,1C3C12AF-0A4B-49C2-94D0-76A1FE46A634,NULL,{{Phone}},NULL,4539,,,SENAI (National Service for Industrial Training)
D4C2D0EE-7985-4400-B812-E39F9BB12EEF,SendagayajapaneseColloge,كلية سنداجايا اليابانية,Sendagaya japanese Colloge,<p>Address: {{Description}}</p>,<p>Address: {{Description}}</p>,935,075E0DF0-A9BD-4C34-B089-95FF2D4D2A8A,NULL,{{Phone}},NULL,4243,,,Sendagaya japanese Colloge
2148F5B2-640F-42A0-AC19-EDCB6F66B6CA,SendagayaJapaneseInstitute,معهد سنداغايا للغة اليابانية,Sendagaya Japanese Institute,<p>Address: {{Description}}</p>,<p>Address: {{Description}}</p>,936,075E0DF0-A9BD-4C34-B089-95FF2D4D2A8A,NULL,{{Phone}},NULL,4237,,,Sendagaya Japanese Institute
8F282F84-229A-4CCC-AFDF-BEDEC30AFBF0,SeoulNationalUniversity,جامعة سيول الوطنية,Seoul National University,<p>Address: {{Description}}</p>,<p>Address: {{Description}}</p>,937,4EC45433-C178-4920-91B5-51459C956B21,http://www.snu.ac.kr/,{{Phone}},NULL,311,,,Seoul National University
FA9D1840-1F2B-44C2-AB83-485583F7000F,ShanghaiJiaoTongUniversity,جامعة شانغهاي جياو تونغ,Shanghai Jiao Tong University,<p>Address: {{Description}}</p>,<p>Address: {{Description}}</p>,938,FFC985AF-DE1D-4346-9536-42391A71E6AD,www.sjtu.edu.cn,{{Phone}},NULL,1293,,,Shanghai Jiao Tong University
CA1AAD25-CAC3-48D2-9C1F-45E3235ED8A6,ShanghaiVocationalCollegeofAgricultureandForestry,كلية شنغهاي المهنية للزراعة والغابات,Shanghai Vocational College of Agriculture and Forestry,<p>Address: {{Description}}</p>,<p>Address: {{Description}}</p>,939,FFC985AF-DE1D-4346-9536-42391A71E6AD,NULL,{{Phone}},NULL,4338,,,Shanghai Vocational College of Agriculture and Forestry
6CEE1DD6-42DF-4801-AC28-8CBB597BEBD2,SharifUniversityofTechnology,جامعة شريف للتكنولوجيا,Sharif University of Technology,<p>Address: {{Description}}</p>,<p>Address: {{Description}}</p>,940,D8E04787-FA4E-4CC9-AAB7-88654757E6E6,www.sharif.ir/,{{Phone}},NULL,3781,,,Sharif University of Technology
F1B398C3-DDE2-4729-BE3B-1F50244EA762,LaneCommunityCollege,كلية لين المجتمعية,Lane Community College,<p>Address: {{Description}}</p>,<p>Address: {{Description}}</p>,626,BC4FF43D-C0A2-4C29-B47F-88A728EC2509,NULL,{{Phone}},NULL,1897,,,Lane Community College
CACDC5BF-7B25-4FCB-81B3-E0A798C80CF2,ShirazUniversity,جامعة شيراز,Shiraz University,<p>Address: {{Description}}</p>,<p>Address: {{Description}}</p>,942,D8E04787-FA4E-4CC9-AAB7-88654757E6E6,NULL,{{Phone}},NULL,602,,,Shiraz University
CF5B6B78-9DC0-481B-99E8-D18B455C0A9A,LanguageStudiesInternational,دراسات اللغة الدولية,Language Studies International,<p>Address: {{Description}}</p>,<p>Address: {{Description}}</p>,628,BC4FF43D-C0A2-4C29-B47F-88A728EC2509,NULL,{{Phone}},NULL,3482,,,Language Studies International
1FDEA1FA-14EB-4DEA-AE19-00B7BE887119,SichuanUniversity,جامعة سيتشوان,Sichuan University,<p>Address: {{Description}}</p>,<p>Address: {{Description}}</p>,944,FFC985AF-DE1D-4346-9536-42391A71E6AD,NULL,{{Phone}},NULL,3193,,,Sichuan University
26FB81F3-ACD9-4FA3-A0EA-3BA29D89FF8A,SieburgHospital,مستشفى زيغبورغ,Sieburg Hospital,<p>Address: {{Description}}</p>,<p>Address: {{Description}}</p>,945,B6929437-CF78-40FE-B9EF-6AF0F35AE3D1,NULL,{{Phone}},NULL,833,,,Sieburg Hospital
B8291765-A1EC-471A-939A-E4436D4C8C0E,SimonFraserUniversity,جامعة سايمون فريزر,Simon Fraser University,<p>Address: {{Description}}</p>,<p>Address: {{Description}}</p>,946,8460877D-3973-4A88-8B26-F4397E2F1316,http://www.sfu.ca/,{{Phone}},NULL,425,,,Simon Fraser University
BEA0AA54-1455-4647-9CAB-CEADCD06582F,SingaporeManagementUniversity,جامعة سنغافورة للإدارة,Singapore Management University,<p>Address: {{Description}}</p>,<p>Address: {{Description}}</p>,947,58286C02-DAD5-4875-95D3-58D4EF25A9E0,NULL,{{Phone}},NULL,3269,,,Singapore Management University
C82C628E-5337-454D-BC31-92F3B7715D10,SingidunumUniversity,جامعة سينغيدونوم,Singidunum University,<p>Address: {{Description}}</p>,<p>Address: {{Description}}</p>,948,78C61564-A30C-41E8-9395-11AFE55FA917,NULL,{{Phone}},NULL,4212,,,Singidunum University
C1C473ED-8657-405B-AAE1-62DC6EE00B51,SogangUniversity,جامعة سوغانغ,Sogang University,<p>Address: {{Description}}</p>,<p>Address: {{Description}}</p>,949,4EC45433-C178-4920-91B5-51459C956B21,http://www.sogang.ac.kr/,{{Phone}},NULL,3741,,,Sogang University
AFC97787-5EED-42FB-881F-951630630018,SorbonneUniversity,جامعة السوربون,Sorbonne University,<p>Address: {{Description}}</p>,<p>Address: {{Description}}</p>,950,697C7D6B-6E81-416B-8F94-C01AE8A678E1,NULL,{{Phone}},NULL,4296,,,Sorbonne University
1422277C-D55E-4438-8A63-739FB4DB9A62,LasellCollege,جامعة لاسيل,Lasell College,<p>Address: {{Description}}</p>,<p>Address: {{Description}}</p>,631,BC4FF43D-C0A2-4C29-B47F-88A728EC2509,NULL,{{Phone}},NULL,2549,,,Lasell College
CC298401-2643-4794-A273-FEC81E2C10AF,SoutheastUniversity,جامعة جنوب شرق الصين,Southeast University,<p>Address: {{Description}}</p>,<p>Address: {{Description}}</p>,952,FFC985AF-DE1D-4346-9536-42391A71E6AD,www.seu.edu.cn/,{{Phone}},NULL,3557,,,Southeast University
6327E89D-F93D-47AA-AB2B-B1080BAE02B6,SouthernAlbertaInstituteofTechnologySAIT,معهد ألبرتا الجنوبي للتكنولوجيا,Southern Alberta Institute of Technology (SAIT),<p>Address: {{Description}}</p>,<p>Address: {{Description}}</p>,953,8460877D-3973-4A88-8B26-F4397E2F1316,NULL,{{Phone}},NULL,4527,,,Southern Alberta Institute of Technology (SAIT)
28370AD3-2D92-4A72-B3E1-C818470DD6C0,LawrenceTechnologicalUniversity,جامعة لورانس التكنولوجية,Lawrence Technological University,<p>Address: {{Description}}</p>,<p>Address: {{Description}}</p>,634,BC4FF43D-C0A2-4C29-B47F-88A728EC2509,NULL,{{Phone}},NULL,2554,,,Lawrence Technological University
538E33E0-D93A-43A0-A661-AC82A6DDACCB,SouthernCrossUniversity,جامعة ساوثرن كروس,Southern Cross University,<p>Address: {{Description}}</p>,<p>Address: {{Description}}</p>,955,6E24A731-2BBB-4725-9084-2225987A78DF,NULL,{{Phone}},NULL,4091,,,Southern Cross University
6423C6DB-5F2F-49C9-90F3-B0BA81FBD7E8,LesleyUniversity,جامعة ليزلي,Lesley University,<p>Address: {{Description}}</p>,<p>Address: {{Description}}</p>,644,BC4FF43D-C0A2-4C29-B47F-88A728EC2509,NULL,{{Phone}},NULL,4145,,,Lesley University
D7FE11AF-BC31-4C21-9240-155BEE30F565,LincolnCollegeOfTechnology,كلية لينكون للتكنولوجيا,Lincoln College Of Technology *,<p>Address: {{Description}}</p>,<p>Address: {{Description}}</p>,648,BC4FF43D-C0A2-4C29-B47F-88A728EC2509,NULL,{{Phone}},NULL,1765,,,Lincoln College Of Technology *
7A8BF830-E14D-4215-870D-56FE076B4A3F,LinnBentonCommunityCollege,كلية لين-بنتون المجتمعية,Linn-Benton Community College,<p>Address: {{Description}}</p>,<p>Address: {{Description}}</p>,651,BC4FF43D-C0A2-4C29-B47F-88A728EC2509,NULL,{{Phone}},NULL,4209,,,Linn-Benton Community College
86EE5677-86CF-48EC-8897-6D1B07AE5B56,LongBeachCityCollege,كلية مدينة لونغ بيتش,Long Beach City College *,<p>Address: {{Description}}</p>,<p>Address: {{Description}}</p>,663,BC4FF43D-C0A2-4C29-B47F-88A728EC2509,NULL,{{Phone}},NULL,1786,,,Long Beach City College *
DE0B2307-C0CC-417F-95FB-E6D91CD11904,LongIslandUniversity,جامعة لونغ آيلاند – بروكلين,Long Island University,<p>Address: {{Description}}</p>,<p>Address: {{Description}}</p>,664,BC4FF43D-C0A2-4C29-B47F-88A728EC2509,NULL,{{Phone}},NULL,556,,,Long Island University
547658B3-2419-4BEB-8E28-575565DFFB61,LosAngelesMissionCollege,كلية لوس أنجلوس ميشن,Los Angeles Mission College*,<p>Address: {{Description}}</p>,<p>Address: {{Description}}</p>,665,BC4FF43D-C0A2-4C29-B47F-88A728EC2509,NULL,{{Phone}},NULL,1818,,,Los Angeles Mission College*
250E4842-67B4-4F47-A6D7-0DCB36D4519F,LouisianaStateUniversityBatonRouge,جامعة ولاية لويزيانا,"Louisiana State University, Baton Rouge",<p>Address: {{Description}}</p>,<p>Address: {{Description}}</p>,667,BC4FF43D-C0A2-4C29-B47F-88A728EC2509,www.lsu.edu/,{{Phone}},NULL,320,,,"Louisiana State University, Baton Rouge"
E7E988B3-F132-47DF-8C9C-614E7F89E3B1,LouisianaTechUniversity,جامعة لويزيانا التقنية,Louisiana Tech University,<p>Address: {{Description}}</p>,<p>Address: {{Description}}</p>,668,BC4FF43D-C0A2-4C29-B47F-88A728EC2509,http://www.latech.edu/,{{Phone}},NULL,2816,,,Louisiana Tech University
24BD01DD-4A41-4E61-9F93-ECC48E7E2CA8,LoyolaMarymountUniversity,جامعة لويولا ماريماونت,Loyola Marymount University,<p>Address: {{Description}}</p>,<p>Address: {{Description}}</p>,669,BC4FF43D-C0A2-4C29-B47F-88A728EC2509,http://www.lmu.edu/,{{Phone}},NULL,212,,,Loyola Marymount University
3CBD7C28-C9ED-4F31-BC95-29B08E592F38,StateTourismandHotelManagementSchoolSSAT,المدرسة الحكومية للسياحة وإدارة الفنادق,State Tourism and Hotel Management School (SSAT),<p>Address: {{Description}}</p>,<p>Address: {{Description}}</p>,965,4E364110-075B-4CF7-A201-DEB66B8C8505,NULL,{{Phone}},NULL,4550,,,State Tourism and Hotel Management School (SSAT)
00FD8869-75CD-491A-8832-B01ED2E346DD,LoyolaUniversityChicago,جامعة لويولا في شيكاغو,Loyola University Chicago,<p>Address: {{Description}}</p>,<p>Address: {{Description}}</p>,670,BC4FF43D-C0A2-4C29-B47F-88A728EC2509,www.luc.edu/,{{Phone}},NULL,254,,,Loyola University Chicago
D51DDD63-6B55-4570-9426-D6A236F2FAF1,LYNNUniversity,جامعة لين,LYNN University,<p>Address: {{Description}}</p>,<p>Address: {{Description}}</p>,696,BC4FF43D-C0A2-4C29-B47F-88A728EC2509,NULL,{{Phone}},NULL,4187,,,LYNN University
3C0A0A15-4BFA-428E-BB4D-DF4A3D7C7B21,MadisonAreaTechCollege,كلية ماديسون التقنية,Madison Area Tech. College,<p>Address: {{Description}}</p>,<p>Address: {{Description}}</p>,701,BC4FF43D-C0A2-4C29-B47F-88A728EC2509,NULL,{{Phone}},NULL,558,,,Madison Area Tech. College
68F620F0-26D2-444A-BC6F-4C520E2006D4,Stellenboschuniversity,جامعة ستيلينبوش,Stellenbosch university,<p>Address: {{Description}}</p>,<p>Address: {{Description}}</p>,969,80DB5A9E-9FFE-4420-8530-C56671F39698,NULL,{{Phone}},NULL,4255,,,Stellenbosch university
73A8732C-DF17-4D78-93DE-C242BD637458,MarmountManhatenCollege,كلية ماريماونت مانهاتن,Marmount Manhaten College,<p>Address: {{Description}}</p>,<p>Address: {{Description}}</p>,710,BC4FF43D-C0A2-4C29-B47F-88A728EC2509,NULL,{{Phone}},NULL,1113,,,Marmount Manhaten College
3AF9B91E-59E3-4108-8700-844A07E156CC,MarquetteUniversityMilwaki,جامعة ماركيت,Marquette University - Milwaki,<p>Address: {{Description}}</p>,<p>Address: {{Description}}</p>,711,BC4FF43D-C0A2-4C29-B47F-88A728EC2509,NULL,{{Phone}},NULL,1437,,,Marquette University - Milwaki
E59F2453-CAE6-4007-B4DA-85B3848A4D73,MarylandInstituteCollegeofArt,معهد ماريلاند للفنون,Maryland Institute College of Art,<p>Address: {{Description}}</p>,<p>Address: {{Description}}</p>,712,BC4FF43D-C0A2-4C29-B47F-88A728EC2509,NULL,{{Phone}},NULL,2818,,,Maryland Institute College of Art
97938101-9ED8-45B9-AEC7-9DA8F25EFE0D,MarymountUneversity,جامعة ماريمونت,Marymount Uneversity*,<p>Address: {{Description}}</p>,<p>Address: {{Description}}</p>,713,BC4FF43D-C0A2-4C29-B47F-88A728EC2509,NULL,{{Phone}},NULL,1724,,,Marymount Uneversity*
ECDAA731-5E32-4C84-A737-6BB856C347C0,MaryvilleUniversityofStLouis,جامعة ماريفيل الخاصة,Maryville University of St. Louis,<p>Address: {{Description}}</p>,<p>Address: {{Description}}</p>,714,BC4FF43D-C0A2-4C29-B47F-88A728EC2509,https://www.maryville.edu/,{{Phone}},NULL,3659,,,Maryville University of St. Louis
59A984D3-5BA4-4FF9-A0C9-9F7A8B4871DF,StockholmSchoolofEconomics,مدرسة ستوكهولم للاقتصاد,Stockholm School of Economics,<p>Address: {{Description}}</p>,<p>Address: {{Description}}</p>,975,4EE77F72-AB6D-46D7-A924-03342D48A1DE,NULL,{{Phone}},NULL,3300,,,Stockholm School of Economics
966A8CC2-3C8E-4FA3-9247-3657BE732547,StockholmUniversity,جامعة ستوكهولم,Stockholm University,<p>Address: {{Description}}</p>,<p>Address: {{Description}}</p>,976,4EE77F72-AB6D-46D7-A924-03342D48A1DE,www.su.se/english/,{{Phone}},NULL,384,,,Stockholm University
951DC1C5-D946-4BE7-96DA-4B32A27A237C,MassachusettsInstituteofTechnologyMIT,معهد ماساتشوستس للتكنولوجيا,Massachusetts Institute of Technology (MIT),<p>Address: {{Description}}</p>,<p>Address: {{Description}}</p>,716,BC4FF43D-C0A2-4C29-B47F-88A728EC2509,http://www.mit.edu/,{{Phone}},NULL,301,,,Massachusetts Institute of Technology (MIT)
CE48A32A-99B8-4284-8310-2D5091FFF584,MayoMedicalSchool,كلية مايو الطبية,Mayo Medical School,<p>Address: {{Description}}</p>,<p>Address: {{Description}}</p>,718,BC4FF43D-C0A2-4C29-B47F-88A728EC2509,NULL,{{Phone}},NULL,2645,,,Mayo Medical School
70DEA7BB-A33A-4B58-B7AA-E1F3BC661E98,StudienkollegHalleMerseburg,كلية الدراسات التحضيرية - هاله ميرسيبورغ,Studienkolleg Halle-Merseburg,<p>Address: {{Description}}</p>,<p>Address: {{Description}}</p>,979,B6929437-CF78-40FE-B9EF-6AF0F35AE3D1,NULL,{{Phone}},NULL,4204,,,Studienkolleg Halle-Merseburg
CC723B8A-7DD1-4FBC-A3D7-2A621617024F,MedicalUniversityofSouthCarolina,جامعة كارولاينا الجنوبية الطبية,Medical University of South Carolina,<p>Address: {{Description}}</p>,<p>Address: {{Description}}</p>,722,BC4FF43D-C0A2-4C29-B47F-88A728EC2509,NULL,{{Phone}},NULL,2648,,,Medical University of South Carolina
53535F53-9396-4AF8-A199-022CD402DE88,MesaCommunityCollege,كلية ميسا المجتمعية,Mesa Community College,<p>Address: {{Description}}</p>,<p>Address: {{Description}}</p>,727,BC4FF43D-C0A2-4C29-B47F-88A728EC2509,NULL,{{Phone}},NULL,563,,,Mesa Community College
A7558CF9-892E-45F2-9458-BB46BD5CB132,SultanQaboosUniversity,جامعة السلطان قابوس,Sultan Qaboos University,<p>Address: {{Description}}</p>,<p>Address: {{Description}}</p>,982,B00901B4-0593-4DF4-85B9-0DA0883D57F6,فقط للبرامج غير المتوفرة في قطر,{{Phone}},NULL,465,,,Sultan Qaboos University
057EA94E-1DA6-4C90-815E-03A6C967E684,SungkyunkwanUniversity,جامعة سونغ كيون كوان,Sungkyunkwan University,<p>Address: {{Description}}</p>,<p>Address: {{Description}}</p>,983,4EC45433-C178-4920-91B5-51459C956B21,www.skku.ac.kr/,{{Phone}},NULL,3279,,,Sungkyunkwan University
1846B2BE-FE3F-48E5-A557-2DDEDC1E54F8,SunwayUniversity,جامعة صنواي,Sunway University,<p>Address: {{Description}}</p>,<p>Address: {{Description}}</p>,984,3A2F27ED-DBC2-4F18-B229-1EBD1B83577B,NULL,{{Phone}},NULL,612,,,Sunway University
9C3DF2B4-BF84-4EBA-8D5E-35F808A020B8,SunYatSenUniversity,جامعة صن يات صن,Sun Yat-Sen University,<p>Address: {{Description}}</p>,<p>Address: {{Description}}</p>,985,FFC985AF-DE1D-4346-9536-42391A71E6AD,www.sysu.edu.cn/,{{Phone}},NULL,3313,,,Sun Yat-Sen University
D7C1303F-4F54-4803-AE54-62643F8BCD7A,MiamiDadeCollege,كلية ميامي داد,Miami Dade College,<p>Address: {{Description}}</p>,<p>Address: {{Description}}</p>,729,BC4FF43D-C0A2-4C29-B47F-88A728EC2509,NULL,{{Phone}},NULL,1932,,,Miami Dade College
9B81DA51-F5DC-4B5D-989B-47906960BAAF,MiamiUniversityOxford,جامعة ميامي - أوكسفورد,"Miami University, Oxford",<p>Address: {{Description}}</p>,<p>Address: {{Description}}</p>,730,BC4FF43D-C0A2-4C29-B47F-88A728EC2509,https://www.miamioh.edu/,{{Phone}},NULL,54,,,"Miami University, Oxford"
4DEA2A8F-D4E9-445F-A072-41661D84DFD0,SwedishUniversityofAgriculturalSciences,الجامعة السويدية للعلوم الزراعية,Swedish University of Agricultural Sciences,<p>Address: {{Description}}</p>,<p>Address: {{Description}}</p>,988,4EE77F72-AB6D-46D7-A924-03342D48A1DE,NULL,{{Phone}},NULL,4135,,,Swedish University of Agricultural Sciences
99656D37-1A10-4F96-A0EA-82F4AC39ECAD,SwinburneUniversityofTechnology,جامعة سوينبرن للتكنولوجيا,Swinburne University of Technology,<p>Address: {{Description}}</p>,<p>Address: {{Description}}</p>,989,6E24A731-2BBB-4725-9084-2225987A78DF,www.uws.edu.au/,{{Phone}},NULL,3061,,,Swinburne University of Technology
FD387E36-49D2-40CC-90E5-8A9C9DE3ACC4,SwissFederalInstituteofTechnology,المعهد الفدرالي السويسري للتكنولوجيا,Swiss Federal Institute of Technology,<p>Address: {{Description}}</p>,<p>Address: {{Description}}</p>,990,4E364110-075B-4CF7-A201-DEB66B8C8505,https://www.ethz.ch/en.html,{{Phone}},NULL,318,,,Swiss Federal Institute of Technology
503FE579-10E0-4159-A312-261F9EA0E43E,SwissHotelManagementSchoolSHMS,المدرسة السويسرية لإدارة الفنادق,Swiss Hotel Management School (SHMS),<p>Address: {{Description}}</p>,<p>Address: {{Description}}</p>,991,4E364110-075B-4CF7-A201-DEB66B8C8505,NULL,{{Phone}},NULL,4549,,,Swiss Hotel Management School (SHMS)
78FA24B3-38EE-4400-AC6F-FD0C347D8301,MichiganStateUniversity,جامعة ولاية ميشيغان,Michigan State University,<p>Address: {{Description}}</p>,<p>Address: {{Description}}</p>,731,BC4FF43D-C0A2-4C29-B47F-88A728EC2509,http://www.msu.edu/,{{Phone}},NULL,141,,,Michigan State University
BA8FF6D7-18F5-4E3A-91F7-D9816CCF9A33,SzentIstvanUniversity,جامعة سانت إستفان,Szent Istvan University,<p>Address: {{Description}}</p>,<p>Address: {{Description}}</p>,993,A1BBAA97-D2E6-4F2E-90E0-B4594E6278F2,NULL,{{Phone}},NULL,2544,,,Szent Istvan University
22FC998E-CC65-41FD-A939-BBE86A70F14A,TAFETechnicalandFurtherEducation,التعليم التقني والتطويري,TAFE (Technical and Further Education),<p>Address: {{Description}}</p>,<p>Address: {{Description}}</p>,994,6E24A731-2BBB-4725-9084-2225987A78DF,NULL,{{Phone}},NULL,4523,,,TAFE (Technical and Further Education)
39D7822B-0C15-4261-9FD1-1F755422ACCD,TaipeiMedicalUniversity,جامعة تايبيه الطبية,Taipei Medical University,<p>Address: {{Description}}</p>,<p>Address: {{Description}}</p>,995,6AE9B94A-D9EB-42AA-881E-424F839324E9,NULL,{{Phone}},NULL,4388,,,Taipei Medical University
27FA0BE0-5815-4EA7-A795-29F27EDB81B1,TakushokuUniversity,جامعة تاكوشوكو,Takushoku University,<p>Address: {{Description}}</p>,<p>Address: {{Description}}</p>,996,075E0DF0-A9BD-4C34-B089-95FF2D4D2A8A,NULL,{{Phone}},NULL,4327,,,Takushoku University
02511857-E38C-4696-8C62-F77A8D62F311,MichiganTechnologicalUniversity,جامعة ميشيغان التكنولوجية,Michigan Technological University,<p>Address: {{Description}}</p>,<p>Address: {{Description}}</p>,732,BC4FF43D-C0A2-4C29-B47F-88A728EC2509,http://www.mtu.edu/,{{Phone}},NULL,55,,,Michigan Technological University
39950552-745C-47C9-BA15-5DC87825ACA7,TallinnUniversity,جامعة تالين,Tallinn University,<p>Address: {{Description}}</p>,<p>Address: {{Description}}</p>,998,F28C1B21-8946-4A2E-88FB-1639BAE39F78,NULL,{{Phone}},NULL,4395,,,Tallinn University
D50F951C-7B9D-4440-A011-C801C4945D1E,TallinnUniversityofTechnologyTalTech,جامعة تالين للتكنولوجيا,Tallinn University of Technology (TalTech),<p>Address: {{Description}}</p>,<p>Address: {{Description}}</p>,999,F28C1B21-8946-4A2E-88FB-1639BAE39F78,NULL,{{Phone}},NULL,4580,,,Tallinn University of Technology (TalTech)
3869C5E5-8C85-4904-809D-E53DC2ED10BC,TampereUniversity,جامعة تامبيري,Tampere University,<p>Address: {{Description}}</p>,<p>Address: {{Description}}</p>,1000,F29D686D-089D-431E-BEBB-AF600F4F1DAD,www.tut.fi/en/,{{Phone}},NULL,3565,,,Tampere University
20E445FC-8C8E-4CD1-AA99-4B718FA7F0EA,TantaUniversity,جامعة طنطا,Tanta University,<p>Address: {{Description}}</p>,<p>Address: {{Description}}</p>,1001,C65B85B5-8772-4DFB-89FF-AD6AD178E561,NULL,{{Phone}},NULL,2555,,,Tanta University
59F02D90-BCBF-4F77-B90B-F4597FDBBEAA,TaylorsUniversity,جامعة تايلورز,Taylor's University,<p>Address: {{Description}}</p>,<p>Address: {{Description}}</p>,1002,3A2F27ED-DBC2-4F18-B229-1EBD1B83577B,NULL,{{Phone}},NULL,4411,,,Taylor's University
718FA339-C29B-488E-B669-D5B239E3E52A,TechnicalUniversityMunich,الجامعة التقنية في ميونيخ,Technical University Munich,<p>Address: {{Description}}</p>,<p>Address: {{Description}}</p>,1003,B6929437-CF78-40FE-B9EF-6AF0F35AE3D1,NULL,{{Phone}},NULL,1323,,,Technical University Munich
103CEAB6-8811-4271-AAE5-93CD28096FD1,TechnicalUniversityofClujNapoca,جامعة كلوج نابوكا التقنية,Technical University of Cluj-Napoca,<p>Address: {{Description}}</p>,<p>Address: {{Description}}</p>,1004,DF478A1F-44D0-4ECF-BFD2-A6BAB9A26718,NULL,{{Phone}},NULL,4571,,,Technical University of Cluj-Napoca
6D04AF0A-4ACD-4A2A-98BC-E40B1218260C,TechnicalUniversityofDenmark,الجامعة التقنية في الدنمارك,Technical University of Denmark,<p>Address: {{Description}}</p>,<p>Address: {{Description}}</p>,1005,87E8D792-A1C9-4900-AA9C-96787F67625B,www.dtu.dk/english,{{Phone}},NULL,356,,,Technical University of Denmark
A887108C-F753-43E7-A4D3-0764FBEAA764,TechnicalUniversityofKenya,الجامعة التقنية في كينيا,Technical University of Kenya,<p>Address: {{Description}}</p>,<p>Address: {{Description}}</p>,1006,E5276D46-B197-4086-B0F7-91E4841CBDD3,NULL,{{Phone}},NULL,4563,,,Technical University of Kenya
4618BF53-B0EC-4D42-B4D0-141809CCE65F,TechnicalUniversityofLiberec,جامعة ليبيريتس التقنية,Technical University of Liberec,<p>Address: {{Description}}</p>,<p>Address: {{Description}}</p>,1007,9CB59D55-A92C-4F8F-831F-E2A37857BEAA,NULL,{{Phone}},NULL,614,,,Technical University of Liberec
71AE51C5-5FC6-44BD-9C6B-8D81AE980F98,TechnicalUniversityofMoldovaTUM,الجامعة التقنية في مولدوفا,Technical University of Moldova (TUM),<p>Address: {{Description}}</p>,<p>Address: {{Description}}</p>,1008,6E158856-D615-4087-BC92-3F45AF7AC627,NULL,{{Phone}},NULL,4566,,,Technical University of Moldova (TUM)
B3595FCB-1135-4180-8825-340976D587A1,TechnischeUniversittBerlin,الجامعة التقنية في برلين,Technische Universität Berlin,<p>Address: {{Description}}</p>,<p>Address: {{Description}}</p>,1009,B6929437-CF78-40FE-B9EF-6AF0F35AE3D1,www.tu-berlin.de/,{{Phone}},NULL,3132,,,Technische Universität Berlin
9A3523E6-6CA1-439C-B491-91FFBA1486DE,TechnischeUniversittDarmstadt,جامعة دارمشتات التقنية,Technische Universität Darmstadt,<p>Address: {{Description}}</p>,<p>Address: {{Description}}</p>,1010,B6929437-CF78-40FE-B9EF-6AF0F35AE3D1,www.tu-darmstadt.de/,{{Phone}},NULL,3610,,,Technische Universität Darmstadt
D457FC2C-85C5-4BDC-8E4F-83FBCBFA444B,TechnischeUniversittDortmund,جامعة دورتموند التقنية,Technische Universität Dortmund,<p>Address: {{Description}}</p>,<p>Address: {{Description}}</p>,1011,B6929437-CF78-40FE-B9EF-6AF0F35AE3D1,http://www.tu-dortmund.de/,{{Phone}},NULL,3611,,,Technische Universität Dortmund
65992389-7C55-421D-8AE8-A14DE197427B,TechnischeUniversittDresden,جامعة دريسدن التقنية,Technische Universität Dresden,<p>Address: {{Description}}</p>,<p>Address: {{Description}}</p>,1012,B6929437-CF78-40FE-B9EF-6AF0F35AE3D1,tu-dresden.de/,{{Phone}},NULL,3612,,,Technische Universität Dresden
7527F7DE-E522-4946-8D4B-11B0158F34F5,TechnischeUniversittMnchen,جامعة ميونيخ التقنية,Technische Universität München,<p>Address: {{Description}}</p>,<p>Address: {{Description}}</p>,1013,B6929437-CF78-40FE-B9EF-6AF0F35AE3D1,www.tum.de/,{{Phone}},NULL,3613,,,Technische Universität München
C48B7EBB-7D3F-41AF-BEE8-E67280ECA794,TechnischeUniversittWien,جامعة فيينا للتكنولوجيا,Technische Universität Wien,<p>Address: {{Description}}</p>,<p>Address: {{Description}}</p>,1014,BC04E008-3F0A-43AA-A4F2-2DB917054D97,NULL,{{Phone}},NULL,4335,,,Technische Universität Wien
01462D06-94CF-40C9-96F4-6719915125AF,TechnologicalandHigherEducationInstituteofHongKongTHEi,معهد هونغ كونغ للتعليم التقني والعالي,Technological and Higher Education Institute of Hong Kong (THEi),<p>Address: {{Description}}</p>,<p>Address: {{Description}}</p>,1015,F37D6EB9-D5C6-4EBE-8371-647AA54C44E6,NULL,{{Phone}},NULL,4557,,,Technological and Higher Education Institute of Hong Kong (THEi)
3151032C-823C-4AE4-BCAD-CEE7ABF7C174,TechnologicalEducationalInstituteofCrete,معهد كريت التعليمي التقني,Technological Educational Institute of Crete,<p>Address: {{Description}}</p>,<p>Address: {{Description}}</p>,1016,B55EDF93-7C58-4DA9-BC35-98370A55FABE,NULL,{{Phone}},NULL,4583,,,Technological Educational Institute of Crete
F93A6A5E-517F-4466-A315-6EDC9656DD56,TechnologicalUniversityDublin,الجامعة التكنولوجية في دبلن,Technological University Dublin,<p>Address: {{Description}}</p>,<p>Address: {{Description}}</p>,1017,A42C4BB8-05C4-43C2-92C4-8FDC2148A4E9,NULL,{{Phone}},NULL,4224,,,Technological University Dublin
556FE815-2CDC-4210-9CEC-FD855816A9CB,TecnolgicodeMonterrey,معهد مونتيري للتكنولوجيا والتعليم العالي,Tecnológico de Monterrey,<p>Address: {{Description}}</p>,<p>Address: {{Description}}</p>,1018,8B3ABB14-F108-4241-A8DA-9DE24D53B14A,NULL,{{Phone}},NULL,4362,,,Tecnológico de Monterrey
66899142-8E00-4CEC-B3FB-5F5CAA6291B4,MiddleburyCollege,كلية ميدلبري,Middlebury College,<p>Address: {{Description}}</p>,<p>Address: {{Description}}</p>,733,BC4FF43D-C0A2-4C29-B47F-88A728EC2509,NULL,{{Phone}},NULL,2560,,,Middlebury College
12E8A714-4440-4701-B760-19E678DAA6E9,TehranUniversityofMedicalSciences,جامعة طهران للعلوم الطبية,Tehran University of Medical Sciences,<p>Address: {{Description}}</p>,<p>Address: {{Description}}</p>,1020,D8E04787-FA4E-4CC9-AAB7-88654757E6E6,NULL,{{Phone}},NULL,4272,,,Tehran University of Medical Sciences
CC51FC69-6EE7-4BFA-9B66-C9E8A5FCF7B3,MiddleTennesseeStateUniversity,جامعة ولاية تينيسي الوسطى,Middle Tennessee State University,<p>Address: {{Description}}</p>,<p>Address: {{Description}}</p>,736,BC4FF43D-C0A2-4C29-B47F-88A728EC2509,NULL,{{Phone}},NULL,1691,,,Middle Tennessee State University
BB971089-099C-4312-9D3D-56A92493B918,MississippiCollege,كلية مسيسيبي,Mississippi College,<p>Address: {{Description}}</p>,<p>Address: {{Description}}</p>,738,BC4FF43D-C0A2-4C29-B47F-88A728EC2509,http://www.mc.edu/,{{Phone}},NULL,3657,,,Mississippi College
B9B34E31-5210-4DD6-A215-34E2C70CD3C4,MississippiStateUniversity,جامعة ولاية مسيسيبي,Mississippi State University,<p>Address: {{Description}}</p>,<p>Address: {{Description}}</p>,739,BC4FF43D-C0A2-4C29-B47F-88A728EC2509,http://www.msstate.edu/,{{Phone}},NULL,2650,,,Mississippi State University
CE2AE2E1-ADDD-4052-8F41-AB3972DE276F,TexasAMUniversity,جامعة تكساس إيه آند إم,Texas A & M University,<p>Address: {{Description}}</p>,<p>Address: {{Description}}</p>,1030,D1DF472C-5D2E-47DD-98AD-D5E693C5BA6F,NULL,{{Phone}},NULL,2681,,,Texas A & M University
FAFE7BCF-E7DC-4A04-B92C-681AD3F2D4C0,MissouriUniversityofScienceTechnology,جامعة ميزوري للعلوم والتكنولوجيا,Missouri University of Science & Technology,<p>Address: {{Description}}</p>,<p>Address: {{Description}}</p>,740,BC4FF43D-C0A2-4C29-B47F-88A728EC2509,https://www.mst.edu/,{{Phone}},NULL,2651,,,Missouri University of Science & Technology
5B24B54D-EF36-4074-ABCB-A0B3FE6C0C8B,MontanaStateUniversity,جامعة ولاية مونتانا,Montana State University,<p>Address: {{Description}}</p>,<p>Address: {{Description}}</p>,742,BC4FF43D-C0A2-4C29-B47F-88A728EC2509,NULL,{{Phone}},NULL,2652,,,Montana State University
E766DA24-88DB-46B2-8EC6-A12E9445C63A,MontanaTechUniversity,جامعة مونتانا التكنولوجية,Montana Tech. University,<p>Address: {{Description}}</p>,<p>Address: {{Description}}</p>,743,BC4FF43D-C0A2-4C29-B47F-88A728EC2509,NULL,{{Phone}},NULL,565,,,Montana Tech. University
AC283B54-8B83-466B-975D-78ABA347A2B4,MontclairStateUniversity,جامعة مونتكلير ستيت,Montclair State University,<p>Address: {{Description}}</p>,<p>Address: {{Description}}</p>,744,BC4FF43D-C0A2-4C29-B47F-88A728EC2509,NULL,{{Phone}},NULL,4147,,,Montclair State University
E386C5D2-DDE2-4AE1-B42A-E4A4B5B836D6,TheArabianUniversityOfBeirut,الجامعة العربية في بيروت,The Arabian University Of Beirut,<p>Address: {{Description}}</p>,<p>Address: {{Description}}</p>,1035,B55F640A-91A7-416D-A051-2BC4354B7537,NULL,{{Phone}},NULL,617,,,The Arabian University Of Beirut
E3DB03E5-78FB-41F0-B57D-2DB976CFFC6E,MontgomeryCollege,كلية مونتغومري,Montgomery College,<p>Address: {{Description}}</p>,<p>Address: {{Description}}</p>,745,BC4FF43D-C0A2-4C29-B47F-88A728EC2509,NULL,{{Phone}},NULL,3508,,,Montgomery College
098CA00E-B5D9-4568-99B8-2D64CA5400AD,MorganStateUniversity,جامعة مورغان ستيت,Morgan State University,<p>Address: {{Description}}</p>,<p>Address: {{Description}}</p>,746,BC4FF43D-C0A2-4C29-B47F-88A728EC2509,NULL,{{Phone}},NULL,2397,,,Morgan State University
A825D232-D5CF-40C2-89B3-AA0209D918D6,NationalUniversity,الجامعة الوطنية,National University,<p>Address: {{Description}}</p>,<p>Address: {{Description}}</p>,777,BC4FF43D-C0A2-4C29-B47F-88A728EC2509,NULL,{{Phone}},NULL,1883,,,National University
CAABF506-1CB9-4AA5-AEB5-A722DAFDF693,NewJerseyInstituteofTechnology,معهد نيوجيرسي للتكنولوجيا,New Jersey Institute of Technology,<p>Address: {{Description}}</p>,<p>Address: {{Description}}</p>,789,BC4FF43D-C0A2-4C29-B47F-88A728EC2509,http://www.njit.edu/,{{Phone}},NULL,2829,,,New Jersey Institute of Technology
4B8919CE-33BD-42BB-AB62-103B98176471,TheNationalUniversityofScienceandTechnologyMISIS,الجامعة الوطنية للعلوم والتكنولوجيا - ميسيس,The National University of Science and Technology MISIS,<p>Address: {{Description}}</p>,<p>Address: {{Description}}</p>,1040,6BD31142-3A12-474E-A48B-973BE400F1A7,NULL,{{Phone}},NULL,4373,,,The National University of Science and Technology MISIS
B879B513-9539-4C66-A6B3-E86C319E6CA8,NewMexicoStateUniversity,جامعة ولاية نيو مكسيكو,New Mexico State University,<p>Address: {{Description}}</p>,<p>Address: {{Description}}</p>,790,BC4FF43D-C0A2-4C29-B47F-88A728EC2509,NULL,{{Phone}},NULL,2654,,,New Mexico State University
DF0780C9-28C0-4F06-AFE5-58402CBECE52,NewSchoolParsonsSchoolofDesign,بارسونز – مدرسة التصميم,"New School, Parsons School of Design",<p>Address: {{Description}}</p>,<p>Address: {{Description}}</p>,791,BC4FF43D-C0A2-4C29-B47F-88A728EC2509,NULL,{{Phone}},NULL,2833,,,"New School, Parsons School of Design"
1217D944-3DE1-4008-A851-DE0001C845E2,NewYorkInstituteofTechnology,معهد نيويورك للتكنولوجيا,New York Institute of Technology,<p>Address: {{Description}}</p>,<p>Address: {{Description}}</p>,792,BC4FF43D-C0A2-4C29-B47F-88A728EC2509,NULL,{{Phone}},NULL,568,,,New York Institute of Technology
2BFCB14C-372B-4016-BCE0-ADD5590E5E31,TheRoyalDanishAcademyofFineArtsKADK,الأكاديمية الملكية الدنماركية للفنون الجميلة,The Royal Danish Academy of Fine Arts (KADK),<p>Address: {{Description}}</p>,<p>Address: {{Description}}</p>,1044,87E8D792-A1C9-4900-AA9C-96787F67625B,NULL,{{Phone}},NULL,4456,,,The Royal Danish Academy of Fine Arts (KADK)
B032400F-0EB5-43A2-8E60-61E2E8EE8468,NewYorkUniversity,جامعة نيويورك,New York University,<p>Address: {{Description}}</p>,<p>Address: {{Description}}</p>,793,BC4FF43D-C0A2-4C29-B47F-88A728EC2509,http://www.nyu.edu/,{{Phone}},NULL,305,,,New York University
7410ECCF-CF41-4595-A3DB-6D7E5CA82A08,NorthCarolinaStateUniversity,جامعة ولاية كارولاينا الشمالية,North Carolina State University,<p>Address: {{Description}}</p>,<p>Address: {{Description}}</p>,794,BC4FF43D-C0A2-4C29-B47F-88A728EC2509,NULL,{{Phone}},NULL,2655,,,North Carolina State University
EA938935-3225-4C1E-BB16-E559ADF58B34,NorthCarolinaStateUniversityRaleigh,جامعة ولاية كارولينا الشمالية,"North Carolina State University, Raleigh",<p>Address: {{Description}}</p>,<p>Address: {{Description}}</p>,795,BC4FF43D-C0A2-4C29-B47F-88A728EC2509,https://www.ncsu.edu/,{{Phone}},NULL,256,,,"North Carolina State University, Raleigh"
7427A98B-796A-4FFB-BBCB-D8739FCCBFAD,NortheasternUniversity,جامعة نورث إيسترن,Northeastern University,<p>Address: {{Description}}</p>,<p>Address: {{Description}}</p>,796,BC4FF43D-C0A2-4C29-B47F-88A728EC2509,http://www.neu.edu/,{{Phone}},NULL,57,,,Northeastern University
B366AFAE-D2C2-4420-BFFB-1C3283831B56,TianjinUniversity,جامعة تيانجين,Tianjin University,<p>Address: {{Description}}</p>,<p>Address: {{Description}}</p>,1049,FFC985AF-DE1D-4346-9536-42391A71E6AD,www.tju.edu.cn,{{Phone}},NULL,3192,,,Tianjin University
E91E867B-DC9E-49B8-8C8B-97841400604F,TilburgUniversity,جامعة تيلبورغ,Tilburg University,<p>Address: {{Description}}</p>,<p>Address: {{Description}}</p>,1050,F1972BC9-B59A-4EA3-84CF-FEDA7EFF29A1,www.tilburguniversity.edu/,{{Phone}},NULL,3738,,,Tilburg University
9A94B07C-4AF1-46CB-ACE8-7849594A9EDA,TohokuUniversity,جامعة توهوكو,Tohoku University,<p>Address: {{Description}}</p>,<p>Address: {{Description}}</p>,1051,075E0DF0-A9BD-4C34-B089-95FF2D4D2A8A,web.bureau.tohoku.ac.jp/,{{Phone}},NULL,347,,,Tohoku University
DE2058AE-65DA-449A-9E5C-651751438984,TokaiUniversity,جامعة توكاي,Tokai University,<p>Address: {{Description}}</p>,<p>Address: {{Description}}</p>,1052,075E0DF0-A9BD-4C34-B089-95FF2D4D2A8A,NULL,{{Phone}},NULL,1996,,,Tokai University
9AE067CB-8948-492F-97FF-5EE15AD57745,TokyoInstituteofTechnology,معهد طوكيو للتكنولوجيا,Tokyo Institute of Technology,<p>Address: {{Description}}</p>,<p>Address: {{Description}}</p>,1053,075E0DF0-A9BD-4C34-B089-95FF2D4D2A8A,http://www.titech.ac.jp/,{{Phone}},NULL,41,,,Tokyo Institute of Technology
14600EA6-FB35-4154-9EBB-F4E7C1D39ED4,TokyoMedicalAndDentalUniversity,جامعة طوكيو الطبية وطب الأسنان,Tokyo Medical And Dental University,<p>Address: {{Description}}</p>,<p>Address: {{Description}}</p>,1054,075E0DF0-A9BD-4C34-B089-95FF2D4D2A8A,http://www.tmd.ac.jp/,{{Phone}},NULL,3758,,,Tokyo Medical And Dental University
DDE498A3-777C-4E71-AFD5-35BA13488B7C,TokyoMetropolitanUniversity,جامعة طوكيو متروبوليتان,Tokyo Metropolitan University,<p>Address: {{Description}}</p>,<p>Address: {{Description}}</p>,1055,075E0DF0-A9BD-4C34-B089-95FF2D4D2A8A,http://www.metro-u.ac.jp/,{{Phone}},NULL,3757,,,Tokyo Metropolitan University
607E6828-FCF9-443B-B2AF-32133255D953,TokyoUniversityofTechnology,جامعة طوكيو للتكنولوجيا,Tokyo University of Technology,<p>Address: {{Description}}</p>,<p>Address: {{Description}}</p>,1056,075E0DF0-A9BD-4C34-B089-95FF2D4D2A8A,NULL,{{Phone}},NULL,4252,,,Tokyo University of Technology
F9FE43C9-9C41-4C1A-AD3F-DE9925F6CDB0,TOMERANKARAUniversityIstanbul,جامعة أنقرة – مركز تعليم اللغة التركية تومر,TOMER - ANKARA University Istanbul,<p>Address: {{Description}}</p>,<p>Address: {{Description}}</p>,1057,4BF7C691-B2AE-4D6A-B934-8ECA5F2177B2,NULL,{{Phone}},NULL,4294,,,TOMER - ANKARA University Istanbul
092C7EEE-F0AF-440C-8062-632445681C95,TomskStateUniversity,جامعة تومسك الحكومية,Tomsk State University,<p>Address: {{Description}}</p>,<p>Address: {{Description}}</p>,1058,6BD31142-3A12-474E-A48B-973BE400F1A7,NULL,{{Phone}},NULL,4374,,,Tomsk State University
0C4349BA-0D82-4F12-8F58-D758E02F3808,TongjiUniversity,جامعة تونغجي,Tongji University,<p>Address: {{Description}}</p>,<p>Address: {{Description}}</p>,1059,FFC985AF-DE1D-4346-9536-42391A71E6AD,www.tongji.edu.cn,{{Phone}},NULL,3188,,,Tongji University
CF88F14C-AF95-4142-8E20-3FDCA9C1FF8C,TorontoMetropolitanUniversity,جامعة تورنتو متروبوليتان,Toronto Metropolitan University,<p>Address: {{Description}}</p>,<p>Address: {{Description}}</p>,1060,8460877D-3973-4A88-8B26-F4397E2F1316,NULL,{{Phone}},NULL,4451,,,Toronto Metropolitan University
C60542FB-185C-4027-AD92-848D14924294,TranslationandInterpretingInstitute,معهد الترجمة والتفسير,Translation and Interpreting Institute,<p>Address: {{Description}}</p>,<p>Address: {{Description}}</p>,1061,D1DF472C-5D2E-47DD-98AD-D5E693C5BA6F,NULL,{{Phone}},NULL,2327,,,Translation and Interpreting Institute
F0C2CBF3-4278-4D07-B6EE-315B8BBAC2C7,TrinityCollegeDublin,كلية الثالوث دبلن,Trinity College Dublin,<p>Address: {{Description}}</p>,<p>Address: {{Description}}</p>,1062,A42C4BB8-05C4-43C2-92C4-8FDC2148A4E9,https://www.tcd.ie/,{{Phone}},NULL,178,,,Trinity College Dublin
53DC7236-1CB5-455C-87A0-1DBD94659DEB,TsinghuaUniversity,جامعة تسينغهوا,Tsinghua University,<p>Address: {{Description}}</p>,<p>Address: {{Description}}</p>,1063,FFC985AF-DE1D-4346-9536-42391A71E6AD,www.tsinghua.edu.cn/,{{Phone}},NULL,3183,,,Tsinghua University
EA1FAB95-36F0-4AC7-8DB6-4EE765A9283F,NorthernArizonaUniversity,جامعة شمال أريزونا,Northern Arizona University,<p>Address: {{Description}}</p>,<p>Address: {{Description}}</p>,797,BC4FF43D-C0A2-4C29-B47F-88A728EC2509,NULL,{{Phone}},NULL,2837,,,Northern Arizona University
904F9BF5-8C77-4E58-9B43-0E80642413C9,TVETCollegesinSouthAfrica,كليات التعليم والتدريب التقني والمهني,TVET Colleges in South Africa,<p>Address: {{Description}}</p>,<p>Address: {{Description}}</p>,1065,80DB5A9E-9FFE-4420-8530-C56671F39698,NULL,{{Phone}},NULL,4575,,,TVET Colleges in South Africa
2961AC71-A560-4631-B152-CF7A11F98691,UAEUniversity,جامعة الإمارات العربية المتحدة,UAE University,<p>Address: {{Description}}</p>,<p>Address: {{Description}}</p>,1066,1BDC81B7-A509-4181-AB12-0010F8535AC4,NULL,{{Phone}},NULL,1069,,,UAE University
072E5B58-BF7A-4FC8-B9F0-2725D3C5A4B7,NorthernIllinoisUniversity,جامعة إلينوي الشمالية,Northern Illinois University,<p>Address: {{Description}}</p>,<p>Address: {{Description}}</p>,798,BC4FF43D-C0A2-4C29-B47F-88A728EC2509,http://www.niu.edu/,{{Phone}},NULL,2838,,,Northern Illinois University
8AA249BE-14AC-40E6-927D-4C16FD78D89D,NorthernVirginiaCommunityCollege,كلية شمال فرجينيا المجتمعية,Northern Virginia Community College,<p>Address: {{Description}}</p>,<p>Address: {{Description}}</p>,799,BC4FF43D-C0A2-4C29-B47F-88A728EC2509,NULL,{{Phone}},NULL,570,,,Northern Virginia Community College
E419898D-2121-451D-9337-910466C0E6EB,UCSIUniversity,جامعة UCSI,UCSI University,<p>Address: {{Description}}</p>,<p>Address: {{Description}}</p>,1069,3A2F27ED-DBC2-4F18-B229-1EBD1B83577B,NULL,{{Phone}},NULL,4412,,,UCSI University
8E38E0E6-C543-48E5-A0BB-56A459320B0C,UFUKUNIVERSITY,UFUK UNIVERSITY,UFUK UNIVERSITY,<p>Address: {{Description}}</p>,<p>Address: {{Description}}</p>,1070,4BF7C691-B2AE-4D6A-B934-8ECA5F2177B2,http://www.ou.edu/,{{Phone}},NULL,0,,,UFUKUNIVERSITY
71C3CAE3-2E9A-4832-849D-B6858CB10344,UKMQatarTheNationalUniversityofMalaysiaQatar,الجامعة الوطنية الماليزية - قطر,UKM - Qatar (The National University of Malaysia - Qatar),<p>Address: {{Description}}</p>,<p>Address: {{Description}}</p>,1071,D1DF472C-5D2E-47DD-98AD-D5E693C5BA6F,NULL,{{Phone}},NULL,4613,,,UKM - Qatar (The National University of Malaysia - Qatar)
820B651E-5EEC-4ACD-9279-B6B22BC81E23,UlsanNationalInstituteofScienceandTechnology,المعهد الوطني للعلوم والتقنية - أولسان,Ulsan National Institute of Science and Technology,<p>Address: {{Description}}</p>,<p>Address: {{Description}}</p>,1072,4EC45433-C178-4920-91B5-51459C956B21,NULL,{{Phone}},NULL,4376,,,Ulsan National Institute of Science and Technology
E57480C1-5D1F-443D-B2B3-8446D014EDAA,NorthVirginiaCommunityCollege,كلية نورثرن فرجينيا المجتمعية,North Virginia Community College,<p>Address: {{Description}}</p>,<p>Address: {{Description}}</p>,802,BC4FF43D-C0A2-4C29-B47F-88A728EC2509,NULL,{{Phone}},NULL,2117,,,North Virginia Community College
FF2AC5B3-2FD4-4ED4-89C7-5F8DD51692BB,UmDormanUniversity,جامعة أم درمان,Um Dorman University,<p>Address: {{Description}}</p>,<p>Address: {{Description}}</p>,1074,4B62C56C-20CD-4241-8290-B532BC589E70,NULL,{{Phone}},NULL,624,,,Um Dorman University
89A033BE-29A6-43E8-8E25-A16EC1444D97,UmeaUniversity,جامعة أوميو,Umea University,<p>Address: {{Description}}</p>,<p>Address: {{Description}}</p>,1075,4EE77F72-AB6D-46D7-A924-03342D48A1DE,NULL,{{Phone}},NULL,4387,,,Umea University
94AC7A8A-ED3E-464A-9BD6-54BCFA3EF484,UmeUniversity,جامعة أوميو,Umeå University,<p>Address: {{Description}}</p>,<p>Address: {{Description}}</p>,1076,4EE77F72-AB6D-46D7-A924-03342D48A1DE,www.umu.se/english,{{Phone}},NULL,3297,,,Umeå University
15A69ACE-5076-4D8F-9570-11B47F211169,UmmAlQuraUniversity,جامعة أم القرى,Umm Al-Qura University,<p>Address: {{Description}}</p>,<p>Address: {{Description}}</p>,1077,993E5108-1F39-49FE-93F9-D4AB8A0EEE1B,NULL,{{Phone}},NULL,2499,,,Umm Al-Qura University
49F1E22A-6D6B-44B4-AA90-F506B9EFD910,UmmDarmanCollege,كلية أم درمان,Umm Darman College,<p>Address: {{Description}}</p>,<p>Address: {{Description}}</p>,1078,4B62C56C-20CD-4241-8290-B532BC589E70,NULL,{{Phone}},NULL,626,,,Umm Darman College
26517EBC-15BA-41A0-9C50-35E6711CC89B,UnitedArabEmiratesUniversity,جامعة الإمارات العربية المتحدة,United Arab Emirates University,<p>Address: {{Description}}</p>,<p>Address: {{Description}}</p>,1079,1BDC81B7-A509-4181-AB12-0010F8535AC4,www.uaeu.ac.ae/,{{Phone}},NULL,3714,,,United Arab Emirates University
88DD6E58-75FC-41CE-80B0-307E393722F1,UniveritedeTours,جامعة تورز (فرانسوا رابليه),Univerite de Tours,<p>Address: {{Description}}</p>,<p>Address: {{Description}}</p>,1080,697C7D6B-6E81-416B-8F94-C01AE8A678E1,NULL,{{Phone}},NULL,1812,,,Univerite de Tours
33C4DDAE-FED1-4B82-9AD1-FD7D7D1B2E17,UniversidadAdolfoIbez,جامعة أدولفو إيبانيز,Universidad Adolfo Ibáñez,<p>Address: {{Description}}</p>,<p>Address: {{Description}}</p>,1081,B92EDE6E-AF53-43EE-9194-9A3DA68BB989,NULL,{{Phone}},NULL,4418,,,Universidad Adolfo Ibáñez
DF903486-9157-46D1-8AA4-25622D5D3194,UniversidadAutnomadelEstadodeMxicoUAEMex,الجامعة المستقلة لولاية مكسيكو,Universidad Autónoma del Estado de México (UAEMex),<p>Address: {{Description}}</p>,<p>Address: {{Description}}</p>,1082,8B3ABB14-F108-4241-A8DA-9DE24D53B14A,NULL,{{Phone}},NULL,4484,,,Universidad Autónoma del Estado de México (UAEMex)
B8641743-5062-4CCC-8FA2-01AB8B4B6D2D,UniversidadAutnomaDeMadrid,جامعة مدريد المستقلة,Universidad Autónoma De Madrid,<p>Address: {{Description}}</p>,<p>Address: {{Description}}</p>,1083,F0FABF42-8D0C-4BAA-8535-7D3FA80FA2D6,www.uam.es/,{{Phone}},NULL,225,,,Universidad Autónoma De Madrid
F5092BC7-4B3C-419B-A938-63C43EC60978,UniversidadAutnomaMetropolitanaUAM,الجامعة المستقلة الحضرية في المكسيك,Universidad Autónoma Metropolitana (UAM),<p>Address: {{Description}}</p>,<p>Address: {{Description}}</p>,1084,8B3ABB14-F108-4241-A8DA-9DE24D53B14A,NULL,{{Phone}},NULL,4485,,,Universidad Autónoma Metropolitana (UAM)
07617C9D-80C7-4203-BD36-5109452093E7,UniversidadCarlosIIIdeMadrid,جامعة كارلوس الثالث في مدريد,Universidad Carlos III de Madrid,<p>Address: {{Description}}</p>,<p>Address: {{Description}}</p>,1085,F0FABF42-8D0C-4BAA-8535-7D3FA80FA2D6,www.uc3m.es/,{{Phone}},NULL,3728,,,Universidad Carlos III de Madrid
355F930C-EC20-4E02-884F-57E5860AB645,UniversidadComplutenseDeMadrid,جامعة كمبلوتنسي بمدريد,Universidad Complutense De Madrid,<p>Address: {{Description}}</p>,<p>Address: {{Description}}</p>,1086,F0FABF42-8D0C-4BAA-8535-7D3FA80FA2D6,https://www.ucm.es/english,{{Phone}},NULL,3284,,,Universidad Complutense De Madrid
D37DC49D-D756-4007-B69C-7B35F2E18067,UniversidadDeGranada,جامعة غرناطة,Universidad De Granada,<p>Address: {{Description}}</p>,<p>Address: {{Description}}</p>,1087,F0FABF42-8D0C-4BAA-8535-7D3FA80FA2D6,www.ugr.es/en/,{{Phone}},NULL,2351,,,Universidad De Granada
F7FD26CD-257E-48BE-9229-6102F9467289,UniversidaddelasAmricasPueblaUDLAP,جامعة الأمريكيتين في بويبلا,Universidad de las Américas Puebla (UDLAP),<p>Address: {{Description}}</p>,<p>Address: {{Description}}</p>,1088,8B3ABB14-F108-4241-A8DA-9DE24D53B14A,NULL,{{Phone}},NULL,4486,,,Universidad de las Américas Puebla (UDLAP)
F500C40C-F868-497D-AB0D-68BED0BE4DB1,UniversidaddeLasPalmasdeGranCanaria,جامعة لاس بالماس دي غران كناريا,Universidad de Las Palmas de Gran Canaria,<p>Address: {{Description}}</p>,<p>Address: {{Description}}</p>,1089,F0FABF42-8D0C-4BAA-8535-7D3FA80FA2D6,NULL,{{Phone}},NULL,4506,,,Universidad de Las Palmas de Gran Canaria
4A8769E3-2A5F-4C60-8B01-5D02E930A9B6,UniversidaddelDesarrolloUDD,جامعة التنمية,Universidad del Desarrollo (UDD),<p>Address: {{Description}}</p>,<p>Address: {{Description}}</p>,1090,B92EDE6E-AF53-43EE-9194-9A3DA68BB989,NULL,{{Phone}},NULL,4452,,,Universidad del Desarrollo (UDD)
6D196A75-9CD8-4D6D-9212-532A63E08B77,UniversidaddelosAndes,جامعة لوس أندس,Universidad de los Andes,<p>Address: {{Description}}</p>,<p>Address: {{Description}}</p>,1091,51FBB47E-4D01-4317-99F0-521CCE11F88E,NULL,{{Phone}},NULL,4342,,,Universidad de los Andes
E5A10B5F-488B-4CB2-92B6-8ACA3ECED160,UniversidaddelRosario,جامعة ديل روساريو,Universidad del Rosario,<p>Address: {{Description}}</p>,<p>Address: {{Description}}</p>,1092,51FBB47E-4D01-4317-99F0-521CCE11F88E,NULL,{{Phone}},NULL,4421,,,Universidad del Rosario
434FCDBD-D256-4F76-9FB4-7A5332D59EB0,UniversidadDeNavarra,جامعة نافارا الخاصة,Universidad De Navarra,<p>Address: {{Description}}</p>,<p>Address: {{Description}}</p>,1093,F0FABF42-8D0C-4BAA-8535-7D3FA80FA2D6,www.unav.edu/en,{{Phone}},NULL,3726,,,Universidad De Navarra
6768388F-C871-499E-8A78-74C2855A4E90,UniversidaddePalermoUP,جامعة باليرمو,Universidad de Palermo (UP),<p>Address: {{Description}}</p>,<p>Address: {{Description}}</p>,1094,B4182CAE-3B82-4871-A0B2-B871019B06EB,NULL,{{Phone}},NULL,4599,,,Universidad de Palermo (UP)
D8CC3289-7B85-4458-86AE-A6BED408F127,UniversidadDeSalamanca,جامعة شلمنقة,Universidad De Salamanca,<p>Address: {{Description}}</p>,<p>Address: {{Description}}</p>,1095,F0FABF42-8D0C-4BAA-8535-7D3FA80FA2D6,www.usal.es/,{{Phone}},NULL,3725,,,Universidad De Salamanca
87B84E56-1967-4449-917E-6A56DA6A63AE,UniversidaddeSantiagodeChile,"جامعة سانتياغو، تشيلي",Universidad de Santiago de Chile,<p>Address: {{Description}}</p>,<p>Address: {{Description}}</p>,1096,B92EDE6E-AF53-43EE-9194-9A3DA68BB989,NULL,{{Phone}},NULL,4391,,,Universidad de Santiago de Chile
79957A4C-76DD-4AA9-8415-584BEA90BE1A,UniversidadDeSevilla,جامعة إشبيلية,Universidad De Sevilla,<p>Address: {{Description}}</p>,<p>Address: {{Description}}</p>,1097,F0FABF42-8D0C-4BAA-8535-7D3FA80FA2D6,www.us.es/,{{Phone}},NULL,3724,,,Universidad De Sevilla
9810E053-9820-457B-B615-101C25DEFC9C,UniversidadDeZaragoza,جامعة سرقسطة,Universidad De Zaragoza,<p>Address: {{Description}}</p>,<p>Address: {{Description}}</p>,1098,F0FABF42-8D0C-4BAA-8535-7D3FA80FA2D6,www.unizar.es/EN,{{Phone}},NULL,3289,,,Universidad De Zaragoza
FFED4CEC-E448-49FC-AB44-E29D46305E22,UniversidadDiegoPortalesUDP,جامعة دييغو بورتاليس,Universidad Diego Portales (UDP),<p>Address: {{Description}}</p>,<p>Address: {{Description}}</p>,1099,B92EDE6E-AF53-43EE-9194-9A3DA68BB989,NULL,{{Phone}},NULL,4419,,,Universidad Diego Portales (UDP)
C42E1E5B-3E25-4637-AC8A-74CFBC398C2D,UniversidadeEstadualPaulistaUNESP,الجامعة الحكومية في ساو باولو (يونيسب),Universidade Estadual Paulista (UNESP),<p>Address: {{Description}}</p>,<p>Address: {{Description}}</p>,1100,1C3C12AF-0A4B-49C2-94D0-76A1FE46A634,NULL,{{Phone}},NULL,4336,,,Universidade Estadual Paulista (UNESP)
E21EA474-2268-4A10-A280-5DC95C22BDCE,UniversidadeFederaldoRioGrandeDoSul,جامعة ريو غراندي دو سول الفيدرالية,Universidade Federal do Rio Grande Do Sul,<p>Address: {{Description}}</p>,<p>Address: {{Description}}</p>,1101,1C3C12AF-0A4B-49C2-94D0-76A1FE46A634,NULL,{{Phone}},NULL,4382,,,Universidade Federal do Rio Grande Do Sul
5762A9A6-E9CF-484B-AD2D-0BB368F18978,UniversidadeLusofona,جامعة لوسوفونا,Universidade Lusofona,<p>Address: {{Description}}</p>,<p>Address: {{Description}}</p>,1102,834E31D6-3358-46FD-AFBD-453E237358D2,NULL,{{Phone}},NULL,4625,,,Universidade Lusofona
40A25796-EFA4-4EB1-ABE9-97F072380BFC,UniversidadeNovaDeLisboa,جامعة نوفا دي لشبونة,Universidade Nova De Lisboa,<p>Address: {{Description}}</p>,<p>Address: {{Description}}</p>,1103,834E31D6-3358-46FD-AFBD-453E237358D2,www.unl.pt/en/,{{Phone}},NULL,3732,,,Universidade Nova De Lisboa
0EABEA7B-7413-4820-9319-8605E3242AB2,UniversidadEuropeadeMadrid,جامعة أوروبا - مدريد,Universidad Europea de Madrid,<p>Address: {{Description}}</p>,<p>Address: {{Description}}</p>,1104,F0FABF42-8D0C-4BAA-8535-7D3FA80FA2D6,NULL,{{Phone}},NULL,4328,,,Universidad Europea de Madrid
C5626A5A-3F72-4C61-9AD9-B7E5D06ECE5B,UniversidadExternadodeColombia,جامعة إكستيرنادو الكولومبية,Universidad Externado de Colombia,<p>Address: {{Description}}</p>,<p>Address: {{Description}}</p>,1105,51FBB47E-4D01-4317-99F0-521CCE11F88E,NULL,{{Phone}},NULL,4453,,,Universidad Externado de Colombia
017717A5-4340-42C4-90BC-20410EC18DFE,UniversidadIberoamericanaIBERO,الجامعة الأيبيرية الأمريكية,Universidad Iberoamericana IBERO,<p>Address: {{Description}}</p>,<p>Address: {{Description}}</p>,1106,8B3ABB14-F108-4241-A8DA-9DE24D53B14A,NULL,{{Phone}},NULL,4435,,,Universidad Iberoamericana IBERO
6D2DC19B-D788-4546-ABC3-0864680C112F,UniversidadNacionaldeColombia,الجامعة الوطنية الكولومبية,Universidad Nacional de Colombia,<p>Address: {{Description}}</p>,<p>Address: {{Description}}</p>,1107,51FBB47E-4D01-4317-99F0-521CCE11F88E,NULL,{{Phone}},NULL,4343,,,Universidad Nacional de Colombia
9AC633A5-90EF-4405-9E81-B766568BA0BA,UniversidadNacionaldeLaPlataUNLP,الجامعة الوطنية في لا بلاتا,Universidad Nacional de La Plata (UNLP),<p>Address: {{Description}}</p>,<p>Address: {{Description}}</p>,1108,B4182CAE-3B82-4871-A0B2-B871019B06EB,NULL,{{Phone}},NULL,4331,,,Universidad Nacional de La Plata (UNLP)
38F80BBD-51B7-4938-9154-6CF5CF699167,UniversidadPanamericanaUP,جامعة باناميريكانا,Universidad Panamericana (UP),<p>Address: {{Description}}</p>,<p>Address: {{Description}}</p>,1109,8B3ABB14-F108-4241-A8DA-9DE24D53B14A,NULL,{{Phone}},NULL,4487,,,Universidad Panamericana (UP)
E843489C-659B-44B9-B8FA-642C8D1722BA,UniversidadPolitcnicadeMadrid,جامعة مدريد التقنية العامة,Universidad Politécnica de Madrid,<p>Address: {{Description}}</p>,<p>Address: {{Description}}</p>,1110,F0FABF42-8D0C-4BAA-8535-7D3FA80FA2D6,www.upm.es,{{Phone}},NULL,3729,,,Universidad Politécnica de Madrid
57B7C91E-D421-4C26-BAE0-526AB7D1EC7F,UniversidadPolitecnicaDeValencia,جامعة فالنسيا التقنية,Universidad Politecnica De Valencia,<p>Address: {{Description}}</p>,<p>Address: {{Description}}</p>,1111,F0FABF42-8D0C-4BAA-8535-7D3FA80FA2D6,www.upv.es/index-en.html,{{Phone}},NULL,3287,,,Universidad Politecnica De Valencia
93F2137E-79D9-4FEA-885B-23218D0EFD82,UniversidadReyJuanCarlos,جامعة الملك خوان كارلوس,Universidad Rey Juan Carlos,<p>Address: {{Description}}</p>,<p>Address: {{Description}}</p>,1112,F0FABF42-8D0C-4BAA-8535-7D3FA80FA2D6,NULL,{{Phone}},NULL,4507,,,Universidad Rey Juan Carlos
2F3DE444-01BC-4748-A101-83876D96456F,UniversidadSanFranciscodeQuitoUSFQ,جامعة سان فرانسيسكو دي كيتو,Universidad San Francisco de Quito (USFQ),<p>Address: {{Description}}</p>,<p>Address: {{Description}}</p>,1113,D623ABCD-B2AB-4011-A5CB-D17700901B52,NULL,{{Phone}},NULL,4457,,,Universidad San Francisco de Quito (USFQ)
E57D94BE-6C62-428F-BCCB-0B5E1BB8D265,UniversidadSanPabloCEU,جامعة سيو سان بابلو,Universidad San Pablo CEU,<p>Address: {{Description}}</p>,<p>Address: {{Description}}</p>,1114,F0FABF42-8D0C-4BAA-8535-7D3FA80FA2D6,NULL,{{Phone}},NULL,627,,,Universidad San Pablo CEU
0402DF8D-F17B-4DEB-9FF2-EF391D148978,UniversitAixMarseille,جامعة إيكس مرسيليا,Université Aix-Marseille,<p>Address: {{Description}}</p>,<p>Address: {{Description}}</p>,1115,697C7D6B-6E81-416B-8F94-C01AE8A678E1,www.univ-amu.fr/,{{Phone}},NULL,3798,,,Université Aix-Marseille
BC7D1295-0DAA-45D1-B5A9-D440DE23713E,UniversitasGadjahMada,جامعة جاجاه مادا,Universitas Gadjah Mada,<p>Address: {{Description}}</p>,<p>Address: {{Description}}</p>,1116,C6887CE4-4FB8-4F32-8B6C-C3E537A85E7D,www.ugm.ac.id/en/,{{Phone}},NULL,3783,,,Universitas Gadjah Mada
E521C905-D3DD-4C6F-BF15-4A53712D46C9,UniversitasNegeriYogyakarta,جامعة يوجياكارتا الحكومية,Universitas Negeri Yogyakarta,<p>Address: {{Description}}</p>,<p>Address: {{Description}}</p>,1117,C6887CE4-4FB8-4F32-8B6C-C3E537A85E7D,NULL,{{Phone}},NULL,4398,,,Universitas Negeri Yogyakarta
E835FC6A-F1E1-4B35-A477-D4103CFF7CB9,UniversitasPendidikanIndonesia,جامعة إندونيسيا للتربية,Universitas Pendidikan Indonesia,<p>Address: {{Description}}</p>,<p>Address: {{Description}}</p>,1118,C6887CE4-4FB8-4F32-8B6C-C3E537A85E7D,NULL,{{Phone}},NULL,4399,,,Universitas Pendidikan Indonesia
4CB0A5F2-8D91-45FB-98E1-C56C297B747D,UniversitatAutnomaDeBarcelona,جامعة برشلونة المستقلة,Universitat Autónoma De Barcelona,<p>Address: {{Description}}</p>,<p>Address: {{Description}}</p>,1119,F0FABF42-8D0C-4BAA-8535-7D3FA80FA2D6,www.uab.cat/,{{Phone}},NULL,3282,,,Universitat Autónoma De Barcelona
6D35FB72-44F7-4359-B39A-E5E51C517DE9,UniversitatDeBarcelona,جامعة برشلونة,Universitat De Barcelona,<p>Address: {{Description}}</p>,<p>Address: {{Description}}</p>,1120,F0FABF42-8D0C-4BAA-8535-7D3FA80FA2D6,www.ub.edu/web/ub/en/,{{Phone}},NULL,379,,,Universitat De Barcelona
1D479B09-D449-4F5C-B87E-73584C7BBF50,UniversitatDeValencia,جامعة فالنسيا,Universitat De Valencia,<p>Address: {{Description}}</p>,<p>Address: {{Description}}</p>,1121,F0FABF42-8D0C-4BAA-8535-7D3FA80FA2D6,www.uv.es/,{{Phone}},NULL,3286,,,Universitat De Valencia
12AEEDD2-2F29-436C-81F9-5CDAD2A4C048,UniversitatPolitcnicaDeCatalunya,جامعة كاتالونيا التقنية,Universitat Politècnica De Catalunya,<p>Address: {{Description}}</p>,<p>Address: {{Description}}</p>,1122,F0FABF42-8D0C-4BAA-8535-7D3FA80FA2D6,www.upc.edu/,{{Phone}},NULL,3723,,,Universitat Politècnica De Catalunya
4DC5B6C4-3E2A-41A5-AE83-21C7795EDEF0,UniversitatPompeuFabra,جامعة بومبيو فابرا,Universitat Pompeu Fabra,<p>Address: {{Description}}</p>,<p>Address: {{Description}}</p>,1123,F0FABF42-8D0C-4BAA-8535-7D3FA80FA2D6,www.upf.edu/en/,{{Phone}},NULL,3285,,,Universitat Pompeu Fabra
11387C29-69A6-43B8-9450-857B44C3BE52,UniversitatRamonLlull,جامعة رامون لول,Universitat Ramon Llull,<p>Address: {{Description}}</p>,<p>Address: {{Description}}</p>,1124,F0FABF42-8D0C-4BAA-8535-7D3FA80FA2D6,NULL,{{Phone}},NULL,4443,,,Universitat Ramon Llull
4F747A2E-8642-496E-A875-FF093F09D49C,UniversitBourgogneFrancheComtUBFC,جامعة بورغونيا فرانش كومتيه,Université Bourgogne Franche-Comté (UBFC),<p>Address: {{Description}}</p>,<p>Address: {{Description}}</p>,1125,697C7D6B-6E81-416B-8F94-C01AE8A678E1,NULL,{{Phone}},NULL,4184,,,Université Bourgogne Franche-Comté (UBFC)
A298A4BC-BB94-4C58-8C2E-4C3D94E71335,UniversitCatholiqueDeLouvainUCLouvain,جامعة لوفان الكاثوليكية,Université Catholique De Louvain (UCLouvain),<p>Address: {{Description}}</p>,<p>Address: {{Description}}</p>,1126,C09AC279-57A9-4005-919D-15A67287434A,www.uclouvain.be/,{{Phone}},NULL,3800,,,Université Catholique De Louvain (UCLouvain)
4B6C565A-4C6E-472C-BC90-551CA0BD7582,UniversitCattolicaDelSacroCuore,جامعة الكاثوليكية للقلب المقدس,Università Cattolica Del Sacro Cuore,<p>Address: {{Description}}</p>,<p>Address: {{Description}}</p>,1127,8EA4214D-3BBC-4296-9CC0-8873A293313C,www.unicatt.it/,{{Phone}},NULL,3776,,,Università Cattolica Del Sacro Cuore
6F95E854-837D-46B0-BC8A-22F97E0A9042,UniversitClaudeBernardLyon,جامعة كلود برنار ليون 1,Université Claude Bernard Lyon 1,<p>Address: {{Description}}</p>,<p>Address: {{Description}}</p>,1128,697C7D6B-6E81-416B-8F94-C01AE8A678E1,www.univ-lyon1.fr/,{{Phone}},NULL,1319,,,Université Claude Bernard Lyon 1
93D11044-BEAF-409C-ACFA-ED0C80C4A8CA,UniversitDeBordeaux,جامعة بوردو,Université De Bordeaux,<p>Address: {{Description}}</p>,<p>Address: {{Description}}</p>,1129,697C7D6B-6E81-416B-8F94-C01AE8A678E1,www.u-bordeaux1.fr/,{{Phone}},NULL,3801,,,Université De Bordeaux
D7C5DF3B-23A6-4CE9-8DF7-F643CB990485,UniversitDegliStudiDiMilano,جامعة ميلانو,Università Degli Studi Di Milano,<p>Address: {{Description}}</p>,<p>Address: {{Description}}</p>,1130,8EA4214D-3BBC-4296-9CC0-8873A293313C,www.unimi.it/ENG/,{{Phone}},NULL,3773,,,Università Degli Studi Di Milano
C2EB2C96-7C07-451B-A139-CD48653BB67C,UniversitDegliStudiDiPadova,جامعة بادوفا,Università Degli Studi Di Padova,<p>Address: {{Description}}</p>,<p>Address: {{Description}}</p>,1131,8EA4214D-3BBC-4296-9CC0-8873A293313C,www.unipd.it/,{{Phone}},NULL,3770,,,Università Degli Studi Di Padova
CF492148-173E-4016-9CED-4EBAFB740D57,UniversitDegliStudiDiPavia,جامعة بافيا,Università Degli Studi Di Pavia,<p>Address: {{Description}}</p>,<p>Address: {{Description}}</p>,1132,8EA4214D-3BBC-4296-9CC0-8873A293313C,www.unipv.eu/site/en/,{{Phone}},NULL,3769,,,Università Degli Studi Di Pavia
2906C254-B44E-49AD-B066-1E7AD4A66531,UniversitDegliStudiDiRomaTorVergata,جامعة روما تور فيرغاتا,Universitá Degli Studi Di Roma - Tor Vergata,<p>Address: {{Description}}</p>,<p>Address: {{Description}}</p>,1133,8EA4214D-3BBC-4296-9CC0-8873A293313C,www.uniroma2.it/,{{Phone}},NULL,3767,,,Universitá Degli Studi Di Roma - Tor Vergata
D794D3AE-1B05-44FB-8D35-B1ACD3F90AE7,UniversitDegliStudiDiTorino,جامعة تورينو,Università Degli Studi Di Torino,<p>Address: {{Description}}</p>,<p>Address: {{Description}}</p>,1134,8EA4214D-3BBC-4296-9CC0-8873A293313C,www.unito.it/,{{Phone}},NULL,3765,,,Università Degli Studi Di Torino
67E6771B-26B8-4315-A684-71A85611ABED,UniversitDegliStudiDiTrento,جامعة ترينتو,Università Degli Studi Di Trento,<p>Address: {{Description}}</p>,<p>Address: {{Description}}</p>,1135,8EA4214D-3BBC-4296-9CC0-8873A293313C,www.unitn.it/en,{{Phone}},NULL,3764,,,Università Degli Studi Di Trento
3C4D9B6F-F83D-4485-8A33-39E14F8BAAC9,UniversitdeglistudiRomaTre,جامعة روما الثالثة,Università degli studi Roma Tre,<p>Address: {{Description}}</p>,<p>Address: {{Description}}</p>,1136,8EA4214D-3BBC-4296-9CC0-8873A293313C,NULL,{{Phone}},NULL,4595,,,Università degli studi Roma Tre
E75E4953-BCC6-45B8-B143-8B8F3ED3A2E8,UniversitDeLorraine,جامعة لورين,Université De Lorraine,<p>Address: {{Description}}</p>,<p>Address: {{Description}}</p>,1137,697C7D6B-6E81-416B-8F94-C01AE8A678E1,www.univ-lorraine.fr/,{{Phone}},NULL,3579,,,Université De Lorraine
DAB39156-7CD0-4D85-BB91-F8D87CCA899D,UniversitDeRennes,جامعة رين 1,Université De Rennes 1,<p>Address: {{Description}}</p>,<p>Address: {{Description}}</p>,1138,697C7D6B-6E81-416B-8F94-C01AE8A678E1,www.univ-rennes1.fr/english/,{{Phone}},NULL,3583,,,Université De Rennes 1
AB33EE42-2B55-4452-903D-5018E88D79CA,UniversitDeStrasbourg,جامعة ستراسبورغ,Université De Strasbourg,<p>Address: {{Description}}</p>,<p>Address: {{Description}}</p>,1139,697C7D6B-6E81-416B-8F94-C01AE8A678E1,https://www.unistra.fr/,{{Phone}},NULL,264,,,Université De Strasbourg
3971F861-B959-4322-A650-AA839007453D,UniversitdeTechnologiedeCompigneUTC,جامعة التكنولوجيا في كومبيين,Université de Technologie de Compiègne (UTC),<p>Address: {{Description}}</p>,<p>Address: {{Description}}</p>,1140,697C7D6B-6E81-416B-8F94-C01AE8A678E1,NULL,{{Phone}},NULL,4350,,,Université de Technologie de Compiègne (UTC)
D2DD909F-0EA5-45B8-8C9D-D9D5426647C3,UniversitdeTechnologiedeTroyesUTT,جامعة التكنولوجيا في تروا,Université de Technologie de Troyes (UTT),<p>Address: {{Description}}</p>,<p>Address: {{Description}}</p>,1141,697C7D6B-6E81-416B-8F94-C01AE8A678E1,NULL,{{Phone}},NULL,4594,,,Université de Technologie de Troyes (UTT)
706C0589-0D0B-48FE-8551-3FF37D93938C,UniversitDiPisa,جامعة بيزا,Università Di Pisa,<p>Address: {{Description}}</p>,<p>Address: {{Description}}</p>,1142,8EA4214D-3BBC-4296-9CC0-8873A293313C,www.unipi.it/,{{Phone}},NULL,375,,,Università Di Pisa
66D1FD52-5C19-4066-AA0D-61EF916C0253,UniversitDuQubec,جامعة كيبيك,Université Du Québec,<p>Address: {{Description}}</p>,<p>Address: {{Description}}</p>,1143,8460877D-3973-4A88-8B26-F4397E2F1316,www.uquebec.ca/,{{Phone}},NULL,3180,,,Université Du Québec
27DC3673-A435-4895-982F-9ED587F14F69,UniversitedoBordeaux,جامعة بوردو الرابعة – مونتسكيو,Universite do Bordeaux 4,<p>Address: {{Description}}</p>,<p>Address: {{Description}}</p>,1144,697C7D6B-6E81-416B-8F94-C01AE8A678E1,NULL,{{Phone}},NULL,1813,,,Universite do Bordeaux 4
05453628-E112-443C-AC70-B3AB4B4FCE26,UniversiteJeanMonetSaintEtienne,جامعة جان مونيه - سانت إتيان,Universite Jean Monet Saint - Etienne,<p>Address: {{Description}}</p>,<p>Address: {{Description}}</p>,1145,697C7D6B-6E81-416B-8F94-C01AE8A678E1,NULL,{{Phone}},NULL,1616,,,Universite Jean Monet Saint - Etienne
351CC8D2-2613-478F-A60A-86C397BCE989,UniversiteMontpellierIII,جامعة بول فاليري – مونبلييه 3,Universite Montpellier III,<p>Address: {{Description}}</p>,<p>Address: {{Description}}</p>,1146,697C7D6B-6E81-416B-8F94-C01AE8A678E1,NULL,{{Phone}},NULL,1279,,,Universite Montpellier III
923F81E3-38B7-4107-92C9-755020856138,UniversitiKebangsaanMalaysia,الجامعة الوطنية الماليزية,Universiti Kebangsaan Malaysia,<p>Address: {{Description}}</p>,<p>Address: {{Description}}</p>,1147,3A2F27ED-DBC2-4F18-B229-1EBD1B83577B,www.ukm.my/news/,{{Phone}},NULL,1467,,,Universiti Kebangsaan Malaysia
799EBB13-E9BF-4E4E-B3BC-C44A52EBFEDB,UniversitiKebangsaanMalaysiaUKM,الجامعة الوطنية الماليزية,Universiti Kebangsaan Malaysia (UKM),<p>Address: {{Description}}</p>,<p>Address: {{Description}}</p>,1148,3A2F27ED-DBC2-4F18-B229-1EBD1B83577B,NULL,{{Phone}},NULL,3235,,,Universiti Kebangsaan Malaysia (UKM)
540E85C0-70AA-487C-BCBB-D901AFF4602A,UniversitiPendidikanSultanIdrisUPSI,جامعة السلطان إدريس للتربية,Universiti Pendidikan Sultan Idris (UPSI),<p>Address: {{Description}}</p>,<p>Address: {{Description}}</p>,1149,3A2F27ED-DBC2-4F18-B229-1EBD1B83577B,NULL,{{Phone}},NULL,4402,,,Universiti Pendidikan Sultan Idris (UPSI)
EABB606C-211C-4C61-A7D9-0CB8B6EF2F4D,UniversitiPutraMalaysia,جامعة بوترا الماليزية,Universiti Putra Malaysia,<p>Address: {{Description}}</p>,<p>Address: {{Description}}</p>,1150,3A2F27ED-DBC2-4F18-B229-1EBD1B83577B,www.upm.edu.my/,{{Phone}},NULL,3236,,,Universiti Putra Malaysia
5DA43C6A-3E41-4A88-820A-6FA7B17C8ED4,UniversitiSainsMalaysia,جامعة العلوم الماليزية,Universiti Sains Malaysia,<p>Address: {{Description}}</p>,<p>Address: {{Description}}</p>,1151,3A2F27ED-DBC2-4F18-B229-1EBD1B83577B,www.usm.my/,{{Phone}},NULL,1409,,,Universiti Sains Malaysia
181144F1-4C70-4982-A3F5-5E758699677C,UniversitiTeknikalMalaysiaMelakaUTeM,الجامعة التقنية الماليزية في ملاكا,Universiti Teknikal Malaysia Melaka (UTeM),<p>Address: {{Description}}</p>,<p>Address: {{Description}}</p>,1152,3A2F27ED-DBC2-4F18-B229-1EBD1B83577B,NULL,{{Phone}},NULL,4565,,,Universiti Teknikal Malaysia Melaka (UTeM)
557C95DF-6A13-4212-9AB2-1F5533616226,UniversitiTeknologiMalaysia,جامعة التكنولوجيا الماليزية,Universiti Teknologi Malaysia,<p>Address: {{Description}}</p>,<p>Address: {{Description}}</p>,1153,3A2F27ED-DBC2-4F18-B229-1EBD1B83577B,www.utm.my/,{{Phone}},NULL,3237,,,Universiti Teknologi Malaysia
152D5ECB-3894-4A2D-BBE7-5E089DBBECD5,UniversitiTeknologiMara,جامعة التكنولوجيا مارا,Universiti Teknologi Mara,<p>Address: {{Description}}</p>,<p>Address: {{Description}}</p>,1154,3A2F27ED-DBC2-4F18-B229-1EBD1B83577B,www.uitm.edu.my/,{{Phone}},NULL,3739,,,Universiti Teknologi Mara
C740A3C5-F8F4-4A8D-9A41-6CDC16D330E5,UniversitiTeknologiPETRONAS,جامعة تكنولوجي بتروناس,Universiti Teknologi PETRONAS,<p>Address: {{Description}}</p>,<p>Address: {{Description}}</p>,1155,3A2F27ED-DBC2-4F18-B229-1EBD1B83577B,NULL,{{Phone}},NULL,4360,,,Universiti Teknologi PETRONAS
A33F117A-8039-42DB-885F-D8FE156E17FE,UniversitIuavdiVenezia,جامعة إيوف في البندقية,Università Iuav di Venezia,<p>Address: {{Description}}</p>,<p>Address: {{Description}}</p>,1156,8EA4214D-3BBC-4296-9CC0-8873A293313C,NULL,{{Phone}},NULL,4478,,,Università Iuav di Venezia
889013F2-4F67-4339-AE29-33CE4F8B5AC1,UniversitiUtaraMalaysiaUUM,جامعة أوتارا الماليزية,Universiti Utara Malaysia (UUM),<p>Address: {{Description}}</p>,<p>Address: {{Description}}</p>,1157,3A2F27ED-DBC2-4F18-B229-1EBD1B83577B,NULL,{{Phone}},NULL,4432,,,Universiti Utara Malaysia (UUM)
CC18456D-B091-4F39-B398-EB4A0F7135AB,UniversitLibreDeBruxelles,الجامعة الحرة في بروكسل,Université Libre De Bruxelles,<p>Address: {{Description}}</p>,<p>Address: {{Description}}</p>,1158,C09AC279-57A9-4005-919D-15A67287434A,www.ulb.ac.be/,{{Phone}},NULL,1298,,,Université Libre De Bruxelles
A9C01327-0382-4A7F-A5BA-3E2D521FED0C,UniversitLille,جامعة ليل,Université Lille,<p>Address: {{Description}}</p>,<p>Address: {{Description}}</p>,1159,697C7D6B-6E81-416B-8F94-C01AE8A678E1,http://www.univ-lille1.fr/,{{Phone}},NULL,3585,,,Université Lille
E3292C1C-724A-421F-B58B-2B32BFF817FE,UniversitLumireLyon,جامعة لوميير ليون 2,Université Lumière Lyon 2,<p>Address: {{Description}}</p>,<p>Address: {{Description}}</p>,1160,697C7D6B-6E81-416B-8F94-C01AE8A678E1,www.univ-lyon2.fr/,{{Phone}},NULL,3092,,,Université Lumière Lyon 2
0A334CF8-57AE-4170-BBA8-9D181414610E,UniversitMontpellier,جامعة مونبلييه,Université Montpellier,<p>Address: {{Description}}</p>,<p>Address: {{Description}}</p>,1161,697C7D6B-6E81-416B-8F94-C01AE8A678E1,www.umontpellier.fr/,{{Phone}},NULL,3593,,,Université Montpellier
5A2CEE96-757D-45A4-BC35-2FBB5B31D539,UniversitNiceSophiaAntipolis,جامعة كوت دازور (نيس صوفيا أنتيبوليس سابقًا),Université Nice Sophia-Antipolis,<p>Address: {{Description}}</p>,<p>Address: {{Description}}</p>,1162,697C7D6B-6E81-416B-8F94-C01AE8A678E1,unice.fr/,{{Phone}},NULL,3090,,,Université Nice Sophia-Antipolis
0FD7F802-9FC0-4A53-945E-D4A57007EF68,UniversitPanthonAssasParis,جامعة بانتيون أساس (باريس 2),Université Panthéon-Assas (Paris 2),<p>Address: {{Description}}</p>,<p>Address: {{Description}}</p>,1163,697C7D6B-6E81-416B-8F94-C01AE8A678E1,www.u-paris2.fr/,{{Phone}},NULL,365,,,Université Panthéon-Assas (Paris 2)
1CAFA2D1-5B3E-460F-81AE-0F282333D3FE,UniversitParis,جامعة باريس 8 – فانسان سان دوني,Université Paris 8,<p>Address: {{Description}}</p>,<p>Address: {{Description}}</p>,1164,697C7D6B-6E81-416B-8F94-C01AE8A678E1,NULL,{{Phone}},NULL,4083,,,Université Paris 8
EDD5F56B-1BD5-4EA2-ABF7-FC50D3B01967,UniversitParisCit,جامعة باريس سيتي,Université Paris Cité,<p>Address: {{Description}}</p>,<p>Address: {{Description}}</p>,1165,697C7D6B-6E81-416B-8F94-C01AE8A678E1,NULL,{{Phone}},NULL,4351,,,Université Paris Cité
9F10F920-4C47-42C1-B550-28FB61D1DF36,UniversitParisDescartes,جامعة باريس ديكارت,Université Paris Descartes,<p>Address: {{Description}}</p>,<p>Address: {{Description}}</p>,1166,697C7D6B-6E81-416B-8F94-C01AE8A678E1,www.parisdescartes.fr/,{{Phone}},NULL,1321,,,Université Paris Descartes
FE81BEA2-3C9A-4D7B-91F8-3D6FAE480B1C,UniversitParisDiderotParis,جامعة باريس سيتى,Université Paris Diderot - Paris 7,<p>Address: {{Description}}</p>,<p>Address: {{Description}}</p>,1167,697C7D6B-6E81-416B-8F94-C01AE8A678E1,www.univ-paris-diderot.fr/english/,{{Phone}},NULL,366,,,Université Paris Diderot - Paris 7
E80C112F-0FAC-449E-BA8F-C82253B4FBB1,UniversitParisNanterre,جامعة باريس نانتير,Université Paris-Nanterre,<p>Address: {{Description}}</p>,<p>Address: {{Description}}</p>,1168,697C7D6B-6E81-416B-8F94-C01AE8A678E1,NULL,{{Phone}},NULL,4425,,,Université Paris-Nanterre
4BFBD458-FD28-44A0-8C4F-9DE26DE06E3B,UniversitParisPanthonSorbonne,جامعة باريس 1 بانتيون سوربون,Université Paris 1 Panthéon-Sorbonne,<p>Address: {{Description}}</p>,<p>Address: {{Description}}</p>,1169,697C7D6B-6E81-416B-8F94-C01AE8A678E1,https://www.univ-paris1.fr/,{{Phone}},NULL,3079,,,Université Paris 1 Panthéon-Sorbonne
18798FAB-7D68-4DFD-82CA-051D7DA3819B,UniversitParisSaclay,جامعة باريس ساكلاي,Université Paris-Saclay,<p>Address: {{Description}}</p>,<p>Address: {{Description}}</p>,1170,697C7D6B-6E81-416B-8F94-C01AE8A678E1,NULL,{{Phone}},NULL,4352,,,Université Paris-Saclay
1427D5F1-C39A-471E-89BB-682BEDD2A0E7,UniversitParisSorbonneParis,جامعة باريس السوربون 4,Université Paris-Sorbonne Paris 4,<p>Address: {{Description}}</p>,<p>Address: {{Description}}</p>,1171,697C7D6B-6E81-416B-8F94-C01AE8A678E1,www.english.paris-sorbonne.fr/,{{Phone}},NULL,3074,,,Université Paris-Sorbonne Paris 4
B610F38C-44FB-4921-A066-1B5605C70086,UniversitParisSud,جامعة باريس سود 11,Université Paris-Sud 11,<p>Address: {{Description}}</p>,<p>Address: {{Description}}</p>,1172,697C7D6B-6E81-416B-8F94-C01AE8A678E1,www.u-psud.fr/en/,{{Phone}},NULL,3073,,,Université Paris-Sud 11
BE0C40D3-CD8F-443C-85AC-FF3FD70218FF,UniversitPaulSabatierToulouseIii,جامعة بول ساباتيه تولوز 3,Université Paul Sabatier Toulouse Iii,<p>Address: {{Description}}</p>,<p>Address: {{Description}}</p>,1173,697C7D6B-6E81-416B-8F94-C01AE8A678E1,www.univ-tlse3.fr/,{{Phone}},NULL,1322,,,Université Paul Sabatier Toulouse Iii
CF94753D-19C6-48BE-8385-4DF8B7078B99,UniversitPierreEtMarieCurie,جامعة السوربون (بيير وماري كوري سابقاً),Université Pierre Et Marie Curie,<p>Address: {{Description}}</p>,<p>Address: {{Description}}</p>,1174,697C7D6B-6E81-416B-8F94-C01AE8A678E1,www.upmc.fr/en/,{{Phone}},NULL,266,,,Université Pierre Et Marie Curie
F3CC9C04-8395-44D4-B501-3734AAEA41F3,UniversitPSL,جامعة PSL باريس,Université PSL,<p>Address: {{Description}}</p>,<p>Address: {{Description}}</p>,1175,697C7D6B-6E81-416B-8F94-C01AE8A678E1,NULL,{{Phone}},NULL,4353,,,Université PSL
EDEA6A4C-8FDB-42D7-9A02-003CDB6193A9,UniversittderKnsteBerlin,جامعة الفنون في برلين,Universität der Künste Berlin,<p>Address: {{Description}}</p>,<p>Address: {{Description}}</p>,1176,B6929437-CF78-40FE-B9EF-6AF0F35AE3D1,NULL,{{Phone}},NULL,4467,,,Universität der Künste Berlin
86DBEA72-F5B2-4167-942A-46F57BE17D4E,UniversittDuisburgEssen,جامعة دويسبورغ-إيسن,Universität Duisburg-Essen,<p>Address: {{Description}}</p>,<p>Address: {{Description}}</p>,1177,B6929437-CF78-40FE-B9EF-6AF0F35AE3D1,https://www.uni-due.de/en/,{{Phone}},NULL,3616,,,Universität Duisburg-Essen
3AFC84DD-A569-4589-AD62-80665C04FF9C,UniversittFrankfurtAmMain,جامعة غوته فرانكفورت,Universität Frankfurt Am Main,<p>Address: {{Description}}</p>,<p>Address: {{Description}}</p>,1178,B6929437-CF78-40FE-B9EF-6AF0F35AE3D1,http://www.uni-frankfurt.de,{{Phone}},NULL,3620,,,Universität Frankfurt Am Main
6F0E8319-6722-404A-A13C-A0B1EC18301B,UniversittFreiburg,جامعة فرايبورغ,Universität Freiburg,<p>Address: {{Description}}</p>,<p>Address: {{Description}}</p>,1179,B6929437-CF78-40FE-B9EF-6AF0F35AE3D1,http://www.uni-freiburg.de,{{Phone}},NULL,370,,,Universität Freiburg
3792830B-D1F0-4AF1-866C-5038872AF3EB,UniversittfrMusikunddarstellendeKunstWien,جامعة الموسيقى والفنون المسرحية في فيينا,Universität für Musik und darstellende Kunst Wien,<p>Address: {{Description}}</p>,<p>Address: {{Description}}</p>,1180,BC04E008-3F0A-43AA-A4F2-2DB917054D97,NULL,{{Phone}},NULL,4446,,,Universität für Musik und darstellende Kunst Wien
A715440D-6A9A-40CA-801E-C52B22862DCE,UniversittHamburg,جامعة هامبورغ,Universität Hamburg,<p>Address: {{Description}}</p>,<p>Address: {{Description}}</p>,1181,B6929437-CF78-40FE-B9EF-6AF0F35AE3D1,www.uni-hamburg.de/,{{Phone}},NULL,1325,,,Universität Hamburg
AC91E02F-F72B-4241-9F3B-1CEB35C945FE,UniversittJena,جامعة فريدريش شيلر في ينا,Universität Jena,<p>Address: {{Description}}</p>,<p>Address: {{Description}}</p>,1182,B6929437-CF78-40FE-B9EF-6AF0F35AE3D1,https://www.uni-jena.de/,{{Phone}},NULL,3136,,,Universität Jena
8DE08300-E2E7-4936-8B40-EE5ED492304D,UniversittKonstanz,جامعة كونستانز,Universität Konstanz,<p>Address: {{Description}}</p>,<p>Address: {{Description}}</p>,1183,B6929437-CF78-40FE-B9EF-6AF0F35AE3D1,www.uni-konstanz.de/en/,{{Phone}},NULL,3131,,,Universität Konstanz
86439CDB-264B-4A7C-AF66-56063764B7C8,UniversittLeipzig,جامعة لايبزيغ,Universität Leipzig,<p>Address: {{Description}}</p>,<p>Address: {{Description}}</p>,1184,B6929437-CF78-40FE-B9EF-6AF0F35AE3D1,www.uni-leipzig.de/,{{Phone}},NULL,3130,,,Universität Leipzig
8CFE371F-3D96-4567-9846-AC85CDF73115,UniversittMannheim,جامعة مانهايم,Universität Mannheim,<p>Address: {{Description}}</p>,<p>Address: {{Description}}</p>,1185,B6929437-CF78-40FE-B9EF-6AF0F35AE3D1,www.uni-mannheim.de/1/english/,{{Phone}},NULL,3647,,,Universität Mannheim
17FE34C8-3FDD-4BAF-A36D-0BB73BC60781,UniversittStuttgart,جامعة شتوتغارت,Universität Stuttgart,<p>Address: {{Description}}</p>,<p>Address: {{Description}}</p>,1186,B6929437-CF78-40FE-B9EF-6AF0F35AE3D1,www.uni-stuttgart.de/,{{Phone}},NULL,3795,,,Universität Stuttgart
72888668-D209-47B9-BF52-971380435764,UniversittUlm,جامعة أولم,Universität Ulm,<p>Address: {{Description}}</p>,<p>Address: {{Description}}</p>,1187,B6929437-CF78-40FE-B9EF-6AF0F35AE3D1,www.uni-ulm.de/en/,{{Phone}},NULL,3794,,,Universität Ulm
0F149D74-DE66-41C6-8F6F-67E1C9D0C6DC,NorthwesternUniversity,جامعة نورث ويسترن,Northwestern University,<p>Address: {{Description}}</p>,<p>Address: {{Description}}</p>,803,BC4FF43D-C0A2-4C29-B47F-88A728EC2509,http://www.northwestern.edu/,{{Phone}},NULL,306,,,Northwestern University
8BEC6E6F-7A51-45E6-B9E2-6BFB7314EA0E,UniversityAtBochum,جامعة الرور في بوخوم,University At Bochum,<p>Address: {{Description}}</p>,<p>Address: {{Description}}</p>,1189,B6929437-CF78-40FE-B9EF-6AF0F35AE3D1,NULL,{{Phone}},NULL,755,,,University At Bochum
ED8F27A3-3224-4E2C-A0AB-656C172609DE,NovaNorthernVirginiaCommunitycollege,كلية فرجينيا الشمالية العامة,Nova  Northern Virginia Community college,<p>Address: {{Description}}</p>,<p>Address: {{Description}}</p>,810,BC4FF43D-C0A2-4C29-B47F-88A728EC2509,NULL,{{Phone}},NULL,1542,,,Nova  Northern Virginia Community college
F72414D6-D147-4B9E-B0FC-74CAC92F3736,NovaSoutheasternUniversity,جامعة نوفا ساوث إيسترن,Nova Southeastern University,<p>Address: {{Description}}</p>,<p>Address: {{Description}}</p>,811,BC4FF43D-C0A2-4C29-B47F-88A728EC2509,NULL,{{Phone}},NULL,4148,,,Nova Southeastern University
E4645EEB-EAB5-4040-8164-704EA53988BB,UniversityAutnomadeLisboa,University Autónoma de Lisboa,University Autónoma de Lisboa,<p>Address: {{Description}}</p>,<p>Address: {{Description}}</p>,1192,834E31D6-3358-46FD-AFBD-453E237358D2,http://www.ou.edu/,{{Phone}},NULL,0,,,University Autónoma de Lisboa
BE01AC22-BFCE-4316-A193-C1AA1872C8EF,OaklandUniversityBeaumont,جامعة أوكلاند,"Oakland University, Beaumont",<p>Address: {{Description}}</p>,<p>Address: {{Description}}</p>,813,BC4FF43D-C0A2-4C29-B47F-88A728EC2509,NULL,{{Phone}},NULL,2839,,,"Oakland University, Beaumont"
7F03C12E-F301-4B8A-B17F-6FB39187E0E8,UniversityCollegeCork,جامعة كلية كورك,University College Cork,<p>Address: {{Description}}</p>,<p>Address: {{Description}}</p>,1194,A42C4BB8-05C4-43C2-92C4-8FDC2148A4E9,www.ucc.ie/,{{Phone}},NULL,3206,,,University College Cork
BB738923-95FB-4605-B22E-C3081E9B476B,UniversityCollegeDublin,جامعة كلية دبلن,University College Dublin,<p>Address: {{Description}}</p>,<p>Address: {{Description}}</p>,1195,A42C4BB8-05C4-43C2-92C4-8FDC2148A4E9,www.ucd.ie/,{{Phone}},NULL,3207,,,University College Dublin
32E449A5-C040-4DD9-B305-AB8FC4B843E2,UniversityCollegeLondonQatar,جامعة لندن الجامعية - قطر,"University College London, Qatar",<p>Address: {{Description}}</p>,<p>Address: {{Description}}</p>,1196,D1DF472C-5D2E-47DD-98AD-D5E693C5BA6F,NULL,{{Phone}},NULL,2479,,,"University College London, Qatar"
B9D4B112-0C83-49CF-B073-02B73D914F98,OhioStateUniversityColumbus,جامعة ولاية أوهايو,"Ohio State University, Columbus",<p>Address: {{Description}}</p>,<p>Address: {{Description}}</p>,815,BC4FF43D-C0A2-4C29-B47F-88A728EC2509,https://www.osu.edu/,{{Phone}},NULL,13,,,"Ohio State University, Columbus"
1C9CFDE4-7F2B-4AA3-8592-F9B256E3D573,UniversityDuesseldorf,جامعة هاينريش هاينه دوسلدورف,University Duesseldorf,<p>Address: {{Description}}</p>,<p>Address: {{Description}}</p>,1198,B6929437-CF78-40FE-B9EF-6AF0F35AE3D1,NULL,{{Phone}},NULL,4384,,,University Duesseldorf
08B01850-3C2D-4A2A-B660-A47E43080CE9,UniversityEstadualCampinas,جامعة ولاية كامبيناس,University Estadual Campinas,<p>Address: {{Description}}</p>,<p>Address: {{Description}}</p>,1199,1C3C12AF-0A4B-49C2-94D0-76A1FE46A634,NULL,{{Phone}},NULL,400,,,University Estadual Campinas
18D2D650-AD95-48B6-BC7A-E288076D5C0C,OhioUniversity,جامعة أوهايو,Ohio University,<p>Address: {{Description}}</p>,<p>Address: {{Description}}</p>,816,BC4FF43D-C0A2-4C29-B47F-88A728EC2509,http://www.ohiou.edu/,{{Phone}},NULL,90,,,Ohio University
6365C570-0C42-49F8-A5F5-23A2D6623ED8,UniversityFoundationCollege,كلية التأسيس الجامعي,University Foundation College,<p>Address: {{Description}}</p>,<p>Address: {{Description}}</p>,1201,D1DF472C-5D2E-47DD-98AD-D5E693C5BA6F,NULL,{{Phone}},NULL,4231,,,University Foundation College
CAE6EBF6-61D2-4EDA-B3B9-AA9C18AF2092,UniversityNaplesFedericoII,جامعة نابولي فيديريكو الثاني,University Naples Federico II,<p>Address: {{Description}}</p>,<p>Address: {{Description}}</p>,1202,8EA4214D-3BBC-4296-9CC0-8873A293313C,NULL,{{Phone}},NULL,3204,,,University Naples Federico II
27674334-9A8E-4A2C-964B-12DAA8A33D9B,UniversityNorthUmbria,جامعة نورثمبريا - قطر,University North Umbria,<p>Address: {{Description}}</p>,<p>Address: {{Description}}</p>,1203,D1DF472C-5D2E-47DD-98AD-D5E693C5BA6F,NULL,{{Phone}},NULL,4238,,,University North Umbria
A0ACDFED-CEFA-4238-963F-281C625A73AD,OklahomaStateUniversity,جامعة أوكلاهوما الحكومية,Oklahoma State University,<p>Address: {{Description}}</p>,<p>Address: {{Description}}</p>,819,BC4FF43D-C0A2-4C29-B47F-88A728EC2509,http://www.okstate.edu/index.html,{{Phone}},NULL,573,,,Oklahoma State University
62A3ACD6-53A0-4AE2-9511-70FCCD07B0FA,UniversityofAberdeenQatar,جامعة أبردين – قطر,University of Aberdeen - Qatar,<p>Address: {{Description}}</p>,<p>Address: {{Description}}</p>,1205,D1DF472C-5D2E-47DD-98AD-D5E693C5BA6F,NULL,{{Phone}},NULL,2929,,,University of Aberdeen - Qatar
2FBE2A65-2C4D-433A-861B-D6E2608B6960,OregonHealthandScienceUniversity,جامعة أوريغون للصحة والعلوم,Oregon Health and Science University,<p>Address: {{Description}}</p>,<p>Address: {{Description}}</p>,820,BC4FF43D-C0A2-4C29-B47F-88A728EC2509,NULL,{{Phone}},NULL,2660,,,Oregon Health and Science University
89D14FCA-291B-4D36-A645-2D6507FE0573,UniversityofAdelaide,University of Adelaide,University of Adelaide,,,1207,6E24A731-2BBB-4725-9084-2225987A78DF,,,,9875,,,University of Adelaide
C1453C10-096A-4A01-95A4-F89CA120664C,OregonStateUniversity,جامعة ولاية أوريغون,Oregon State University,<p>Address: {{Description}}</p>,<p>Address: {{Description}}</p>,821,BC4FF43D-C0A2-4C29-B47F-88A728EC2509,http://osu.orst.edu/,{{Phone}},NULL,325,,,Oregon State University
83F5C6A2-CDAB-4FAD-B43E-F0540DE95F83,OtisCollegeofArtandDesign,كلية أوتيس للفنون والتصميم,Otis College of Art and Design,<p>Address: {{Description}}</p>,<p>Address: {{Description}}</p>,825,BC4FF43D-C0A2-4C29-B47F-88A728EC2509,NULL,{{Phone}},NULL,2842,,,Otis College of Art and Design
E5754174-09F6-45DB-9BAA-346F6DE619D0,PaceUniversity,جامعة بايس,Pace University,<p>Address: {{Description}}</p>,<p>Address: {{Description}}</p>,829,BC4FF43D-C0A2-4C29-B47F-88A728EC2509,http://www.pace.edu/,{{Phone}},NULL,2843,,,Pace University
DD462D22-5E3F-446A-A65B-80C0DC9581CB,ParklandCollege,كلية باركلاند,Parkland College,<p>Address: {{Description}}</p>,<p>Address: {{Description}}</p>,831,BC4FF43D-C0A2-4C29-B47F-88A728EC2509,NULL,{{Phone}},NULL,3521,,,Parkland College
6C154A36-F7D0-4229-A38F-9F7E786CA5F0,PennsylvaniaStateUniversityUniversityPark,جامعة ولاية بنسلفانيا - يونيفيرسيتي بارك,"Pennsylvania State University, University Park",<p>Address: {{Description}}</p>,<p>Address: {{Description}}</p>,833,BC4FF43D-C0A2-4C29-B47F-88A728EC2509,www.psu.edu/,{{Phone}},NULL,259,,,"Pennsylvania State University, University Park"
8D951CBF-757A-4E13-BF96-571CE190051E,UniversityofAlberta,جامعة ألبرتا,University of Alberta,<p>Address: {{Description}}</p>,<p>Address: {{Description}}</p>,1213,8460877D-3973-4A88-8B26-F4397E2F1316,http://www.ualberta.ca/,{{Phone}},NULL,217,,,University of Alberta
595B4992-4547-4478-8753-CB8DEA8185DB,UniversityofAlgiers,جامعة الجزائر,University of Algiers,<p>Address: {{Description}}</p>,<p>Address: {{Description}}</p>,1214,4DDC38F2-825E-4343-A23E-85796D32C04A,NULL,{{Phone}},NULL,1090,,,University of Algiers
C7356505-C1B0-4D81-B5F6-94EAEA165A14,UniversityofAlicante,جامعة أليكانتي,University of Alicante,<p>Address: {{Description}}</p>,<p>Address: {{Description}}</p>,1215,F0FABF42-8D0C-4BAA-8535-7D3FA80FA2D6,NULL,{{Phone}},NULL,4508,,,University of Alicante
C613FBA4-9386-48E2-A892-2CC06416EDDD,UniversityofAmsterdam,جامعة أمستردام,University of Amsterdam,<p>Address: {{Description}}</p>,<p>Address: {{Description}}</p>,1216,F1972BC9-B59A-4EA3-84CF-FEDA7EFF29A1,www.uva.nl/en,{{Phone}},NULL,376,,,University of Amsterdam
D9FC1605-5963-4927-A73B-B62FBF287778,PepperdineUniversity,جامعة بيبردين,Pepperdine University,<p>Address: {{Description}}</p>,<p>Address: {{Description}}</p>,834,BC4FF43D-C0A2-4C29-B47F-88A728EC2509,http://www.pepperdine.edu/,{{Phone}},NULL,2663,,,Pepperdine University
1F842D9F-5FEA-4322-A885-C4008998F783,UniversityofAntwerp,جامعة أنتويرب,University of Antwerp,<p>Address: {{Description}}</p>,<p>Address: {{Description}}</p>,1218,C09AC279-57A9-4005-919D-15A67287434A,https://www.uantwerpen.be/en/,{{Phone}},NULL,3332,,,University of Antwerp
B7C4479D-2927-4A5E-84B7-77454C6006DE,UniversityofAppliedArtsVienna,جامعة الفنون التطبيقية فيينا,University of Applied Arts Vienna,<p>Address: {{Description}}</p>,<p>Address: {{Description}}</p>,1219,BC04E008-3F0A-43AA-A4F2-2DB917054D97,NULL,{{Phone}},NULL,4447,,,University of Applied Arts Vienna
3F76128F-C78F-463F-B7EE-3BBAA165738C,PittsburgStateUniversity,جامعة ولاية بيتسبيرغ,Pittsburg State University,<p>Address: {{Description}}</p>,<p>Address: {{Description}}</p>,837,BC4FF43D-C0A2-4C29-B47F-88A728EC2509,NULL,{{Phone}},NULL,578,,,Pittsburg State University
597F1DA2-A728-44C4-ADD1-03FE63C71C48,PortlandCommunityCollege,كلية بورتلاند المجتمعية,Portland Community College,<p>Address: {{Description}}</p>,<p>Address: {{Description}}</p>,852,BC4FF43D-C0A2-4C29-B47F-88A728EC2509,NULL,{{Phone}},NULL,580,,,Portland Community College
0697FD9A-65D3-4226-8635-62178E14DD32,UniversityofArtsandIndustrialDesignLinzKunstuniversittLinz,جامعة الفنون والتصميم الصناعي في لينز,University of Arts and Industrial Design Linz (Kunstuniversität Linz),<p>Address: {{Description}}</p>,<p>Address: {{Description}}</p>,1222,BC04E008-3F0A-43AA-A4F2-2DB917054D97,NULL,{{Phone}},NULL,4538,,,University of Arts and Industrial Design Linz (Kunstuniversität Linz)
72060D64-17DF-442D-B754-7C116FF02A6F,UniversityofAuckland,جامعة أوكلاند,University of Auckland,<p>Address: {{Description}}</p>,<p>Address: {{Description}}</p>,1223,62524CBE-D439-4F93-BCDD-D11019993951,University of Auckland,{{Phone}},NULL,180,,,University of Auckland
E867D637-63D7-4EB4-8C29-17DB27F626CD,UniversityofBahrain,جامعة البحرين,University of Bahrain,<p>Address: {{Description}}</p>,<p>Address: {{Description}}</p>,1224,DE94E16D-5826-488C-9D5C-DBBFB850BC39,NULL,{{Phone}},NULL,634,,,University of Bahrain
E9575FDB-EDAE-48CE-8455-1B77364973F0,UniversityofBasel,جامعة بازل,University of Basel,<p>Address: {{Description}}</p>,<p>Address: {{Description}}</p>,1225,4E364110-075B-4CF7-A201-DEB66B8C8505,www.unibas.ch/,{{Phone}},NULL,380,,,University of Basel
84C86254-06A9-45A4-803B-9580A7E7E7B1,PortlandStateUniversity,جامعة ولاية بورتلاند,Portland State University,<p>Address: {{Description}}</p>,<p>Address: {{Description}}</p>,853,BC4FF43D-C0A2-4C29-B47F-88A728EC2509,NULL,{{Phone}},NULL,581,,,Portland State University
16677BAC-DD5C-47F8-8721-17B4A4AF2D2C,PrattInstitute,معهد برات,Pratt Institute,<p>Address: {{Description}}</p>,<p>Address: {{Description}}</p>,854,BC4FF43D-C0A2-4C29-B47F-88A728EC2509,http://www.pratt.edu/,{{Phone}},NULL,1567,,,Pratt Institute
D8292141-A376-4715-A633-A14C725429C9,UniversityofBeirutAlArabia,الجامعة العربية في بيروت,University of Beirut Al-Arabia,<p>Address: {{Description}}</p>,<p>Address: {{Description}}</p>,1228,B55F640A-91A7-416D-A051-2BC4354B7537,NULL,{{Phone}},NULL,636,,,University of Beirut Al-Arabia
AF83CFCC-A072-4995-9797-878274DF07F1,UniversityofBergen,جامعة بيرغن,University of Bergen,<p>Address: {{Description}}</p>,<p>Address: {{Description}}</p>,1229,85122EE5-F1C5-4C11-86D0-583790DDA7F4,www.uib.no/,{{Phone}},NULL,3258,,,University of Bergen
51522500-439D-48D1-AB72-852AEB417CF3,UniversityofBern,جامعة برن,University of Bern,<p>Address: {{Description}}</p>,<p>Address: {{Description}}</p>,1230,4E364110-075B-4CF7-A201-DEB66B8C8505,www.unibe.ch/eng/,{{Phone}},NULL,381,,,University of Bern
A1C3E5B4-F6D5-4D1D-A6A8-89714EACEE9C,UniversityofBesancan,جامعة فرانش كومتيه – بيزانسون,University of Besancan,<p>Address: {{Description}}</p>,<p>Address: {{Description}}</p>,1231,697C7D6B-6E81-416B-8F94-C01AE8A678E1,NULL,{{Phone}},NULL,622,,,University of Besancan
3C4BF3A9-9375-435D-B279-EDA6AAC66385,PrincetonUniversity,جامعة برينستون,Princeton University,<p>Address: {{Description}}</p>,<p>Address: {{Description}}</p>,857,BC4FF43D-C0A2-4C29-B47F-88A728EC2509,http://www.princeton.edu/,{{Phone}},NULL,59,,,Princeton University
70606B82-06E0-4C3C-8DC3-2ED3DF52A7FC,PurdueUniversityWestLafayette,جامعة بوردو العامة - ويست لافاييت,"Purdue University, West Lafayette",<p>Address: {{Description}}</p>,<p>Address: {{Description}}</p>,858,BC4FF43D-C0A2-4C29-B47F-88A728EC2509,www.purdue.edu/,{{Phone}},NULL,143,,,"Purdue University, West Lafayette"
6EC55AB6-2F9A-40A1-B5B7-2CD430E6DCB7,UniversityofBonn,جامعة بون,University of Bonn,<p>Address: {{Description}}</p>,<p>Address: {{Description}}</p>,1234,B6929437-CF78-40FE-B9EF-6AF0F35AE3D1,NULL,{{Phone}},NULL,4173,,,University of Bonn
A35C947D-2AF6-4BE9-8796-FF54521C3386,UniversityofBordeauxI,جامعة بوردو,University of Bordeaux I,<p>Address: {{Description}}</p>,<p>Address: {{Description}}</p>,1235,697C7D6B-6E81-416B-8F94-C01AE8A678E1,NULL,{{Phone}},NULL,3088,,,University of Bordeaux I
A5AAB8B6-FD31-45D9-9037-22BB7E4D650D,RensselaerPolytechnicInstitute,معهد رينسيلر للفنون التطبيقية,Rensselaer Polytechnic Institute,<p>Address: {{Description}}</p>,<p>Address: {{Description}}</p>,875,BC4FF43D-C0A2-4C29-B47F-88A728EC2509,http://www.rpi.edu/,{{Phone}},NULL,60,,,Rensselaer Polytechnic Institute
CFD186BB-1B47-4C04-AAFA-47A8280C2088,RhodeIslandSchoolofDesign,مدرسة رود آيلاند للتصميم,Rhode Island School of Design,<p>Address: {{Description}}</p>,<p>Address: {{Description}}</p>,879,BC4FF43D-C0A2-4C29-B47F-88A728EC2509,NULL,{{Phone}},NULL,2852,,,Rhode Island School of Design
FBE35BF3-5AF0-40E9-AFFF-FAFD2F87764B,RiceUniversity,جامعة رايس,Rice University,<p>Address: {{Description}}</p>,<p>Address: {{Description}}</p>,880,BC4FF43D-C0A2-4C29-B47F-88A728EC2509,http://www.rice.edu/,{{Phone}},NULL,61,,,Rice University
A63B3EA9-CA8D-4CFB-AD40-FD0E560AB688,RichlandCollegeDallas,كلية ريتشلاند,Richland College . Dallas,<p>Address: {{Description}}</p>,<p>Address: {{Description}}</p>,882,BC4FF43D-C0A2-4C29-B47F-88A728EC2509,NULL,{{Phone}},NULL,2558,,,Richland College . Dallas
58C6300C-6929-4130-B150-B8164526302B,UniversityofBritishColumbia,جامعة كولومبيا البريطانية,University of British Columbia,<p>Address: {{Description}}</p>,<p>Address: {{Description}}</p>,1240,8460877D-3973-4A88-8B26-F4397E2F1316,www.ubc.ca,{{Phone}},NULL,171,,,University of British Columbia
DAB9AF8A-D547-478E-BD3B-5F88614CD48E,RochesterInstituteofTechnology,معهد روتشستر للتكنولوجيا,Rochester Institute of Technology,<p>Address: {{Description}}</p>,<p>Address: {{Description}}</p>,887,BC4FF43D-C0A2-4C29-B47F-88A728EC2509,http://www.rit.edu/,{{Phone}},NULL,62,,,Rochester Institute of Technology
F9340097-3088-4D21-A535-AB4FE2FE70D3,UniversityofBuenosAires,جامعة بوينس آيرس,University of Buenos Aires,<p>Address: {{Description}}</p>,<p>Address: {{Description}}</p>,1242,B4182CAE-3B82-4871-A0B2-B871019B06EB,NULL,{{Phone}},NULL,398,,,University of Buenos Aires
F08C281F-B7B7-495E-B602-7C80BD7D5D87,UniversityofCalgary,جامعة كالغاري,University of Calgary,<p>Address: {{Description}}</p>,<p>Address: {{Description}}</p>,1243,8460877D-3973-4A88-8B26-F4397E2F1316,http://www.ucalgary.ca/,{{Phone}},NULL,172,,,University of Calgary
85B377E8-F01F-4C68-B983-46F298A3E2CB,UniversityofCalgaryQatar,جامعة كالجاري – قطر,"University of Calgary, Qatar",<p>Address: {{Description}}</p>,<p>Address: {{Description}}</p>,1244,D1DF472C-5D2E-47DD-98AD-D5E693C5BA6F,NULL,{{Phone}},NULL,1504,,,"University of Calgary, Qatar"
B9A41259-6263-40B6-B1CE-EF2308E911FE,RockefellerUniversity,جامعة روكفلر,Rockefeller University,<p>Address: {{Description}}</p>,<p>Address: {{Description}}</p>,888,BC4FF43D-C0A2-4C29-B47F-88A728EC2509,NULL,{{Phone}},NULL,4152,,,Rockefeller University
593D4F14-8ADA-4239-BB76-C2E367A35D54,RutgersStateUniversityofNewJersey,جامعة روتجرز – نيو برونزويك,"Rutgers, State University of New Jersey",<p>Address: {{Description}}</p>,<p>Address: {{Description}}</p>,899,BC4FF43D-C0A2-4C29-B47F-88A728EC2509,NULL,{{Phone}},NULL,64,,,"Rutgers, State University of New Jersey"
45A7E624-3041-49EC-AFBA-1E447FB75E78,RutgersUniversityNewBrunswick,جامعة روتجرز – نيو برونزويك,Rutgers University – New Brunswick,<p>Address: {{Description}}</p>,<p>Address: {{Description}}</p>,900,BC4FF43D-C0A2-4C29-B47F-88A728EC2509,www.rutgers.edu/,{{Phone}},NULL,2670,,,Rutgers University – New Brunswick
A9117903-941C-4508-96BD-3EB248EDF1D9,SaddlebackCollege,كلية سادل باك العامة,Saddleback College,<p>Address: {{Description}}</p>,<p>Address: {{Description}}</p>,902,BC4FF43D-C0A2-4C29-B47F-88A728EC2509,NULL,{{Phone}},NULL,2509,,,Saddleback College
8162AA62-0084-4352-AF4A-C38F1A99DC0D,SaintLeoUniversity,جامعة سانت ليو,Saint Leo University,<p>Address: {{Description}}</p>,<p>Address: {{Description}}</p>,904,BC4FF43D-C0A2-4C29-B47F-88A728EC2509,NULL,{{Phone}},NULL,2552,,,Saint Leo University
4E676067-B306-4409-B1E1-2BD9510BB5CC,SaltLakeCommunityCollege,كلية مجتمع سولت ليك,Salt Lake Community College,<p>Address: {{Description}}</p>,<p>Address: {{Description}}</p>,908,BC4FF43D-C0A2-4C29-B47F-88A728EC2509,NULL,{{Phone}},NULL,2540,,,Salt Lake Community College
F652B5E6-25BC-4CB4-8441-F75FA58816F4,SanDiegoStateUniversity,جامعة ولاية سان دييغو,San Diego State University,<p>Address: {{Description}}</p>,<p>Address: {{Description}}</p>,909,BC4FF43D-C0A2-4C29-B47F-88A728EC2509,http://www.sdsu.edu/,{{Phone}},NULL,326,,,San Diego State University
7D12F5BB-2714-4569-BACC-0194C2B1B9EE,SanDiegoStateUniversityAmericanLanguageInstitute,جامعة ولاية سان دييغو – معهد اللغة الأمريكي,San Diego State University-American Language Institute,<p>Address: {{Description}}</p>,<p>Address: {{Description}}</p>,910,BC4FF43D-C0A2-4C29-B47F-88A728EC2509,NULL,{{Phone}},NULL,2556,,,San Diego State University-American Language Institute
1BA8AA05-4030-461D-AFC6-01216C2062F1,SanFranciscoArtInstituteSFAI,معهد سان فرانسيسكو للفنون,San Francisco Art Institute (SFAI),<p>Address: {{Description}}</p>,<p>Address: {{Description}}</p>,911,BC4FF43D-C0A2-4C29-B47F-88A728EC2509,NULL,{{Phone}},NULL,2290,,,San Francisco Art Institute (SFAI)
10075BC7-CBE5-4D57-8603-65B626B849DA,SanFranciscoStateUniversity,جامعة ولاية سان فرانسيسكو,San Francisco State University,<p>Address: {{Description}}</p>,<p>Address: {{Description}}</p>,912,BC4FF43D-C0A2-4C29-B47F-88A728EC2509,NULL,{{Phone}},NULL,1064,,,San Francisco State University
7DA239C6-BF86-4621-AC28-C8C88122894E,SanJoseStateUniversity,جامعة سان خوسيه الحكومية,San Jose State University,<p>Address: {{Description}}</p>,<p>Address: {{Description}}</p>,913,BC4FF43D-C0A2-4C29-B47F-88A728EC2509,NULL,{{Phone}},NULL,714,,,San Jose State University
6E4B9775-B76C-4619-8E01-9A83544BA548,SantaBarbaraCityCollege,كلية سانتا باربرا العامة,Santa Barbara City College,<p>Address: {{Description}}</p>,<p>Address: {{Description}}</p>,914,BC4FF43D-C0A2-4C29-B47F-88A728EC2509,NULL,{{Phone}},NULL,1898,,,Santa Barbara City College
1C1716A6-BCD9-45C8-815F-292E2B3B4475,UniversityofCanberra,جامعة كانبيرا,University of Canberra,<p>Address: {{Description}}</p>,<p>Address: {{Description}}</p>,1257,6E24A731-2BBB-4725-9084-2225987A78DF,www.canberra.edu.au/,{{Phone}},NULL,2537,,,University of Canberra
CF4B0392-BD5B-4651-AF99-44897B321975,UniversityofCanterbury,جامعة كانتربري,University of Canterbury,<p>Address: {{Description}}</p>,<p>Address: {{Description}}</p>,1259,62524CBE-D439-4F93-BCDD-D11019993951,www.canterbury.ac.nz/,{{Phone}},NULL,3255,,,University of Canterbury
84C1F7FE-478D-47B4-9318-7F63150C9875,UniversityofCapeTown,جامعة كيب تاون,University of Cape Town,<p>Address: {{Description}}</p>,<p>Address: {{Description}}</p>,1260,80DB5A9E-9FFE-4420-8530-C56671F39698,NULL,{{Phone}},NULL,272,,,University of Cape Town
5AB1AF4E-E567-41A3-8E74-F109329990F4,SantaBarbaraComunityDistric,كلية مدينة سانتا باربرا,Santa Barbara Comunity Distric,<p>Address: {{Description}}</p>,<p>Address: {{Description}}</p>,915,BC4FF43D-C0A2-4C29-B47F-88A728EC2509,NULL,{{Phone}},NULL,1380,,,Santa Barbara Comunity Distric
ED65E5EB-81F2-48CD-94F0-4A9CF6D996E1,SantaFeCollege,كلية سانتا في,Santa Fe College,<p>Address: {{Description}}</p>,<p>Address: {{Description}}</p>,916,BC4FF43D-C0A2-4C29-B47F-88A728EC2509,http://www.sfcollege.edu/,{{Phone}},NULL,3806,,,Santa Fe College
34A05A46-37BF-4BC1-8C4F-7DD9494A4656,SantaMonicaCollege,كلية سانتا مونيكا,Santa Monica College,<p>Address: {{Description}}</p>,<p>Address: {{Description}}</p>,917,BC4FF43D-C0A2-4C29-B47F-88A728EC2509,NULL,{{Phone}},NULL,597,,,Santa Monica College
D310F595-DDD0-46D3-A731-DE35720C6D99,UniversityofChile,جامعة تشيلي,University of Chile,<p>Address: {{Description}}</p>,<p>Address: {{Description}}</p>,1264,B92EDE6E-AF53-43EE-9194-9A3DA68BB989,NULL,{{Phone}},NULL,3326,,,University of Chile
E9886948-0235-4A5C-93FB-11B3A9EA95AD,SavannahCollegeofArtandDesign,كلية سافانا للفنون والتصميم,Savannah College of Art and Design,<p>Address: {{Description}}</p>,<p>Address: {{Description}}</p>,919,BC4FF43D-C0A2-4C29-B47F-88A728EC2509,NULL,{{Phone}},NULL,2321,,,Savannah College of Art and Design
208B2C7C-13A9-4C2B-9256-E8BE2C8BAF76,UniversityofCoimbra,جامعة كويمبرا,University of Coimbra,<p>Address: {{Description}}</p>,<p>Address: {{Description}}</p>,1266,834E31D6-3358-46FD-AFBD-453E237358D2,www.uc.pt/,{{Phone}},NULL,3731,,,University of Coimbra
DE02FEF7-B12B-4F0B-B3E0-0E2B01A2DB54,UniversityofCologne,جامعة كولونيا,University of Cologne,<p>Address: {{Description}}</p>,<p>Address: {{Description}}</p>,1267,B6929437-CF78-40FE-B9EF-6AF0F35AE3D1,NULL,{{Phone}},NULL,4174,,,University of Cologne
8C028873-94FD-4570-AB5C-88C6CB9D5A46,UniversityofColombo,جامعة كولومبو,University of Colombo,<p>Address: {{Description}}</p>,<p>Address: {{Description}}</p>,1268,84165A34-B85B-4AC5-B397-7BC7DB109E0D,NULL,{{Phone}},NULL,2231,,,University of Colombo
C282DF25-1C51-4461-95B3-2C768B171024,SchoolofTheArtInstituteofChicago,معهد شيكاغو للفنون,School of The Art Institute of Chicago,<p>Address: {{Description}}</p>,<p>Address: {{Description}}</p>,921,BC4FF43D-C0A2-4C29-B47F-88A728EC2509,NULL,{{Phone}},NULL,1667,,,School of The Art Institute of Chicago
CF9ECFDD-2E06-4F37-862F-50B0E315F743,SchoolofVisualArts,مدرسة الفنون البصرية,School of Visual Arts,<p>Address: {{Description}}</p>,<p>Address: {{Description}}</p>,922,BC4FF43D-C0A2-4C29-B47F-88A728EC2509,NULL,{{Phone}},NULL,2864,,,School of Visual Arts
6FECA4AA-622F-45CA-9840-06AC19C710D6,SchoolofVisualArtsNY,مدرسة الفنون البصرية نيويورك,School of Visual Arts  NY,<p>Address: {{Description}}</p>,<p>Address: {{Description}}</p>,923,BC4FF43D-C0A2-4C29-B47F-88A728EC2509,NULL,{{Phone}},NULL,1999,,,School of Visual Arts  NY
881A42C5-44F0-406A-832F-68B356C38E74,ScrippsResearchInstitute,معهد سكريبس للأبحاث,Scripps Research Institute,<p>Address: {{Description}}</p>,<p>Address: {{Description}}</p>,927,BC4FF43D-C0A2-4C29-B47F-88A728EC2509,NULL,{{Phone}},NULL,2865,,,Scripps Research Institute
44B7CAF2-99AB-4A6A-84AF-2F05ECEB75A2,UniversityofCopenhagen,جامعة كوبنهاغن,University of Copenhagen,<p>Address: {{Description}}</p>,<p>Address: {{Description}}</p>,1273,87E8D792-A1C9-4900-AA9C-96787F67625B,www.ku.dk/english/,{{Phone}},NULL,3230,,,University of Copenhagen
9DE4F330-67C5-4925-90BE-9E4BB78DEC57,UniversityofCtedAzur,جامعة كوت دازور,University of Côte d’Azur,<p>Address: {{Description}}</p>,<p>Address: {{Description}}</p>,1274,697C7D6B-6E81-416B-8F94-C01AE8A678E1,NULL,{{Phone}},NULL,4299,,,University of Côte d’Azur
15D27725-838B-4555-8834-E214944149AC,SeattlePacificUniversity,جامعة سياتل باسيفيك,Seattle Pacific University,<p>Address: {{Description}}</p>,<p>Address: {{Description}}</p>,930,BC4FF43D-C0A2-4C29-B47F-88A728EC2509,http://www.spu.edu/,{{Phone}},NULL,3635,,,Seattle Pacific University
3444D864-6790-44D8-B889-BA690A88F0A3,SeattleUniversity,جامعة سياتل,Seattle University,<p>Address: {{Description}}</p>,<p>Address: {{Description}}</p>,931,BC4FF43D-C0A2-4C29-B47F-88A728EC2509,http://www.seattleu.edu/,{{Phone}},NULL,3634,,,Seattle University
70928A3E-F144-4EAF-BCB3-937F863B3C92,UniversityofDebrecen,جامعة ديبريسين,University of Debrecen,<p>Address: {{Description}}</p>,<p>Address: {{Description}}</p>,1277,A1BBAA97-D2E6-4F2E-90E0-B4594E6278F2,www.unideb.hu/portal/en,{{Phone}},NULL,3787,,,University of Debrecen
7DD8E0AA-2770-4612-AC0A-AFAB74768FA7,ShorelineCommunityCollege,كلية شورلاين,Shoreline Community College*,<p>Address: {{Description}}</p>,<p>Address: {{Description}}</p>,943,BC4FF43D-C0A2-4C29-B47F-88A728EC2509,NULL,{{Phone}},NULL,2052,,,Shoreline Community College*
E5698B74-6A77-4682-B9C5-28AC6E99D98C,UniversityofDelhi,جامعة دلهي,University of Delhi,<p>Address: {{Description}}</p>,<p>Address: {{Description}}</p>,1279,0C296880-4F70-452A-987E-723E428B63EB,http://www.du.ac.in,{{Phone}},NULL,3219,,,University of Delhi
9B96D99A-CDC6-4CB7-9E8D-013E23572B5A,SouthernCaliforniaInstituteofArchitecture,معهد جنوب كاليفورنيا للهندسة المعمارية,Southern California Institute of Architecture,<p>Address: {{Description}}</p>,<p>Address: {{Description}}</p>,954,BC4FF43D-C0A2-4C29-B47F-88A728EC2509,NULL,{{Phone}},NULL,2870,,,Southern California Institute of Architecture
AB5EB81C-D82C-42BF-83B0-4E27D38C2CD3,SouthernIllinoisUniversityCarbondale,جامعة ساذرن إلينوي - كاربونديل,"Southern Illinois University, Carbondale",<p>Address: {{Description}}</p>,<p>Address: {{Description}}</p>,956,BC4FF43D-C0A2-4C29-B47F-88A728EC2509,siu.edu/,{{Phone}},NULL,2672,,,"Southern Illinois University, Carbondale"
117A2654-31C0-439A-92F2-66D692F8F047,UniversityofDohaforScienceTechnology,جامعة الدوحة للعلوم والتكنولوجيا,University of Doha for Science & Technology,<p>Address: {{Description}}</p>,<p>Address: {{Description}}</p>,1282,D1DF472C-5D2E-47DD-98AD-D5E693C5BA6F,NULL,{{Phone}},NULL,4534,,,University of Doha for Science & Technology
B88A55C1-9B96-4A38-8A26-876EEF51C0A5,SouthernMethodistUniversity,جامعة ميثوديست الجنوبية,Southern Methodist University,<p>Address: {{Description}}</p>,<p>Address: {{Description}}</p>,957,BC4FF43D-C0A2-4C29-B47F-88A728EC2509,http://www.smu.edu/,{{Phone}},NULL,2673,,,Southern Methodist University
A5D9971E-E345-4D6B-BCB0-C3904A1887DD,SouthernNewHampshireUniversity,جامعة نيوهامبشير الجنوبية,Southern New Hampshire University,<p>Address: {{Description}}</p>,<p>Address: {{Description}}</p>,958,BC4FF43D-C0A2-4C29-B47F-88A728EC2509,NULL,{{Phone}},NULL,1852,,,Southern New Hampshire University
E6C742EF-CB0E-4007-B489-4AE810D8AF80,UniversityofEasternFinland,جامعة فنلندا الشرقية,University of Eastern Finland,<p>Address: {{Description}}</p>,<p>Address: {{Description}}</p>,1285,F29D686D-089D-431E-BEBB-AF600F4F1DAD,www.uef.fi/en,{{Phone}},NULL,3566,,,University of Eastern Finland
02F76D74-A803-480D-AF2B-FAD6F3F9D726,SouthMountainCommunityCollege,كلية ساوث ماونتن العامة,South Mountain Community College*,<p>Address: {{Description}}</p>,<p>Address: {{Description}}</p>,959,BC4FF43D-C0A2-4C29-B47F-88A728EC2509,NULL,{{Phone}},NULL,1680,,,South Mountain Community College*
02C1CFA4-78AE-49BD-BC73-F1EFBE986B56,SpringfieldCollege,كلية سبرينغفيلد,Springfield College,<p>Address: {{Description}}</p>,<p>Address: {{Description}}</p>,961,BC4FF43D-C0A2-4C29-B47F-88A728EC2509,http://www.spfldcol.edu/,{{Phone}},NULL,3631,,,Springfield College
06C3F004-92D4-42ED-8EA2-66866C594B23,UniversityofEngineeringTechnologyUETLahore,جامعة الهندسة والتكنولوجيا - لاهور,University of Engineering & Technology (UET) Lahore,<p>Address: {{Description}}</p>,<p>Address: {{Description}}</p>,1288,9435AD15-1DC3-4AFF-B48F-FE85E6EC9FCD,NULL,{{Phone}},NULL,4365,,,University of Engineering & Technology (UET) Lahore
E5DF4E01-F169-4E72-B52D-1CF6FD5D5068,SpringInternationalLanguageCenter,مركز سبرينغ الدولي للغات,Spring International Language Center,<p>Address: {{Description}}</p>,<p>Address: {{Description}}</p>,962,BC4FF43D-C0A2-4C29-B47F-88A728EC2509,NULL,{{Phone}},NULL,919,,,Spring International Language Center
7765ED98-55DE-4AE2-A12E-CCD7A7AF5F30,StanfordUniversity,جامعة ستانفورد,Stanford University,<p>Address: {{Description}}</p>,<p>Address: {{Description}}</p>,964,BC4FF43D-C0A2-4C29-B47F-88A728EC2509,http://www.stanford.edu/,{{Phone}},NULL,97,,,Stanford University
F4C751A7-5E94-479F-967E-D55AE0B717D3,UniversityofFlorence,جامعة فلورنسا,University of Florence,<p>Address: {{Description}}</p>,<p>Address: {{Description}}</p>,1291,8EA4214D-3BBC-4296-9CC0-8873A293313C,NULL,{{Phone}},NULL,1329,,,University of Florence
1F8FFBD5-BF32-403C-BFFF-F3CD8F7F0FAF,StateUniversityofNewYorkBuffalo,جامعة ولاية نيويورك في بوفالو,"State University of New York, Buffalo",<p>Address: {{Description}}</p>,<p>Address: {{Description}}</p>,966,BC4FF43D-C0A2-4C29-B47F-88A728EC2509,NULL,{{Phone}},NULL,328,,,"State University of New York, Buffalo"
C70F6471-11B5-49B8-A6BF-2E27CA9939A2,UniversityofFribourg,جامعة فريبورغ,University of Fribourg,<p>Address: {{Description}}</p>,<p>Address: {{Description}}</p>,1293,925C364B-A711-458B-9255-8C3BEA7A1AF5,NULL,{{Phone}},NULL,4137,,,University of Fribourg
7604304B-F7A2-491F-BDA7-AE75B6AD149D,UniversityofGalway,جامعة غالواي,University of Galway,<p>Address: {{Description}}</p>,<p>Address: {{Description}}</p>,1294,A42C4BB8-05C4-43C2-92C4-8FDC2148A4E9,NULL,{{Phone}},NULL,4400,,,University of Galway
D35F2F54-AAFA-4D2D-89DD-ED817C9B127E,UniversityofGeneva,جامعة جنيف,University of Geneva,<p>Address: {{Description}}</p>,<p>Address: {{Description}}</p>,1295,4E364110-075B-4CF7-A201-DEB66B8C8505,www.unige.ch/,{{Phone}},NULL,382,,,University of Geneva
7B8D0365-12C2-4A18-B346-5EE956FD4C4A,StevensInstituteofTechnology,معهد ستيفنز للتكنولوجيا,Stevens Institute of Technology,<p>Address: {{Description}}</p>,<p>Address: {{Description}}</p>,970,BC4FF43D-C0A2-4C29-B47F-88A728EC2509,http://www.stevens-tech.edu/,{{Phone}},NULL,147,,,Stevens Institute of Technology
86403684-FCE4-4222-8A90-36B0B350A58A,StJohnsUniversity,جامعة سانت جونز,St. John's University,<p>Address: {{Description}}</p>,<p>Address: {{Description}}</p>,973,BC4FF43D-C0A2-4C29-B47F-88A728EC2509,www.stjohns.edu/,{{Phone}},NULL,2675,,,St. John's University
3FCE6AF9-0374-4707-B02A-1742BAD08D7A,StJosephsUniversity,جامعة سانت جوزيف,St. Joseph's University,<p>Address: {{Description}}</p>,<p>Address: {{Description}}</p>,974,BC4FF43D-C0A2-4C29-B47F-88A728EC2509,www.sju.edu/,{{Phone}},NULL,591,,,St. Joseph's University
750C22A7-CDDB-43FA-845C-A06BD14423A0,UniversityofGothenburg,جامعة جوتنبرغ,University of Gothenburg,<p>Address: {{Description}}</p>,<p>Address: {{Description}}</p>,1299,4EE77F72-AB6D-46D7-A924-03342D48A1DE,www.gu.se/english,{{Phone}},NULL,3721,,,University of Gothenburg
88539F81-131B-4DB8-BE7F-84C438AD18C4,UniversityofGranada,جامعة غرناطة,University of Granada,<p>Address: {{Description}}</p>,<p>Address: {{Description}}</p>,1300,F0FABF42-8D0C-4BAA-8535-7D3FA80FA2D6,NULL,{{Phone}},NULL,3290,,,University of Granada
BD16C9C3-9A50-41D7-94F5-B796E1A6F605,UniversityofGraz,جامعة غراتس,University of Graz,<p>Address: {{Description}}</p>,<p>Address: {{Description}}</p>,1301,BC04E008-3F0A-43AA-A4F2-2DB917054D97,NULL,{{Phone}},NULL,4093,,,University of Graz
128555DE-B1CC-482B-BA1B-D902BF25059C,StonyBrookUniversitySUNY,جامعة ستونى بروك – ولاية نيويورك,"Stony Brook University, SUNY",<p>Address: {{Description}}</p>,<p>Address: {{Description}}</p>,977,BC4FF43D-C0A2-4C29-B47F-88A728EC2509,www.stonybrook.edu/,{{Phone}},NULL,99,,,"Stony Brook University, SUNY"
D0AF953C-F61E-4DA1-9672-D2038A608D0B,UniversityofGroningen,جامعة خرونينغن,University of Groningen,<p>Address: {{Description}}</p>,<p>Address: {{Description}}</p>,1303,F1972BC9-B59A-4EA3-84CF-FEDA7EFF29A1,www.rug.nl/ucg/‎,{{Phone}},NULL,377,,,University of Groningen
3686B349-0061-498B-87B7-B833B99DA09D,UniversityofGuelph,جامعة غويلف,University of Guelph,<p>Address: {{Description}}</p>,<p>Address: {{Description}}</p>,1304,8460877D-3973-4A88-8B26-F4397E2F1316,http://www.uoguelph.ca/,{{Phone}},NULL,173,,,University of Guelph
76A001A3-2583-496E-9813-9E44856D809E,StrayerUniversity,جامعة ستراير,Strayer University*,<p>Address: {{Description}}</p>,<p>Address: {{Description}}</p>,978,BC4FF43D-C0A2-4C29-B47F-88A728EC2509,NULL,{{Phone}},NULL,1678,,,Strayer University*
64584EFD-9018-45D6-B3E6-967C5F106096,SuffolkUniversity,جامعة سافولك,Suffolk University,<p>Address: {{Description}}</p>,<p>Address: {{Description}}</p>,981,BC4FF43D-C0A2-4C29-B47F-88A728EC2509,NULL,{{Phone}},NULL,610,,,Suffolk University
62261ACF-AE93-43E5-A3C6-0BF3FC47D6FE,UniversityofHeidelberg,جامعة هايدلبرغ,University of Heidelberg,<p>Address: {{Description}}</p>,<p>Address: {{Description}}</p>,1307,B6929437-CF78-40FE-B9EF-6AF0F35AE3D1,NULL,{{Phone}},NULL,1224,,,University of Heidelberg
C01029F8-44B5-4B3B-B63D-6714CDB98AF6,UniversityofHelsinki,جامعة هلسنكي,University of Helsinki,<p>Address: {{Description}}</p>,<p>Address: {{Description}}</p>,1308,F29D686D-089D-431E-BEBB-AF600F4F1DAD,www.helsinki.fi/university/,{{Phone}},NULL,313,,,University of Helsinki
208C2F9F-AB02-424E-A472-A6C28322722F,SyracuseUniversity,جامعة سيراكيوز,Syracuse University,<p>Address: {{Description}}</p>,<p>Address: {{Description}}</p>,992,BC4FF43D-C0A2-4C29-B47F-88A728EC2509,http://cwis.syr.edu/,{{Phone}},NULL,150,,,Syracuse University
72D8CC85-CF40-4280-8496-83C0AA3CBA51,TallahasseeCommunityCollege,كلية تالاهاسي العامة,Tallahassee Community College,<p>Address: {{Description}}</p>,<p>Address: {{Description}}</p>,997,BC4FF43D-C0A2-4C29-B47F-88A728EC2509,NULL,{{Phone}},NULL,4223,,,Tallahassee Community College
B419F5A2-A16F-47E7-BFCA-818A16AB78EE,UniversityofHongKong,جامعة هونغ كونغ,University of Hong Kong,<p>Address: {{Description}}</p>,<p>Address: {{Description}}</p>,1311,F37D6EB9-D5C6-4EBE-8371-647AA54C44E6,www.hku.hk/,{{Phone}},NULL,3358,,,University of Hong Kong
0D0538E9-0F2C-4118-B814-EA200E087622,TempleUniversity,جامعة تمبل,Temple University,<p>Address: {{Description}}</p>,<p>Address: {{Description}}</p>,1021,BC4FF43D-C0A2-4C29-B47F-88A728EC2509,http://www.temple.edu/,{{Phone}},NULL,2680,,,Temple University
29376D1C-D4D9-4D39-99AA-9A6988498705,TempleUniversityPA,جامعة تمبل,Temple University (PA),<p>Address: {{Description}}</p>,<p>Address: {{Description}}</p>,1022,BC4FF43D-C0A2-4C29-B47F-88A728EC2509,NULL,{{Phone}},NULL,615,,,Temple University (PA)
BAAC81C7-02A5-45C2-9812-38BBDB4870E8,TennesseeTechnologicalUniversity,جامعة تينيسي التقنية,Tennessee Technological University,<p>Address: {{Description}}</p>,<p>Address: {{Description}}</p>,1023,BC4FF43D-C0A2-4C29-B47F-88A728EC2509,http://www.tntech.edu/,{{Phone}},NULL,3622,,,Tennessee Technological University
F275CF25-5B7D-4952-A751-955238FD5CE5,TexasAMUniversityCollegeStation,جامعة تكساس أي آند إم – كوليدج ستيشن,"Texas A&M University, College Station",<p>Address: {{Description}}</p>,<p>Address: {{Description}}</p>,1031,BC4FF43D-C0A2-4C29-B47F-88A728EC2509,https://www.tamu.edu/,{{Phone}},NULL,151,,,"Texas A&M University, College Station"
74A9A79A-6D09-49B4-BC58-3107B5ADD8F1,TexasAMUniversityCollegeStationEngineeringSchool,جامعة تكساس أي أند إم,"Texas A&M University, College Station (Engineering School)",<p>Address: {{Description}}</p>,<p>Address: {{Description}}</p>,1032,BC4FF43D-C0A2-4C29-B47F-88A728EC2509,NULL,{{Phone}},NULL,101,,,"Texas A&M University, College Station (Engineering School)"
FCE013BD-2B72-4092-93DC-08D97C03F784,TexasSouthernUniversity,جامعة تكساس الجنوبية,Texas Southern University,<p>Address: {{Description}}</p>,<p>Address: {{Description}}</p>,1033,BC4FF43D-C0A2-4C29-B47F-88A728EC2509,NULL,{{Phone}},NULL,2536,,,Texas Southern University
AA6B7CB9-9A7E-48EE-9102-7DA4B141ED45,TexasTechUniversity,جامعة تكساس التقنية,Texas Tech University,<p>Address: {{Description}}</p>,<p>Address: {{Description}}</p>,1034,BC4FF43D-C0A2-4C29-B47F-88A728EC2509,http://www.ttu.edu/,{{Phone}},NULL,2682,,,Texas Tech University
5818212D-42CE-46FD-A9D4-126267AF44FC,UniversityofIndonesia,جامعة إندونيسيا,University of Indonesia,<p>Address: {{Description}}</p>,<p>Address: {{Description}}</p>,1319,C6887CE4-4FB8-4F32-8B6C-C3E537A85E7D,www.ui.ac.id/,{{Phone}},NULL,3782,,,University of Indonesia
6A047E91-0D4B-440F-B979-709FBB0B7E6D,UniversityofInnsbruck,جامعة إنسبروك,University of Innsbruck,<p>Address: {{Description}}</p>,<p>Address: {{Description}}</p>,1320,BC04E008-3F0A-43AA-A4F2-2DB917054D97,NULL,{{Phone}},NULL,352,,,University of Innsbruck
234586CB-2F99-41E2-BADC-AC460F8F9260,UniversityOfInternationalBusinessAndEconomics,جامعة الأعمال والاقتصاد الدولية,University Of International Business And Economics,<p>Address: {{Description}}</p>,<p>Address: {{Description}}</p>,1321,FFC985AF-DE1D-4346-9536-42391A71E6AD,NULL,{{Phone}},NULL,3466,,,University Of International Business And Economics
05096519-64FE-4C9F-A752-67BD8C0F1767,TheEnglishCentreforInternationalWomen,المركز الإنجليزي للنساء الدوليات,The English Centre for International Women,<p>Address: {{Description}}</p>,<p>Address: {{Description}}</p>,1036,BC4FF43D-C0A2-4C29-B47F-88A728EC2509,NULL,{{Phone}},NULL,618,,,The English Centre for International Women
2B67B434-F7E9-4239-B3C2-E3B7A8E4F393,UniversityofJohannesburg,جامعة جوهانسبرغ,University of Johannesburg,<p>Address: {{Description}}</p>,<p>Address: {{Description}}</p>,1323,80DB5A9E-9FFE-4420-8530-C56671F39698,NULL,{{Phone}},NULL,4499,,,University of Johannesburg
D94D03A8-BEAE-4F8A-814A-082FD431307E,UniversityofJordan,الجامعة الأردنية,University of Jordan,<p>Address: {{Description}}</p>,<p>Address: {{Description}}</p>,1324,10764C65-F3FD-469D-8849-7171F7CD4024,فقط للبرامج غير المتوفرة في قطر,{{Phone}},NULL,630,,,University of Jordan
0F37F6CD-E63A-47EE-996F-8B7028597756,UniversityofJyvskyl,جامعة يوفاسكولا,University of Jyväskylä,<p>Address: {{Description}}</p>,<p>Address: {{Description}}</p>,1325,F29D686D-089D-431E-BEBB-AF600F4F1DAD,https://www.jyu.fi/en/,{{Phone}},NULL,3567,,,University of Jyväskylä
FEF17729-FEC4-41A7-84BC-F9723D1A65C5,UniversityofKaiserslautern,جامعة كايسرسلاوترن-لانداو العامة,University of Kaiserslautern,<p>Address: {{Description}}</p>,<p>Address: {{Description}}</p>,1326,B6929437-CF78-40FE-B9EF-6AF0F35AE3D1,NULL,{{Phone}},NULL,4177,,,University of Kaiserslautern
C946FF4D-4916-4635-B974-C13E1B0C3BEC,TheNewSchool,ذا نيو سكول,The New School,<p>Address: {{Description}}</p>,<p>Address: {{Description}}</p>,1041,BC4FF43D-C0A2-4C29-B47F-88A728EC2509,www.newschool.edu/,{{Phone}},NULL,2831,,,The New School
DCBDB076-C5C2-438E-80A4-93F8168EDA0D,TheUniversityofChicago,جامعة شيكاغو,The University of Chicago,<p>Address: {{Description}}</p>,<p>Address: {{Description}}</p>,1047,BC4FF43D-C0A2-4C29-B47F-88A728EC2509,http://www.uchicago.edu/,{{Phone}},NULL,160,,,The University of Chicago
B82EB3BE-56F1-4806-8DBE-73AAF6E419D5,UniversityofKarachi,جامعة كراتشي,University of Karachi,<p>Address: {{Description}}</p>,<p>Address: {{Description}}</p>,1329,9435AD15-1DC3-4AFF-B48F-FE85E6EC9FCD,NULL,{{Phone}},NULL,653,,,University of Karachi
D7BBB772-AEDC-4251-95CF-D44F09183DE5,ThomasJeffersonUniversity,جامعة توماس جيفرسون,Thomas Jefferson University,<p>Address: {{Description}}</p>,<p>Address: {{Description}}</p>,1048,BC4FF43D-C0A2-4C29-B47F-88A728EC2509,NULL,{{Phone}},NULL,4151,,,Thomas Jefferson University
7FA3EA86-2CD6-4840-9D53-4420C6580EC8,TuftsUniversity,جامعة تافتس,Tufts University,<p>Address: {{Description}}</p>,<p>Address: {{Description}}</p>,1064,BC4FF43D-C0A2-4C29-B47F-88A728EC2509,http://www.tufts.edu/,{{Phone}},NULL,103,,,Tufts University
A361A766-BE26-4492-A420-F8B1A0421C18,UniversityofKhartoum,جامعة الخرطوم,University of Khartoum,<p>Address: {{Description}}</p>,<p>Address: {{Description}}</p>,1332,4B62C56C-20CD-4241-8290-B532BC589E70,NULL,{{Phone}},NULL,544,,,University of Khartoum
44FC44B5-5675-419D-9893-CF1FE5735337,UniversityofLausanne,جامعة لوزان,University of Lausanne,<p>Address: {{Description}}</p>,<p>Address: {{Description}}</p>,1333,4E364110-075B-4CF7-A201-DEB66B8C8505,www.unil.ch/central/en/,{{Phone}},NULL,1505,,,University of Lausanne
14AC1F86-115E-4D9C-AB85-14046F8E51DA,UCLAExtension,برنامج التعليم المستمر - جامعة كاليفورنيا لوس أنجلوس,UCLA Extension,<p>Address: {{Description}}</p>,<p>Address: {{Description}}</p>,1067,BC4FF43D-C0A2-4C29-B47F-88A728EC2509,NULL,{{Phone}},NULL,3522,,,UCLA Extension
1F5CD7BF-529E-4C8D-87AF-4C47CBE0D5B5,UniversityatAlbanySUNY,جامعة ألباني - جامعة ولاية نيويورك,"University at Albany, SUNY",<p>Address: {{Description}}</p>,<p>Address: {{Description}}</p>,1188,BC4FF43D-C0A2-4C29-B47F-88A728EC2509,www.albany.edu/,{{Phone}},NULL,3617,,,"University at Albany, SUNY"
614D85CC-D0F5-475D-A0E8-AEDA1FFDAD68,UniversityatBuffaloSUNY,جامعة بوفالو - جامعة ولاية نيويورك,"University at Buffalo, SUNY",<p>Address: {{Description}}</p>,<p>Address: {{Description}}</p>,1190,BC4FF43D-C0A2-4C29-B47F-88A728EC2509,www.buffalo.edu/,{{Phone}},NULL,153,,,"University at Buffalo, SUNY"
678583F3-2F3D-498D-BABE-6D6887C30D54,UniversityofLimerick,جامعة ليمريك,University of Limerick,<p>Address: {{Description}}</p>,<p>Address: {{Description}}</p>,1337,A42C4BB8-05C4-43C2-92C4-8FDC2148A4E9,www.ul.ie/,{{Phone}},NULL,3778,,,University of Limerick
EFCF8334-B295-470C-9124-C96AE99D9817,UniversityatBuffalotheStateUniofNY,"جامعة بوفالو، جامعة ولاية نيويورك",University at Buffalo the State Uni of NY,<p>Address: {{Description}}</p>,<p>Address: {{Description}}</p>,1191,BC4FF43D-C0A2-4C29-B47F-88A728EC2509,NULL,{{Phone}},NULL,2032,,,University at Buffalo the State Uni of NY
62E94120-D55A-40FF-B555-54FF8950A674,UniversityofLisbon,جامعة لشبونة,University of Lisbon,<p>Address: {{Description}}</p>,<p>Address: {{Description}}</p>,1339,834E31D6-3358-46FD-AFBD-453E237358D2,www.ulisboa.pt/en/,{{Phone}},NULL,3264,,,University of Lisbon
EB6542B3-4778-4F0B-9C73-BBE68304C34F,UniversityofAkron,جامعة أكرون,University of Akron,<p>Address: {{Description}}</p>,<p>Address: {{Description}}</p>,1208,BC4FF43D-C0A2-4C29-B47F-88A728EC2509,NULL,{{Phone}},NULL,631,,,University of Akron
ED8B3B7C-384B-47EC-8E9C-D66C2476CCEC,UniversityofAlabama,جامعة ألاباما,University of Alabama,<p>Address: {{Description}}</p>,<p>Address: {{Description}}</p>,1209,BC4FF43D-C0A2-4C29-B47F-88A728EC2509,http://www.ua.edu/,{{Phone}},NULL,154,,,University of Alabama
41676457-B645-479E-86E6-6980687C9BCF,UniversityofAlabamaBirmingham,جامعة ألاباما في برمنغهام,"University of Alabama, Birmingham",<p>Address: {{Description}}</p>,<p>Address: {{Description}}</p>,1210,BC4FF43D-C0A2-4C29-B47F-88A728EC2509,www.uab.edu/,{{Phone}},NULL,2688,,,"University of Alabama, Birmingham"
BF7B581A-F078-4EC5-823B-3FAEB03C707C,UniversityofLouisLumiereofLyon,جامعة جان مولان ليون 3,University of Louis Lumiere of Lyon 3,<p>Address: {{Description}}</p>,<p>Address: {{Description}}</p>,1343,697C7D6B-6E81-416B-8F94-C01AE8A678E1,NULL,{{Phone}},NULL,3543,,,University of Louis Lumiere of Lyon 3
D4D382D8-82B5-4671-9D53-3CA8CEBE11B0,UniversityofAlabamaHuntsville,جامعة ألاباما في هنتسفيل,"University of Alabama, Huntsville",<p>Address: {{Description}}</p>,<p>Address: {{Description}}</p>,1211,BC4FF43D-C0A2-4C29-B47F-88A728EC2509,www.uah.edu/,{{Phone}},NULL,2689,,,"University of Alabama, Huntsville"
4084EEB8-27E5-49A8-A810-B0BFACF7D23A,UniversityofLuxembourg,جامعة لوكسمبورغ,University of Luxembourg,<p>Address: {{Description}}</p>,<p>Address: {{Description}}</p>,1345,8FA35A84-C112-495B-A36A-69DE4F5F9E93,NULL,{{Phone}},NULL,4125,,,University of Luxembourg
F78E8DF3-181F-4FBA-8A66-4EC8769B4EF3,UniversityofMacau,جامعة ماكاو,University of Macau,<p>Address: {{Description}}</p>,<p>Address: {{Description}}</p>,1346,A2E2CAB6-5604-4C25-9625-289F873495A4,NULL,{{Phone}},NULL,4394,,,University of Macau
D34A95B1-8B0B-412A-8C16-525A227EB71B,UniversityofAlaskaFairbanks,جامعة ألاسكا فيربانكس,University of Alaska Fairbanks,<p>Address: {{Description}}</p>,<p>Address: {{Description}}</p>,1212,BC4FF43D-C0A2-4C29-B47F-88A728EC2509,NULL,{{Phone}},NULL,2690,,,University of Alaska Fairbanks
7951BF37-6DD4-4276-8FE1-71B7946B082F,UniversityofMalaya,جامعة مالايا,University of Malaya,<p>Address: {{Description}}</p>,<p>Address: {{Description}}</p>,1348,3A2F27ED-DBC2-4F18-B229-1EBD1B83577B,www.um.edu.my/,{{Phone}},NULL,223,,,University of Malaya
2D84E02B-0642-4A64-A507-FAB37FC75573,UniversityofMalta,جامعة مالطا,University of Malta,<p>Address: {{Description}}</p>,<p>Address: {{Description}}</p>,1349,A1C3E2D0-124C-44C6-9FB2-8CFCAAD02A43,NULL,{{Phone}},NULL,3524,,,University of Malta
5E703156-F9F9-4F61-BA88-7B15DE533631,UniversityofArizona,جامعة أريزونا,University of Arizona,<p>Address: {{Description}}</p>,<p>Address: {{Description}}</p>,1220,BC4FF43D-C0A2-4C29-B47F-88A728EC2509,http://www.arizona.edu/,{{Phone}},NULL,155,,,University of Arizona
E8E1A0CD-25D2-43D6-9FB9-84C820ABD94D,UniversityofArkansas,جامعة أركنساس,University of Arkansas,<p>Address: {{Description}}</p>,<p>Address: {{Description}}</p>,1221,BC4FF43D-C0A2-4C29-B47F-88A728EC2509,www.uark.edu/,{{Phone}},NULL,633,,,University of Arkansas
4A435AFE-B833-44A8-AFA9-FB62640CD13E,UniversityofManitoba,جامعة مانيتوبا,University of Manitoba,<p>Address: {{Description}}</p>,<p>Address: {{Description}}</p>,1352,8460877D-3973-4A88-8B26-F4397E2F1316,http://www.umanitoba.ca/,{{Phone}},NULL,391,,,University of Manitoba
00B539F7-75EC-4C19-A9B7-AC5D3EE23571,UniversityofMarburg,جامعة فيليبس في ماربورغ,University of Marburg,<p>Address: {{Description}}</p>,<p>Address: {{Description}}</p>,1353,B6929437-CF78-40FE-B9EF-6AF0F35AE3D1,NULL,{{Phone}},NULL,4178,,,University of Marburg
41D348CE-8B2D-4703-A968-9A12C2E543C7,UniversityofBridgeport,جامعة بريدجبورت,University of Bridgeport,<p>Address: {{Description}}</p>,<p>Address: {{Description}}</p>,1237,BC4FF43D-C0A2-4C29-B47F-88A728EC2509,NULL,{{Phone}},NULL,638,,,University of Bridgeport
398D0E60-A52A-446C-92FF-1CE173E40999,UniversityofCaliforniaBerkeley,"جامعة كاليفورنيا، بيركلي","University of California, Berkeley",<p>Address: {{Description}}</p>,<p>Address: {{Description}}</p>,1245,BC4FF43D-C0A2-4C29-B47F-88A728EC2509,berkeley.edu/,{{Phone}},NULL,156,,,"University of California, Berkeley"
8160E28A-C46B-440F-BE1C-5E5D99577663,UniversityofCaliforniaDavis,"جامعة كاليفورنيا، ديفيس","University of California, Davis",<p>Address: {{Description}}</p>,<p>Address: {{Description}}</p>,1246,BC4FF43D-C0A2-4C29-B47F-88A728EC2509,ucdavis.edu/,{{Phone}},NULL,157,,,"University of California, Davis"
2A655715-41F7-43C5-9DB1-87292314F8B3,UNIVERSITYOFCALIFORNIAEXTENSION,جامعة كاليفورنيا للتعليم المستمر,UNIVERSITY OF CALIFORNIA EXTENSION,<p>Address: {{Description}}</p>,<p>Address: {{Description}}</p>,1247,BC4FF43D-C0A2-4C29-B47F-88A728EC2509,NULL,{{Phone}},NULL,1523,,,UNIVERSITY OF CALIFORNIA EXTENSION
408A5044-F7BA-4A80-863B-2995104B8B5D,UniversityofCaliforniaIrvine,"جامعة كاليفورنيا، إرفاين","University of California, Irvine",<p>Address: {{Description}}</p>,<p>Address: {{Description}}</p>,1248,BC4FF43D-C0A2-4C29-B47F-88A728EC2509,uci.edu/,{{Phone}},NULL,70,,,"University of California, Irvine"
4F49B6AF-7C9C-4F3C-9C3A-8D32FC0DCDA5,UniversityofCaliforniaLosAngeles,"جامعة كاليفورنيا، لوس أنجلوس","University of California, Los Angeles",<p>Address: {{Description}}</p>,<p>Address: {{Description}}</p>,1249,BC4FF43D-C0A2-4C29-B47F-88A728EC2509,www.ucla.edu/,{{Phone}},NULL,71,,,"University of California, Los Angeles"
557322C7-E7A4-4F11-8CA0-B1FE5C3B738C,UniversityofCaliforniaMerced,"جامعة كاليفورنيا، ميرسيد","University of California, Merced",<p>Address: {{Description}}</p>,<p>Address: {{Description}}</p>,1250,BC4FF43D-C0A2-4C29-B47F-88A728EC2509,NULL,{{Phone}},NULL,4160,,,"University of California, Merced"
FE489349-0F03-4587-B11A-3CC0D722FEF2,UniversityofCaliforniaRiverside,"جامعة كاليفورنيا، ريفرسايد","University of California, Riverside",<p>Address: {{Description}}</p>,<p>Address: {{Description}}</p>,1251,BC4FF43D-C0A2-4C29-B47F-88A728EC2509,www.ucr.edu/,{{Phone}},NULL,72,,,"University of California, Riverside"
ED9741FF-D1BB-4E9B-8986-9E9463BAFE8B,UniversityofMelbourne,جامعة ملبورن,University of Melbourne,<p>Address: {{Description}}</p>,<p>Address: {{Description}}</p>,1362,6E24A731-2BBB-4725-9084-2225987A78DF,www.unimelb.edu.au/,{{Phone}},NULL,127,,,University of Melbourne
B87DB117-E463-4047-A987-9B00309A1FEB,UniversityofCaliforniaSanDiego,"جامعة كاليفورنيا، سان دييغو","University of California, San Diego",<p>Address: {{Description}}</p>,<p>Address: {{Description}}</p>,1252,BC4FF43D-C0A2-4C29-B47F-88A728EC2509,https://ucsd.edu/,{{Phone}},NULL,105,,,"University of California, San Diego"
3AFB26D1-C220-42E1-9674-DE638E58A87C,UniversityofCaliforniaSanFrancisco,"جامعة كاليفورنيا، سان فرانسيسكو","University of California, San Francisco",<p>Address: {{Description}}</p>,<p>Address: {{Description}}</p>,1253,BC4FF43D-C0A2-4C29-B47F-88A728EC2509,NULL,{{Phone}},NULL,319,,,"University of California, San Francisco"
8D7C3A3F-3BA2-453D-B6EA-5354E866C387,UniversityofMilan,جامعة ميلانو,University of Milan,<p>Address: {{Description}}</p>,<p>Address: {{Description}}</p>,1365,8EA4214D-3BBC-4296-9CC0-8873A293313C,NULL,{{Phone}},NULL,373,,,University of Milan
4A3FF41D-7A9B-486B-9154-7BD51AF95CAA,UniversityofMilanoBicocca,جامعة ميلانو-بيكوكا,University of Milano-Bicocca,<p>Address: {{Description}}</p>,<p>Address: {{Description}}</p>,1366,8EA4214D-3BBC-4296-9CC0-8873A293313C,www.unimib.it/,{{Phone}},NULL,3761,,,University of Milano-Bicocca
CF2FFDB6-BCDA-406E-99B3-0B2F863389CA,UniversityofMinho,جامعة مينهو,University of Minho,<p>Address: {{Description}}</p>,<p>Address: {{Description}}</p>,1367,834E31D6-3358-46FD-AFBD-453E237358D2,NULL,{{Phone}},NULL,4129,,,University of Minho
B682EF32-7F43-41C9-87A2-5A6124C9EC51,UniversityofCaliforniaSantaBarbara,"جامعة كاليفورنيا، سانتا باربرا","University of California, Santa Barbara",<p>Address: {{Description}}</p>,<p>Address: {{Description}}</p>,1254,BC4FF43D-C0A2-4C29-B47F-88A728EC2509,www.ucsb.edu/,{{Phone}},NULL,158,,,"University of California, Santa Barbara"
A3D345D4-8FE3-488E-9969-2A2B49659E13,UniversityofCaliforniaSantaCruz,"جامعة كاليفورنيا، سانتا كروز","University of California, Santa Cruz",<p>Address: {{Description}}</p>,<p>Address: {{Description}}</p>,1255,BC4FF43D-C0A2-4C29-B47F-88A728EC2509,www.ucsc.edu/,{{Phone}},NULL,159,,,"University of California, Santa Cruz"
C19836CC-5813-4188-89C6-340544A63113,UniversityofCentralFloridaFL,جامعة سنترال فلوريدا,University of Central Florida (FL),<p>Address: {{Description}}</p>,<p>Address: {{Description}}</p>,1261,BC4FF43D-C0A2-4C29-B47F-88A728EC2509,NULL,{{Phone}},NULL,1358,,,University of Central Florida (FL)
BD897531-3F43-4037-85B4-618E9DA26E03,UniversityofCincinnati,جامعة سينسيناتي,University of Cincinnati,<p>Address: {{Description}}</p>,<p>Address: {{Description}}</p>,1265,BC4FF43D-C0A2-4C29-B47F-88A728EC2509,http://www.uc.edu/,{{Phone}},NULL,330,,,University of Cincinnati
DD150B7F-8874-400F-966A-F503ACB6A92C,UniversityofMnster,جامعة مونستر,University of Münster,<p>Address: {{Description}}</p>,<p>Address: {{Description}}</p>,1372,B6929437-CF78-40FE-B9EF-6AF0F35AE3D1,NULL,{{Phone}},NULL,3139,,,University of Münster
A530C8AA-3C20-4BC5-AB9E-E543E49326E1,UniversityofColoradoBoulder,جامعة كولورادو - بولدر,"University of Colorado, Boulder",<p>Address: {{Description}}</p>,<p>Address: {{Description}}</p>,1269,BC4FF43D-C0A2-4C29-B47F-88A728EC2509,www.colorado.edu/,{{Phone}},NULL,73,,,"University of Colorado, Boulder"
45BA9E3F-A1C1-42D8-BCC0-9D0E5F94C098,UniversityofMontreal,جامعة مونتريال,University of Montreal,<p>Address: {{Description}}</p>,<p>Address: {{Description}}</p>,1374,8460877D-3973-4A88-8B26-F4397E2F1316,www.umontreal.ca/,{{Phone}},NULL,426,,,University of Montreal
9E862F01-045C-424F-A507-9ABB8CE724C4,UniversityofMunich,جامعة لودفيغ ماكسيميليان في ميونيخ,University of Munich,<p>Address: {{Description}}</p>,<p>Address: {{Description}}</p>,1375,B6929437-CF78-40FE-B9EF-6AF0F35AE3D1,NULL,{{Phone}},NULL,371,,,University of Munich
31B247CE-7415-4133-B916-BE935C56AF8B,UniversityOfColoradoDenver,جامعة كولورادو دنفر,University Of Colorado Denver,<p>Address: {{Description}}</p>,<p>Address: {{Description}}</p>,1270,BC4FF43D-C0A2-4C29-B47F-88A728EC2509,NULL,{{Phone}},NULL,1686,,,University Of Colorado Denver
D6ACD0FC-1565-4888-AE0E-BE6B583D357D,UniversityofColoradoHealthScienceCenter,جامعة كولورادو - الحرم الطبي العام,University of Colorado Health Science Center,<p>Address: {{Description}}</p>,<p>Address: {{Description}}</p>,1271,BC4FF43D-C0A2-4C29-B47F-88A728EC2509,NULL,{{Phone}},NULL,433,,,University of Colorado Health Science Center
A3DFC221-F786-4561-9305-D7382A727CDA,UniversityofNeuChatel,جامعة نوشاتيل,University of NeuChatel,<p>Address: {{Description}}</p>,<p>Address: {{Description}}</p>,1378,925C364B-A711-458B-9255-8C3BEA7A1AF5,NULL,{{Phone}},NULL,1262,,,University of NeuChatel
C50DE82A-F619-44EB-AD34-3CA7D3CEDAD2,UniversityofConnecticut,جامعة كونيتيكت,University of Connecticut,<p>Address: {{Description}}</p>,<p>Address: {{Description}}</p>,1272,BC4FF43D-C0A2-4C29-B47F-88A728EC2509,http://www.uconn.edu/,{{Phone}},NULL,2699,,,University of Connecticut
36EB360A-0755-41A6-9E10-B2FF17446091,UniversityofDayton,جامعة دايتون,University of Dayton,<p>Address: {{Description}}</p>,<p>Address: {{Description}}</p>,1275,BC4FF43D-C0A2-4C29-B47F-88A728EC2509,http://www.udayton.edu/,{{Phone}},NULL,2700,,,University of Dayton
2F0E30F7-BE19-46B0-A3A5-6FF15CB48D50,UniversityofNewcastleAustraliaUON,جامعة نيوكاسل بأستراليا,"University of Newcastle, Australia (UON)",<p>Address: {{Description}}</p>,<p>Address: {{Description}}</p>,1381,6E24A731-2BBB-4725-9084-2225987A78DF,www.newcastle.edu.au/,{{Phone}},NULL,333,,,"University of Newcastle, Australia (UON)"
3301E08D-2A62-4626-91F6-3A5E597BA4AD,UniversityofNewEnglandAustralia,"جامعة نيو إنجلاند، أستراليا","University of New England, Australia",<p>Address: {{Description}}</p>,<p>Address: {{Description}}</p>,1382,6E24A731-2BBB-4725-9084-2225987A78DF,NULL,{{Phone}},NULL,1290,,,"University of New England, Australia"
52D10599-AD5F-4254-872F-ABF2B4566217,UniversityofDaytonOH,جامعة دايتون,University of Dayton (OH),<p>Address: {{Description}}</p>,<p>Address: {{Description}}</p>,1276,BC4FF43D-C0A2-4C29-B47F-88A728EC2509,NULL,{{Phone}},NULL,74,,,University of Dayton (OH)
8494D5E5-2CC6-4E77-897E-48AF5D01BF7A,UniversityofDelaware,جامعة ديلاوير,University of Delaware,<p>Address: {{Description}}</p>,<p>Address: {{Description}}</p>,1278,BC4FF43D-C0A2-4C29-B47F-88A728EC2509,http://www.udel.edu/,{{Phone}},NULL,106,,,University of Delaware
BBE92F72-E6C9-4EF9-AF36-5973F301993A,UniversityofDenver,جامعة دنفر,University of Denver,<p>Address: {{Description}}</p>,<p>Address: {{Description}}</p>,1280,BC4FF43D-C0A2-4C29-B47F-88A728EC2509,http://www.du.edu/,{{Phone}},NULL,107,,,University of Denver
4F723E6A-5BAE-45D5-AD56-76C2E39C034F,UniversityofNewSouthWalesUNSWSydney,جامعة نيو ساوث ويلز,University of New South Wales (UNSW Sydney),<p>Address: {{Description}}</p>,<p>Address: {{Description}}</p>,1386,6E24A731-2BBB-4725-9084-2225987A78DF,www.unsw.edu.au/,{{Phone}},NULL,215,,,University of New South Wales (UNSW Sydney)
D153CDEB-9FAD-4C30-BDDB-35FFDBE641C6,UniversityofNicosia,University of Nicosia,University of Nicosia,,,1387,C4212154-D01C-4F5A-B480-A450D90E4927,,,,8298,,,University of Nicosia
F7DC7029-667E-4C6E-92E0-3F04BCC44F4E,UniversityOfFlorida,جامعة فلوريدا,University Of  Florida,<p>Address: {{Description}}</p>,<p>Address: {{Description}}</p>,1292,BC4FF43D-C0A2-4C29-B47F-88A728EC2509,NULL,{{Phone}},NULL,3473,,,University Of  Florida
FEB822A3-27AF-4F7E-AD35-B5ABA64358EF,UniversityofGeorgia,جامعة جورجيا,University of Georgia,<p>Address: {{Description}}</p>,<p>Address: {{Description}}</p>,1296,BC4FF43D-C0A2-4C29-B47F-88A728EC2509,http://www.uga.edu/,{{Phone}},NULL,162,,,University of Georgia
608C7B3C-1237-47AD-9DBE-1CF7AA082DB1,UniversityofHartford,جامعة هارتفورد,University of Hartford,<p>Address: {{Description}}</p>,<p>Address: {{Description}}</p>,1305,BC4FF43D-C0A2-4C29-B47F-88A728EC2509,NULL,{{Phone}},NULL,2885,,,University of Hartford
3E9008F1-A330-4201-8A28-D6830869F23E,UniversityofHawaiiManoa,جامعة هاواي في مانوا,"University of Hawaii, Manoa",<p>Address: {{Description}}</p>,<p>Address: {{Description}}</p>,1306,BC4FF43D-C0A2-4C29-B47F-88A728EC2509,https://manoa.hawaii.edu/,{{Phone}},NULL,403,,,"University of Hawaii, Manoa"
FE65401D-974E-4E34-A245-20EAED93DC3B,UniversityofHouston,جامعة هيوستن,University of Houston,<p>Address: {{Description}}</p>,<p>Address: {{Description}}</p>,1312,BC4FF43D-C0A2-4C29-B47F-88A728EC2509,http://www.uh.edu/,{{Phone}},NULL,404,,,University of Houston
0787BC02-F27F-41E9-B66E-DDA18D6DEDCC,UniversityofHustonDowntown,جامعة هيوستن - داون تاون,University of Huston-Downtown,<p>Address: {{Description}}</p>,<p>Address: {{Description}}</p>,1315,BC4FF43D-C0A2-4C29-B47F-88A728EC2509,NULL,{{Phone}},NULL,709,,,University of Huston-Downtown
E4901E22-416D-42C4-9BF7-1C07D5E0A42D,UniversityofIdaho,جامعة أيداهو,University of Idaho,<p>Address: {{Description}}</p>,<p>Address: {{Description}}</p>,1316,BC4FF43D-C0A2-4C29-B47F-88A728EC2509,http://www.uidaho.edu/,{{Phone}},NULL,2707,,,University of Idaho
81FDF47B-115B-4121-B894-A8503FE4D13B,UniversityofIllinoisChicago,جامعة إلينوي في شيكاغو,"University of Illinois, Chicago",<p>Address: {{Description}}</p>,<p>Address: {{Description}}</p>,1317,BC4FF43D-C0A2-4C29-B47F-88A728EC2509,www.uic.edu/,{{Phone}},NULL,405,,,"University of Illinois, Chicago"
0C65295B-1956-4AEB-8A70-51F10EFB6074,UniversityofIllinoisUrbanaChampaign,جامعة إلينوي في أوربانا شامبين,"University of Illinois, Urbana-Champaign",<p>Address: {{Description}}</p>,<p>Address: {{Description}}</p>,1318,BC4FF43D-C0A2-4C29-B47F-88A728EC2509,illinois.edu/,{{Phone}},NULL,163,,,"University of Illinois, Urbana-Champaign"
0D77035B-8787-4C7B-B4F8-F0B8219D707A,UniversityofIowa,جامعة آيوا,University of Iowa,<p>Address: {{Description}}</p>,<p>Address: {{Description}}</p>,1322,BC4FF43D-C0A2-4C29-B47F-88A728EC2509,http://www.uiowa.edu/,{{Phone}},NULL,76,,,University of Iowa
D528622C-1D40-47DE-A791-921E474C3623,UniversityofKansas,جامعة كانساس,University of Kansas,<p>Address: {{Description}}</p>,<p>Address: {{Description}}</p>,1327,BC4FF43D-C0A2-4C29-B47F-88A728EC2509,http://www.ku.edu/,{{Phone}},NULL,15,,,University of Kansas
C9670D73-A6E6-4DCB-BEBC-8D51E3C1AB91,UniversityofOslo,جامعة أوسلو,University of Oslo,<p>Address: {{Description}}</p>,<p>Address: {{Description}}</p>,1399,85122EE5-F1C5-4C11-86D0-583790DDA7F4,www.uio.no/english/,{{Phone}},NULL,316,,,University of Oslo
1D865FDD-2B85-4D46-A96A-F1CE5D6553B9,UniversityofOtago,جامعة أوتاجو,University of Otago,<p>Address: {{Description}}</p>,<p>Address: {{Description}}</p>,1400,62524CBE-D439-4F93-BCDD-D11019993951,www.otago.ac.nz/,{{Phone}},NULL,181,,,University of Otago
7CD5D6AD-17B0-4D6D-A37D-2D971B58EBA1,UniversityofOttawa,جامعة أوتاوا,University of Ottawa,<p>Address: {{Description}}</p>,<p>Address: {{Description}}</p>,1401,8460877D-3973-4A88-8B26-F4397E2F1316,http://www.uottawa.ca/,{{Phone}},NULL,427,,,University of Ottawa
4BEF85D4-D1E4-4DD1-9718-9E141A2B89A5,UniversityofOulu,جامعة أولو,University of Oulu,<p>Address: {{Description}}</p>,<p>Address: {{Description}}</p>,1402,F29D686D-089D-431E-BEBB-AF600F4F1DAD,www.oulu.fi/english/,{{Phone}},NULL,3226,,,University of Oulu
3D9427AC-04B7-4BC9-8908-993DA93B8F9E,UniversityofKansasWeslyan,جامعة كانساس ويسليان,University of Kansas Weslyan,<p>Address: {{Description}}</p>,<p>Address: {{Description}}</p>,1328,BC4FF43D-C0A2-4C29-B47F-88A728EC2509,NULL,{{Phone}},NULL,652,,,University of Kansas Weslyan
608F1375-A34B-42C8-B1EF-C0B9AB71AB7A,UniversityofPaderborn,جامعة بادربورن,University of Paderborn,<p>Address: {{Description}}</p>,<p>Address: {{Description}}</p>,1404,B6929437-CF78-40FE-B9EF-6AF0F35AE3D1,NULL,{{Phone}},NULL,4179,,,University of Paderborn
C5F1CBAD-B281-4008-B6FD-321640908C83,UniversityofPadua,جامعة بادوفا,University of Padua,<p>Address: {{Description}}</p>,<p>Address: {{Description}}</p>,1405,8EA4214D-3BBC-4296-9CC0-8873A293313C,NULL,{{Phone}},NULL,374,,,University of Padua
EBE12DC0-F26C-41FB-B8CD-713D51E6FC6E,UniversityofParis,جامعة باريس سود (باريس 11),University of Paris 11,<p>Address: {{Description}}</p>,<p>Address: {{Description}}</p>,1406,697C7D6B-6E81-416B-8F94-C01AE8A678E1,NULL,{{Phone}},NULL,314,,,University of Paris 11
49C26590-8D9E-4BF2-A83B-E5DF4B66B723,UniversityofParisISorbonne,جامعة السوربون - باريس 1,"University of Paris I, Sorbonne",<p>Address: {{Description}}</p>,<p>Address: {{Description}}</p>,1407,697C7D6B-6E81-416B-8F94-C01AE8A678E1,NULL,{{Phone}},NULL,265,,,"University of Paris I, Sorbonne"
BEEA9182-4819-4A03-A98B-AD137869867C,UniversityofKentucky,جامعة كنتاكي,University of Kentucky,<p>Address: {{Description}}</p>,<p>Address: {{Description}}</p>,1331,BC4FF43D-C0A2-4C29-B47F-88A728EC2509,NULL,{{Phone}},NULL,77,,,University of Kentucky
AC0D134C-2CB7-4577-A20E-032D6D34DF9C,UniversityofPerugia,جامعة بيروجيا,University of Perugia,<p>Address: {{Description}}</p>,<p>Address: {{Description}}</p>,1409,8EA4214D-3BBC-4296-9CC0-8873A293313C,NULL,{{Phone}},NULL,2319,,,University of Perugia
B50F1F29-2299-42A2-8EB2-06513BA458B4,UniversityofLaVerne,جامعة لا فيرن,University of La Verne,<p>Address: {{Description}}</p>,<p>Address: {{Description}}</p>,1334,BC4FF43D-C0A2-4C29-B47F-88A728EC2509,laverne.edu/,{{Phone}},NULL,3605,,,University of La Verne
67CE1E33-D2DF-4849-94AF-7FAE460751A1,UniversityofLouisiana,جامعة لويزيانا في لافاييت,University of Louisiana,<p>Address: {{Description}}</p>,<p>Address: {{Description}}</p>,1342,BC4FF43D-C0A2-4C29-B47F-88A728EC2509,NULL,{{Phone}},NULL,661,,,University of Louisiana
4A4DB268-FF18-4FFB-9793-7D77AB82A254,UniversityofMaine,جامعة مين,University of Maine,<p>Address: {{Description}}</p>,<p>Address: {{Description}}</p>,1347,BC4FF43D-C0A2-4C29-B47F-88A728EC2509,http://www.umaine.edu/,{{Phone}},NULL,2595,,,University of Maine
A1777C35-774A-4A12-844A-098700C885A4,UniversityofMarylandBaltimore,"جامعة ماريلاند، بالتيمور","University of Maryland, Baltimore",<p>Address: {{Description}}</p>,<p>Address: {{Description}}</p>,1354,BC4FF43D-C0A2-4C29-B47F-88A728EC2509,NULL,{{Phone}},NULL,406,,,"University of Maryland, Baltimore"
DA5487C3-F194-4596-931C-CB252AE08363,UniversityofPorto,جامعة بورتو,University of Porto,<p>Address: {{Description}}</p>,<p>Address: {{Description}}</p>,1414,834E31D6-3358-46FD-AFBD-453E237358D2,www.up.pt/,{{Phone}},NULL,3263,,,University of Porto
5292D28A-ED46-4C9C-ABEA-6143450F8EF1,UniversityofMarylandCollegePark,جامعة ماريلاند في كوليج بارك,"University of Maryland, College Park",<p>Address: {{Description}}</p>,<p>Address: {{Description}}</p>,1355,BC4FF43D-C0A2-4C29-B47F-88A728EC2509,www.umd.edu/,{{Phone}},NULL,164,,,"University of Maryland, College Park"
F8639913-5B25-401E-B3CE-E462C1C90EC4,UniversityofPREPARATORYCourse,جامعة البرنامج التمهيدي,University of PREPARATORY Course,<p>Address: {{Description}}</p>,<p>Address: {{Description}}</p>,1416,075E0DF0-A9BD-4C34-B089-95FF2D4D2A8A,NULL,{{Phone}},NULL,4326,,,University of PREPARATORY Course
71F18D32-91E2-42C7-8CE3-C5DB072A493A,UniversityofPretoria,جامعة بريتوريا,University of Pretoria,<p>Address: {{Description}}</p>,<p>Address: {{Description}}</p>,1417,80DB5A9E-9FFE-4420-8530-C56671F39698,NULL,{{Phone}},NULL,3273,,,University of Pretoria
6991B9AD-A0B9-4618-9164-DE7B8CAAE166,UniversityofQueensland,University of Queensland,University of Queensland,,,1418,6E24A731-2BBB-4725-9084-2225987A78DF,,,,6778,,,University of Queensland
F6F3203F-AB6B-4CAB-9E53-3F8F661E1591,UniversityofMaryWashington,جامعة ماري واشنطن,University of Mary Washington,<p>Address: {{Description}}</p>,<p>Address: {{Description}}</p>,1356,BC4FF43D-C0A2-4C29-B47F-88A728EC2509,http://www.umw.edu/,{{Phone}},NULL,3604,,,University of Mary Washington
474D7FA7-5DAC-49EE-B157-16849156BCE8,UniversityofRegina,جامعة ريجاينا,University of Regina,<p>Address: {{Description}}</p>,<p>Address: {{Description}}</p>,1420,8460877D-3973-4A88-8B26-F4397E2F1316,NULL,{{Phone}},NULL,4096,,,University of Regina
67E4F1B2-B46A-4F53-AFDD-867E480E3E3B,UniversityofMassachusettsAmherst,"جامعة ماساتشوستس، أمهيرست","University of Massachusetts, Amherst",<p>Address: {{Description}}</p>,<p>Address: {{Description}}</p>,1357,BC4FF43D-C0A2-4C29-B47F-88A728EC2509,www.umass.edu/,{{Phone}},NULL,165,,,"University of Massachusetts, Amherst"
79426D0C-144F-4602-9E73-6073B392C085,UniversityofMassachusettsBoston,جامعة ماساتشوستس بوسطن,University of Massachusetts - Boston,<p>Address: {{Description}}</p>,<p>Address: {{Description}}</p>,1358,BC4FF43D-C0A2-4C29-B47F-88A728EC2509,NULL,{{Phone}},NULL,1360,,,University of Massachusetts - Boston
41751FE2-F855-4549-9E78-445E22946C8E,UniversityofMassachusettsDartmouth,جامعة ماساتشوستس دارتموث,University of Massachusetts - Dartmouth,<p>Address: {{Description}}</p>,<p>Address: {{Description}}</p>,1359,BC4FF43D-C0A2-4C29-B47F-88A728EC2509,NULL,{{Phone}},NULL,4161,,,University of Massachusetts - Dartmouth
8954CA7D-1461-448E-9CB4-5CCABF59CD76,UniversityofRomeIII,جامعة روما الثالثة,University of Rome III,<p>Address: {{Description}}</p>,<p>Address: {{Description}}</p>,1424,8EA4214D-3BBC-4296-9CC0-8873A293313C,NULL,{{Phone}},NULL,4114,,,University of Rome III
18216113-AF1A-4D0D-BC71-4B019964F676,UniversityofRomeIITorVergata,جامعة روما تور فيرغاتا,University of Rome II – Tor Vergata,<p>Address: {{Description}}</p>,<p>Address: {{Description}}</p>,1425,8EA4214D-3BBC-4296-9CC0-8873A293313C,NULL,{{Phone}},NULL,4113,,,University of Rome II – Tor Vergata
8AA35B94-C615-4FD3-8812-98E4F4A9244F,UNIVERSITYOFROUEN,جامعة روان,UNIVERSITY OF ROUEN,<p>Address: {{Description}}</p>,<p>Address: {{Description}}</p>,1426,697C7D6B-6E81-416B-8F94-C01AE8A678E1,NULL,{{Phone}},NULL,787,,,UNIVERSITY OF ROUEN
F4C132E3-9A07-4BB3-B59B-B215B3BE246E,UniversityofSAIDA,جامعة سعيدة,University of SAIDA,<p>Address: {{Description}}</p>,<p>Address: {{Description}}</p>,1427,4DDC38F2-825E-4343-A23E-85796D32C04A,NULL,{{Phone}},NULL,4626,,,University of SAIDA
4FC64194-F210-4AFE-9DF5-5D713E94C59A,UniversityofMassachusettsLowell,جامعة ماساتشوستس - لويل,University of Massachusetts - Lowell,<p>Address: {{Description}}</p>,<p>Address: {{Description}}</p>,1360,BC4FF43D-C0A2-4C29-B47F-88A728EC2509,www.uml.edu/,{{Phone}},NULL,3603,,,University of Massachusetts - Lowell
30DA005A-0F33-4D39-A988-B8BAC91A6290,UniversityofMassachusettsMedicalSchoolWorcester,مدرسة الطب بجامعة ماساتشوستس - ورسيستر,University of Massachusetts Medical School - Worcester,<p>Address: {{Description}}</p>,<p>Address: {{Description}}</p>,1361,BC4FF43D-C0A2-4C29-B47F-88A728EC2509,NULL,{{Phone}},NULL,4162,,,University of Massachusetts Medical School - Worcester
E75E95F5-FEF6-4A7D-9FA3-0F6B65FB6C02,UniversityofMiami,جامعة ميامي,University of Miami,<p>Address: {{Description}}</p>,<p>Address: {{Description}}</p>,1363,BC4FF43D-C0A2-4C29-B47F-88A728EC2509,http://www.miami.edu/,{{Phone}},NULL,108,,,University of Miami
20996BFB-87AD-4B27-8DCB-6A48C4A3896F,UniversityofSaoPaulo,جامعة ساو باولو,University of Sao Paulo,<p>Address: {{Description}}</p>,<p>Address: {{Description}}</p>,1431,1C3C12AF-0A4B-49C2-94D0-76A1FE46A634,NULL,{{Phone}},NULL,399,,,University of Sao Paulo
9B546664-FC65-4EBA-82BE-9ED61CEBFA5B,UniversityofScienceAndTechnologyofChina,جامعة الصين للعلوم والتكنولوجيا,University of Science And Technology of China,<p>Address: {{Description}}</p>,<p>Address: {{Description}}</p>,1432,FFC985AF-DE1D-4346-9536-42391A71E6AD,www.ustc.edu.cn,{{Phone}},NULL,1294,,,University of Science And Technology of China
A45A45ED-CCB2-4083-94C7-54B7B2BD46A2,UniversityofSharjah,جامعة الشارقة,University of Sharjah,<p>Address: {{Description}}</p>,<p>Address: {{Description}}</p>,1433,1BDC81B7-A509-4181-AB12-0010F8535AC4,NULL,{{Phone}},NULL,672,,,University of Sharjah
CDD897D4-CFB5-405D-A62F-485ABDA8C835,UniversityofMichiganAnnArbor,جامعة ميشيغان العامة - آن آربر,"University of Michigan, Ann Arbor",<p>Address: {{Description}}</p>,<p>Address: {{Description}}</p>,1364,BC4FF43D-C0A2-4C29-B47F-88A728EC2509,https://umich.edu/,{{Phone}},NULL,166,,,"University of Michigan, Ann Arbor"
14CDF61E-F47B-4D99-B21B-3E155E4600D4,UniversityofMinnesotaTwinCities,جامعة مينيسوتا - توين سيتيز,"University of Minnesota, Twin Cities",<p>Address: {{Description}}</p>,<p>Address: {{Description}}</p>,1368,BC4FF43D-C0A2-4C29-B47F-88A728EC2509,twin-cities.umn.edu/,{{Phone}},NULL,78,,,"University of Minnesota, Twin Cities"
2B13480B-FB44-4B3F-B06E-ACB6A2452177,UniversityofMississippi,جامعة ميسيسيبي,University of Mississippi,<p>Address: {{Description}}</p>,<p>Address: {{Description}}</p>,1369,BC4FF43D-C0A2-4C29-B47F-88A728EC2509,http://www.olemiss.edu/,{{Phone}},NULL,2718,,,University of Mississippi
F7EE5923-10A8-447C-9D31-7FAC1F54B558,UniversityofSouthAustralia,جامعة جنوب أستراليا,University of South Australia,<p>Address: {{Description}}</p>,<p>Address: {{Description}}</p>,1437,6E24A731-2BBB-4725-9084-2225987A78DF,www.unisa.edu.au/,{{Phone}},NULL,1291,,,University of South Australia
857ADF97-F77A-4B14-AFB1-7CF4143403E0,UniversityofMissouriColumbia,جامعة ميزوري - كولومبيا,"University of Missouri, Columbia ",<p>Address: {{Description}}</p>,<p>Address: {{Description}}</p>,1370,BC4FF43D-C0A2-4C29-B47F-88A728EC2509,NULL,{{Phone}},NULL,167,,,"University of Missouri, Columbia "
2E63B909-41AF-4A0F-A8BF-6FE8F0103297,UniversityofMissouriKansasCity,جامعة ميزوري - كانساس سيتي,University of Missouri- Kansas City*,<p>Address: {{Description}}</p>,<p>Address: {{Description}}</p>,1371,BC4FF43D-C0A2-4C29-B47F-88A728EC2509,NULL,{{Phone}},NULL,1681,,,University of Missouri- Kansas City*
0F0FEFE5-A10A-4E94-A7B9-7F8550B4D6F4,UniversityofMontanaMissoulaMO,جامعة مونتانا,University of Montana - Missoula (MO),<p>Address: {{Description}}</p>,<p>Address: {{Description}}</p>,1373,BC4FF43D-C0A2-4C29-B47F-88A728EC2509,NULL,{{Phone}},NULL,1362,,,University of Montana - Missoula (MO)
14CF6AEC-A959-46FD-A373-AA1E0EB71B0A,UniversityofSouthernDenmark,جامعة جنوب الدنمارك,University of Southern Denmark,<p>Address: {{Description}}</p>,<p>Address: {{Description}}</p>,1441,87E8D792-A1C9-4900-AA9C-96787F67625B,www.sdu.dk/en/,{{Phone}},NULL,3232,,,University of Southern Denmark
36B577C6-41C8-4252-91DF-2C92732A3B4A,universityofnebraskaatomaha,جامعة نبراسكا في أوماها,university of nebraska at omaha,<p>Address: {{Description}}</p>,<p>Address: {{Description}}</p>,1376,BC4FF43D-C0A2-4C29-B47F-88A728EC2509,NULL,{{Phone}},NULL,1615,,,university of nebraska at omaha
44301A4B-B6E9-4E75-9586-D092D841F0B5,UniversityofNebraskaLincoln,جامعة نبراسكا – لينكون,"University of Nebraska, Lincoln",<p>Address: {{Description}}</p>,<p>Address: {{Description}}</p>,1377,BC4FF43D-C0A2-4C29-B47F-88A728EC2509,www.unl.edu/,{{Phone}},NULL,79,,,"University of Nebraska, Lincoln"
6345648E-C2C7-409F-B80B-28B83C8C14E2,UniversityofNevadaLasVegas,جامعة نيفادا في لاس فيغاس,University of Nevada - Las Vegas,<p>Address: {{Description}}</p>,<p>Address: {{Description}}</p>,1379,BC4FF43D-C0A2-4C29-B47F-88A728EC2509,NULL,{{Phone}},NULL,4521,,,University of Nevada - Las Vegas
FF42F79F-8EC8-4AB5-AF44-2DF9FA4FFD1D,UniversityofStGallen,جامعة سانت غالن,University of St Gallen,<p>Address: {{Description}}</p>,<p>Address: {{Description}}</p>,1445,4E364110-075B-4CF7-A201-DEB66B8C8505,www.unisg.ch/en,{{Phone}},NULL,3720,,,University of St Gallen
5E943251-45D2-461C-9614-28A0BA0C0443,UniversityofNevadaReno,جامعة نيفادا - رينو,"University of Nevada, Reno",<p>Address: {{Description}}</p>,<p>Address: {{Description}}</p>,1380,BC4FF43D-C0A2-4C29-B47F-88A728EC2509,www.unr.edu/,{{Phone}},NULL,1363,,,"University of Nevada, Reno"
FA7DBBB9-521C-48F9-8DC1-89F15512908D,UniversityofNewHampshire,جامعة نيوهامبشير,University of New Hampshire,<p>Address: {{Description}}</p>,<p>Address: {{Description}}</p>,1383,BC4FF43D-C0A2-4C29-B47F-88A728EC2509,www.unh.edu/,{{Phone}},NULL,80,,,University of New Hampshire
43D7FF89-31D9-4F05-A5FE-742922988840,UniversityofNewHaven,جامعة نيو هافن,University of New Haven,<p>Address: {{Description}}</p>,<p>Address: {{Description}}</p>,1384,BC4FF43D-C0A2-4C29-B47F-88A728EC2509,NULL,{{Phone}},NULL,2039,,,University of New Haven
87952A4A-840F-4644-906C-8D2090F162B1,UniversityofSuezCanal,جامعة قناة السويس,University of Suez Canal,<p>Address: {{Description}}</p>,<p>Address: {{Description}}</p>,1449,C65B85B5-8772-4DFB-89FF-AD6AD178E561,NULL,{{Phone}},NULL,674,,,University of Suez Canal
9921DB0E-D977-41C2-9FC3-F62DFA680CAC,UniversityofNewMexico,جامعة نيو مكسيكو,University of New Mexico,<p>Address: {{Description}}</p>,<p>Address: {{Description}}</p>,1385,BC4FF43D-C0A2-4C29-B47F-88A728EC2509,http://www.unm.edu/,{{Phone}},NULL,2725,,,University of New Mexico
AF73DE94-AEB7-4CC9-8B28-2F55F78DF557,UniversityofNorthCarolinaChapelHill,جامعة نورث كارولاينا في تشابل هيل,"University of North Carolina, Chapel Hill",<p>Address: {{Description}}</p>,<p>Address: {{Description}}</p>,1389,BC4FF43D-C0A2-4C29-B47F-88A728EC2509,www.unc.edu/,{{Phone}},NULL,168,,,"University of North Carolina, Chapel Hill"
F1524202-F647-4028-9848-AAF8DD0CD277,UniversityofNorthCarolinaCharlotte,جامعة نورث كارولينا في شارلوت,"University of North Carolina, Charlotte",<p>Address: {{Description}}</p>,<p>Address: {{Description}}</p>,1390,BC4FF43D-C0A2-4C29-B47F-88A728EC2509,www.uncc.edu/,{{Phone}},NULL,706,,,"University of North Carolina, Charlotte"
26EB91FC-378D-49BA-A69B-8524BF79942D,UniversityofNorthCarolinaGreensboro,جامعة نورث كارولاينا في غرينزبورو,"University of North Carolina, Greensboro",<p>Address: {{Description}}</p>,<p>Address: {{Description}}</p>,1391,BC4FF43D-C0A2-4C29-B47F-88A728EC2509,https://www.uncg.edu/,{{Phone}},NULL,704,,,"University of North Carolina, Greensboro"
6DF62208-3340-448E-AF4D-490F7CAADCB1,UniversityofNorthernIowa,جامعة شمال آيوا,University of Northern Iowa,<p>Address: {{Description}}</p>,<p>Address: {{Description}}</p>,1392,BC4FF43D-C0A2-4C29-B47F-88A728EC2509,http://www.uni.edu/,{{Phone}},NULL,2523,,,University of Northern Iowa
A6A2534E-6BFB-4892-822B-360D4D8686A8,UniversityofSwitzerlandinGeneva,جامعة جنيف,University of Switzerland in Geneva,<p>Address: {{Description}}</p>,<p>Address: {{Description}}</p>,1455,4E364110-075B-4CF7-A201-DEB66B8C8505,NULL,{{Phone}},NULL,519,,,University of Switzerland in Geneva
EB1127DB-6AAF-4344-8712-1F5A969BDCFF,UniversityofSydney,جامعة سيدني,University of Sydney,<p>Address: {{Description}}</p>,<p>Address: {{Description}}</p>,1456,6E24A731-2BBB-4725-9084-2225987A78DF,sydney.edu.au/,{{Phone}},NULL,38,,,University of Sydney
4F92257D-AB17-4A0B-8FA9-F3DD98441FB8,UniversityofSzeged,جامعة سيجد,University of Szeged,<p>Address: {{Description}}</p>,<p>Address: {{Description}}</p>,1457,A1BBAA97-D2E6-4F2E-90E0-B4594E6278F2,www.u-szeged.hu/english/,{{Phone}},NULL,3322,,,University of Szeged
23BBDEDB-724E-4251-871F-2FF394225E84,UniversityofNorthTexas,جامعة شمال تكساس,University of North Texas,<p>Address: {{Description}}</p>,<p>Address: {{Description}}</p>,1393,BC4FF43D-C0A2-4C29-B47F-88A728EC2509,NULL,{{Phone}},NULL,2511,,,University of North Texas
6EF00C23-1C3E-4DA8-9A9F-DDDFACE9BEAD,UniversityofTartu,جامعة تارتو,University of Tartu,<p>Address: {{Description}}</p>,<p>Address: {{Description}}</p>,1459,F28C1B21-8946-4A2E-88FB-1639BAE39F78,NULL,{{Phone}},NULL,4396,,,University of Tartu
3A170474-6204-45AF-BC7C-B2B488243D6B,UniversityofTasmania,جامعة تسمانيا,University of Tasmania,<p>Address: {{Description}}</p>,<p>Address: {{Description}}</p>,1460,6E24A731-2BBB-4725-9084-2225987A78DF,www.utas.edu.au/,{{Phone}},NULL,261,,,University of Tasmania
B9424E27-79AD-49BF-AC1C-AA2FBBB7187D,UniversityofTechnologySydney,جامعة التكنولوجيا في سيدني,"University of Technology, Sydney",<p>Address: {{Description}}</p>,<p>Address: {{Description}}</p>,1461,6E24A731-2BBB-4725-9084-2225987A78DF,www.uts.edu.au/,{{Phone}},NULL,39,,,"University of Technology, Sydney"
D271F91A-9132-4196-BBF9-B83D974D91DA,UniversityofNotreDame,جامعة نوتردام,University of Notre Dame,<p>Address: {{Description}}</p>,<p>Address: {{Description}}</p>,1394,BC4FF43D-C0A2-4C29-B47F-88A728EC2509,https://www.nd.edu/,{{Phone}},NULL,110,,,University of Notre Dame
6B418048-9C3E-457C-BB62-73090BF6572C,UniversityofTehran,جامعة طهران,University of Tehran,<p>Address: {{Description}}</p>,<p>Address: {{Description}}</p>,1463,D8E04787-FA4E-4CC9-AAB7-88654757E6E6,www.ut.ac.ir/en,{{Phone}},NULL,1258,,,University of Tehran
7201896A-407E-4781-825E-1FEBA0F28C6C,UniversityofOklahoma,جامعة أوكلاهوما,University of Oklahoma,<p>Address: {{Description}}</p>,<p>Address: {{Description}}</p>,1397,BC4FF43D-C0A2-4C29-B47F-88A728EC2509,http://www.ou.edu/,{{Phone}},NULL,711,,,University of Oklahoma
541E3DC7-8C3D-4F90-A51C-EEF1237E5CC7,UniversityofOregon,جامعة أوريغون,University of Oregon,<p>Address: {{Description}}</p>,<p>Address: {{Description}}</p>,1398,BC4FF43D-C0A2-4C29-B47F-88A728EC2509,http://www.uoregon.edu/,{{Phone}},NULL,111,,,University of Oregon
E8EDF706-9E9C-43C7-8874-3F54EC62CD72,UniversityofPennsylvaniaPA,جامعة بنسلفانيا,University of Pennsylvania (PA),<p>Address: {{Description}}</p>,<p>Address: {{Description}}</p>,1408,BC4FF43D-C0A2-4C29-B47F-88A728EC2509,NULL,{{Phone}},NULL,16,,,University of Pennsylvania (PA)
CD64D47F-1FB0-467C-9665-8E9393B80536,UniversityOfPhoenix,جامعة فينيكس,University Of Phoenix,<p>Address: {{Description}}</p>,<p>Address: {{Description}}</p>,1410,BC4FF43D-C0A2-4C29-B47F-88A728EC2509,NULL,{{Phone}},NULL,1987,,,University Of Phoenix
3267189B-C4D2-4303-AF13-26C0E0BAC0E2,UniversityofPittsburgh,جامعة بيتسبرغ,University of Pittsburgh,<p>Address: {{Description}}</p>,<p>Address: {{Description}}</p>,1411,BC4FF43D-C0A2-4C29-B47F-88A728EC2509,http://www.pitt.edu/,{{Phone}},NULL,17,,,University of Pittsburgh
B9103357-4B3B-408F-959D-AB3769F1972F,UniversityofPittsburghJohnstown,جامعة بيتسبرغ في جونزتاون,University of Pittsburgh Johnstown,<p>Address: {{Description}}</p>,<p>Address: {{Description}}</p>,1412,BC4FF43D-C0A2-4C29-B47F-88A728EC2509,NULL,{{Phone}},NULL,4081,,,University of Pittsburgh Johnstown
79DCD77D-A831-4CF8-99B7-000D54FCA51D,UniversityofPortland,جامعة بورتلاند,University of Portland,<p>Address: {{Description}}</p>,<p>Address: {{Description}}</p>,1413,BC4FF43D-C0A2-4C29-B47F-88A728EC2509,http://www.uofport.edu/,{{Phone}},NULL,3592,,,University of Portland
4C0BF389-9373-4646-BD53-EA7FB0051B29,UniversityofRhodeIsland,جامعة رود آيلاند,University of Rhode Island,<p>Address: {{Description}}</p>,<p>Address: {{Description}}</p>,1421,BC4FF43D-C0A2-4C29-B47F-88A728EC2509,http://www.uri.edu/,{{Phone}},NULL,411,,,University of Rhode Island
D47F29BF-78E7-483B-845C-C1D855404975,UniversityofRochester,جامعة روتشستر,University of Rochester,<p>Address: {{Description}}</p>,<p>Address: {{Description}}</p>,1422,BC4FF43D-C0A2-4C29-B47F-88A728EC2509,http://www.rochester.edu/,{{Phone}},NULL,113,,,University of Rochester
24267B67-0254-4F67-BEA0-63A517DEBD13,UniversityofSanDiego,جامعة سان دييغو,University of San Diego,<p>Address: {{Description}}</p>,<p>Address: {{Description}}</p>,1429,BC4FF43D-C0A2-4C29-B47F-88A728EC2509,http://www.sandiego.edu/,{{Phone}},NULL,114,,,University of San Diego
5D90CF93-60F0-456E-8724-D03AEB065F94,UniversityofSanFrancisco,جامعة سان فرانسيسكو,University of San Francisco,<p>Address: {{Description}}</p>,<p>Address: {{Description}}</p>,1430,BC4FF43D-C0A2-4C29-B47F-88A728EC2509,http://www.usfca.edu/,{{Phone}},NULL,115,,,University of San Francisco
A51680D3-D47A-4B6D-9A17-BE51EFF0FBE4,UniversityofSouthCarolina,جامعة ساوث كارولاينا,University of South Carolina,<p>Address: {{Description}}</p>,<p>Address: {{Description}}</p>,1438,BC4FF43D-C0A2-4C29-B47F-88A728EC2509,http://www.sc.edu/,{{Phone}},NULL,2733,,,University of South Carolina
8D309C95-E05C-4D0E-A987-78DC632D55BE,UniversityofSouthDakota,جامعة ساوث داكوتا,University of South Dakota,<p>Address: {{Description}}</p>,<p>Address: {{Description}}</p>,1439,BC4FF43D-C0A2-4C29-B47F-88A728EC2509,http://www.usd.edu/,{{Phone}},NULL,3803,,,University of South Dakota
62EEEFBE-9322-47FC-A70F-C2BCDFC4AD91,UniversityofthePhilippines,جامعة الفلبين,University of the Philippines,<p>Address: {{Description}}</p>,<p>Address: {{Description}}</p>,1477,B798181A-8EAC-40FB-9B8E-4E310CB35C72,NULL,{{Phone}},NULL,4437,,,University of the Philippines
E0529092-238E-44AD-BCD6-8996A92BFE4F,UniversityofSouthernCalifornia,جامعة جنوب كاليفورنيا,University of Southern California,<p>Address: {{Description}}</p>,<p>Address: {{Description}}</p>,1440,BC4FF43D-C0A2-4C29-B47F-88A728EC2509,http://www.usc.edu/,{{Phone}},NULL,117,,,University of Southern California
5E5E8259-76BC-42B3-88CF-934144B23E06,UniversityoftheSunshineCoast,University of the Sunshine Coast,University of the Sunshine Coast,,,1479,6E24A731-2BBB-4725-9084-2225987A78DF,,,,8976,,,University of the Sunshine Coast
EB2794DC-D866-4450-A00B-B0EEB299225D,UniversityofSouthFlorida,جامعة جنوب فلوريدا,University of South Florida,<p>Address: {{Description}}</p>,<p>Address: {{Description}}</p>,1442,BC4FF43D-C0A2-4C29-B47F-88A728EC2509,http://www.usf.edu/,{{Phone}},NULL,413,,,University of South Florida
38A762AA-7DD3-4FFA-9214-EF103CD420EA,UniversityofTampa,جامعة تامبا,University of Tampa,<p>Address: {{Description}}</p>,<p>Address: {{Description}}</p>,1458,BC4FF43D-C0A2-4C29-B47F-88A728EC2509,http://www.utampa.edu/,{{Phone}},NULL,1663,,,University of Tampa
FA0F96D7-265A-41E1-A81B-D0D43642EF6F,UniversityofTennessee,جامعة تينيسي,University of Tennessee,<p>Address: {{Description}}</p>,<p>Address: {{Description}}</p>,1464,BC4FF43D-C0A2-4C29-B47F-88A728EC2509,www.utk.edu/,{{Phone}},NULL,18,,,University of Tennessee
5C2739F0-B4F0-4727-A7E9-6516F454C66E,UniversityofTokyo,جامعة طوكيو,University of Tokyo,<p>Address: {{Description}}</p>,<p>Address: {{Description}}</p>,1483,075E0DF0-A9BD-4C34-B089-95FF2D4D2A8A,www.u-tokyo.ac.jp/en/,{{Phone}},NULL,179,,,University of Tokyo
736A4963-37CF-4691-8897-2D95C61AC143,UniversityofTexas,جامعة تكساس في أوستن,University of Texas,<p>Address: {{Description}}</p>,<p>Address: {{Description}}</p>,1465,BC4FF43D-C0A2-4C29-B47F-88A728EC2509,NULL,{{Phone}},NULL,1146,,,University of Texas
5B9DE7B3-6E27-46A5-9507-30C43006D8FA,UniversityofToronto,جامعة تورنتو,University of Toronto,<p>Address: {{Description}}</p>,<p>Address: {{Description}}</p>,1485,8460877D-3973-4A88-8B26-F4397E2F1316,http://www.utoronto.ca/,{{Phone}},NULL,174,,,University of Toronto
F4D18AB5-4B79-4515-86C5-04A48E5C6203,UniversityofTsukuba,جامعة تسوكوبا,University of Tsukuba,<p>Address: {{Description}}</p>,<p>Address: {{Description}}</p>,1486,075E0DF0-A9BD-4C34-B089-95FF2D4D2A8A,http://www.tsukuba.ac.jp/,{{Phone}},NULL,3151,,,University of Tsukuba
0432DEF0-BBF5-4163-B61F-AE29DFCE8FD4,UniversityofTexasatArlington,جامعة تكساس في أرلينغتون,University of Texas at Arlington,<p>Address: {{Description}}</p>,<p>Address: {{Description}}</p>,1466,BC4FF43D-C0A2-4C29-B47F-88A728EC2509,NULL,{{Phone}},NULL,677,,,University of Texas at Arlington
F1D2DFE6-C9B3-4924-88B1-4BF56E1BB0B6,UniversityofTurin,جامعة تورينو,University of Turin,<p>Address: {{Description}}</p>,<p>Address: {{Description}}</p>,1488,8EA4214D-3BBC-4296-9CC0-8873A293313C,NULL,{{Phone}},NULL,4108,,,University of Turin
34843A96-8897-4B65-BCC3-DC42560E8C98,UniversityofTurku,جامعة توركو,University of Turku,<p>Address: {{Description}}</p>,<p>Address: {{Description}}</p>,1489,F29D686D-089D-431E-BEBB-AF600F4F1DAD,www.utu.fi/en,{{Phone}},NULL,357,,,University of Turku
A88F7CAE-F6C1-45A6-B9A8-CBAC78674DA1,UniversityofTwente,جامعة توينتي,University of Twente,<p>Address: {{Description}}</p>,<p>Address: {{Description}}</p>,1490,F1972BC9-B59A-4EA3-84CF-FEDA7EFF29A1,www.utwente.nl/en/,{{Phone}},NULL,3250,,,University of Twente
3389F41C-47CC-4D84-A75F-55BC12750D32,UniversityofUlsan,جامعة أولسان,University of Ulsan,<p>Address: {{Description}}</p>,<p>Address: {{Description}}</p>,1491,4EC45433-C178-4920-91B5-51459C956B21,www.ulsan.ac.kr/,{{Phone}},NULL,3740,,,University of Ulsan
560192F1-12DA-4AB0-B1A3-272919437FD9,UniversityOfUlster,جامعة أولستر,University Of Ulster,<p>Address: {{Description}}</p>,<p>Address: {{Description}}</p>,1492,A42C4BB8-05C4-43C2-92C4-8FDC2148A4E9,NULL,{{Phone}},NULL,1635,,,University Of Ulster
DF3E0C3D-042E-4C44-9EEF-918653FCEAEF,UniversityofTexasatElPaso,جامعة تكساس في إل باسو,University of Texas at El Paso,<p>Address: {{Description}}</p>,<p>Address: {{Description}}</p>,1467,BC4FF43D-C0A2-4C29-B47F-88A728EC2509,NULL,{{Phone}},NULL,4164,,,University of Texas at El Paso
345E5732-855E-4E98-9946-28C32E2A3651,UniversityofTexasatSanAntonio,جامعة تكساس في سان أنطونيو,University of Texas at San Antonio,<p>Address: {{Description}}</p>,<p>Address: {{Description}}</p>,1468,BC4FF43D-C0A2-4C29-B47F-88A728EC2509,NULL,{{Phone}},NULL,678,,,University of Texas at San Antonio
95EAB0FE-D7C1-483B-9C66-91325C84FDDB,UniversityofVictoria,جامعة فيكتوريا,University of Victoria,<p>Address: {{Description}}</p>,<p>Address: {{Description}}</p>,1495,8460877D-3973-4A88-8B26-F4397E2F1316,http://www.uvic.ca/,{{Phone}},NULL,429,,,University of Victoria
BE11959E-9112-494D-87E6-80A8F8DD7892,UniversityofVienna,جامعة فيينا,University of Vienna,<p>Address: {{Description}}</p>,<p>Address: {{Description}}</p>,1496,BC04E008-3F0A-43AA-A4F2-2DB917054D97,NULL,{{Phone}},NULL,40,,,University of Vienna
C98FD08C-A190-41B3-ACA1-8A9122C14887,UniversityofTexasAustin,جامعة تكساس في أوستن,"University of Texas, Austin",<p>Address: {{Description}}</p>,<p>Address: {{Description}}</p>,1469,BC4FF43D-C0A2-4C29-B47F-88A728EC2509,www.utexas.edu/,{{Phone}},NULL,118,,,"University of Texas, Austin"
F2CB11EF-4B0C-4EE8-A670-09295FFFED03,UniversityofWaikato,جامعة وايكاتو,University of Waikato,<p>Address: {{Description}}</p>,<p>Address: {{Description}}</p>,1498,62524CBE-D439-4F93-BCDD-D11019993951,www.waikato.ac.nz/,{{Phone}},NULL,3253,,,University of Waikato
9CFC8FCF-8945-4585-BD9A-365A00D2B2DE,UniversityofTexasDallas,جامعة تكساس في دالاس,"University of Texas, Dallas",<p>Address: {{Description}}</p>,<p>Address: {{Description}}</p>,1470,BC4FF43D-C0A2-4C29-B47F-88A728EC2509,www.utdallas.edu/,{{Phone}},NULL,1366,,,"University of Texas, Dallas"
8E19814C-A4AB-44EB-8AA1-22514E019D0D,UniversityofTexasHealthScienceCenteratHouston,مركز تكساس للعلوم الصحية – هيوستن,University of Texas Health Science Center at Houston,<p>Address: {{Description}}</p>,<p>Address: {{Description}}</p>,1471,BC4FF43D-C0A2-4C29-B47F-88A728EC2509,NULL,{{Phone}},NULL,4165,,,University of Texas Health Science Center at Houston
F9EB1D1D-E9E8-4508-8F79-8B059DB7DBE4,UniversityofTexasMDAndersonCancerCenter,مركز إم دي أندرسون للسرطان - جامعة تكساس,University of Texas M. D. Anderson Cancer Center,<p>Address: {{Description}}</p>,<p>Address: {{Description}}</p>,1472,BC4FF43D-C0A2-4C29-B47F-88A728EC2509,NULL,{{Phone}},NULL,4167,,,University of Texas M. D. Anderson Cancer Center
B2A76818-8991-476E-8C07-835205AA4919,UniversityofWarsaw,جامعة وارسو,University of Warsaw,<p>Address: {{Description}}</p>,<p>Address: {{Description}}</p>,1502,B80ECB7E-90EB-4927-A467-802F78E41549,www.uw.edu.pl/,{{Phone}},NULL,3262,,,University of Warsaw
D4CE4253-EE9D-4680-82CD-1F48F3A7494A,UniversityofTexasSouthwesternMedicalCenteratDallas,مركز ساوث ويسترن الطبي - جامعة تكساس,University of Texas Southwestern Medical Center at Dallas,<p>Address: {{Description}}</p>,<p>Address: {{Description}}</p>,1473,BC4FF43D-C0A2-4C29-B47F-88A728EC2509,NULL,{{Phone}},NULL,4169,,,University of Texas Southwestern Medical Center at Dallas
ADE463CA-B3A5-4199-B476-62524B1454D3,UniversityofTheDistrictofColumbia,جامعة منطقة كولومبيا العامة,University of The District of Columbia,<p>Address: {{Description}}</p>,<p>Address: {{Description}}</p>,1475,BC4FF43D-C0A2-4C29-B47F-88A728EC2509,NULL,{{Phone}},NULL,2548,,,University of The District of Columbia
3A24BC24-B9DE-406A-AC64-7A638B162017,UniversityofthePacific,جامعة باسيفيك,University of the Pacific,<p>Address: {{Description}}</p>,<p>Address: {{Description}}</p>,1476,BC4FF43D-C0A2-4C29-B47F-88A728EC2509,http://www.uop.edu/,{{Phone}},NULL,119,,,University of the Pacific
69AD8EBE-DBED-4F48-8538-44897FC8B6E1,UniversityofWaterloo,جامعة واترلو,University of Waterloo,<p>Address: {{Description}}</p>,<p>Address: {{Description}}</p>,1506,8460877D-3973-4A88-8B26-F4397E2F1316,http://www.uwaterloo.ca/,{{Phone}},NULL,218,,,University of Waterloo
6FA853A2-2B51-41D2-BE5C-9EE600A6CCFB,UniversityofWesternAustralia,جامعة أستراليا الغربية,University of Western Australia,<p>Address: {{Description}}</p>,<p>Address: {{Description}}</p>,1507,6E24A731-2BBB-4725-9084-2225987A78DF,www.uwa.edu.au/,{{Phone}},NULL,169,,,University of Western Australia
8845DE2C-3E02-4080-8E1F-83BDDE902C9C,UniversityofthePotomac,جامعة بوتوماك,University of the Potomac,<p>Address: {{Description}}</p>,<p>Address: {{Description}}</p>,1478,BC4FF43D-C0A2-4C29-B47F-88A728EC2509,NULL,{{Phone}},NULL,2539,,,University of the Potomac
230730B0-B0C4-4D59-BC8B-E2732ADE981E,UniversityoftheWest,جامعة ذا ويست,University of the West,<p>Address: {{Description}}</p>,<p>Address: {{Description}}</p>,1480,BC4FF43D-C0A2-4C29-B47F-88A728EC2509,NULL,{{Phone}},NULL,2152,,,University of the West
8A199260-FB3E-4150-84BD-BE13504A20AA,UniversityofToledo,جامعة توليدو,University of Toledo,<p>Address: {{Description}}</p>,<p>Address: {{Description}}</p>,1484,BC4FF43D-C0A2-4C29-B47F-88A728EC2509,NULL,{{Phone}},NULL,2895,,,University of Toledo
82A22A62-99BE-4E76-B4EB-CD6485240A10,UniversityofTulsa,جامعة تولسا,University of Tulsa,<p>Address: {{Description}}</p>,<p>Address: {{Description}}</p>,1487,BC4FF43D-C0A2-4C29-B47F-88A728EC2509,http://www.utulsa.edu/,{{Phone}},NULL,680,,,University of Tulsa
CC983E96-51D2-4736-8ACC-CEA47D20AC71,UniversityofWitwatersrand,جامعة ويتواترسراند,University of Witwatersrand,<p>Address: {{Description}}</p>,<p>Address: {{Description}}</p>,1512,80DB5A9E-9FFE-4420-8530-C56671F39698,NULL,{{Phone}},NULL,3272,,,University of Witwatersrand
82242016-87B9-4DC9-A857-C3500876E1A4,UniversityofWollongong,جامعة وولونغونغ,University of Wollongong,<p>Address: {{Description}}</p>,<p>Address: {{Description}}</p>,1513,6E24A731-2BBB-4725-9084-2225987A78DF,www.uow.edu.au/,{{Phone}},NULL,262,,,University of Wollongong
1919B628-0858-449D-B99F-E645E7D6A06F,UniversityofUtah,جامعة يوتا,University of Utah,<p>Address: {{Description}}</p>,<p>Address: {{Description}}</p>,1493,BC4FF43D-C0A2-4C29-B47F-88A728EC2509,http://www.utah.edu/,{{Phone}},NULL,19,,,University of Utah
C979A14C-BC31-4AF1-ACBA-BB0275876BC5,UniversityofWurzburg,جامعة فورتسبورغ,University of Wurzburg,<p>Address: {{Description}}</p>,<p>Address: {{Description}}</p>,1515,B6929437-CF78-40FE-B9EF-6AF0F35AE3D1,NULL,{{Phone}},NULL,1327,,,University of Wurzburg
35E0904C-C752-4A75-8F7B-C668867730A5,UniversityofVermont,جامعة فيرمونت,University of Vermont,<p>Address: {{Description}}</p>,<p>Address: {{Description}}</p>,1494,BC4FF43D-C0A2-4C29-B47F-88A728EC2509,http://www.uvm.edu/,{{Phone}},NULL,120,,,University of Vermont
C2C26D53-2EB0-40B7-95FB-60FA48A7D200,UniversityofVirginia,جامعة فيرجينيا,University of Virginia,<p>Address: {{Description}}</p>,<p>Address: {{Description}}</p>,1497,BC4FF43D-C0A2-4C29-B47F-88A728EC2509,http://www.virginia.edu/,{{Phone}},NULL,121,,,University of Virginia
804D6243-0A34-4A67-A7BA-996ADDC10653,UniversityofZurich,جامعة زيورخ,University of Zurich,<p>Address: {{Description}}</p>,<p>Address: {{Description}}</p>,1518,4E364110-075B-4CF7-A201-DEB66B8C8505,www.uzh.ch/index_en.html,{{Phone}},NULL,1330,,,University of Zurich
98675DF9-5085-45A5-8149-3EEDA311C4D1,UniversityofWashington,جامعة واشنطن,University of Washington,<p>Address: {{Description}}</p>,<p>Address: {{Description}}</p>,1504,BC4FF43D-C0A2-4C29-B47F-88A728EC2509,http://www.washington.edu/,{{Phone}},NULL,1074,,,University of Washington
A1C9A041-1272-439F-A11B-0C56A188643C,UniversityofWashingtonSeattle,جامعة واشنطن – سياتل,"University of Washington, Seattle",<p>Address: {{Description}}</p>,<p>Address: {{Description}}</p>,1505,BC4FF43D-C0A2-4C29-B47F-88A728EC2509,NULL,{{Phone}},NULL,122,,,"University of Washington, Seattle"
8052D96F-EE00-476C-AE3F-24430EF911B4,UppsalaUniversity,جامعة أوبسالا,Uppsala University,<p>Address: {{Description}}</p>,<p>Address: {{Description}}</p>,1521,4EE77F72-AB6D-46D7-A924-03342D48A1DE,www.uu.se/en/,{{Phone}},NULL,385,,,Uppsala University
B1F51B9C-CE21-4179-A80C-008E7FBFD44F,UppsalaUniversityHospital,جامعة أوبسالا,Uppsala University Hospital,<p>Address: {{Description}}</p>,<p>Address: {{Description}}</p>,1522,4EE77F72-AB6D-46D7-A924-03342D48A1DE,NULL,{{Phone}},NULL,689,,,Uppsala University Hospital
8E331876-5DD7-4D71-ACCF-E7A7ED8667D3,UralFederalUniversityUrFU,جامعة الأورال الفيدرالية,Ural Federal University - UrFU,<p>Address: {{Description}}</p>,<p>Address: {{Description}}</p>,1523,6BD31142-3A12-474E-A48B-973BE400F1A7,NULL,{{Phone}},NULL,4375,,,Ural Federal University - UrFU
67BD9CCD-0B71-4EAA-9D79-FD9EE388905E,UniversityofWisconsinMadison,جامعة ويسكونسن ماديسون,"University of Wisconsin, Madison",<p>Address: {{Description}}</p>,<p>Address: {{Description}}</p>,1510,BC4FF43D-C0A2-4C29-B47F-88A728EC2509,www.wisc.edu/,{{Phone}},NULL,123,,,"University of Wisconsin, Madison"
54D004B8-8A59-4139-8A26-130FCFEDB92D,UtrechtSchooloftheArts,جامعة أوتريخت للفنون,Utrecht School of the Arts,<p>Address: {{Description}}</p>,<p>Address: {{Description}}</p>,1525,F1972BC9-B59A-4EA3-84CF-FEDA7EFF29A1,NULL,{{Phone}},NULL,4493,,,Utrecht School of the Arts
B4EA98B8-2BC3-4153-A309-0C34A877FA43,UtrechtUniversity,جامعة أوتريخت,Utrecht University,<p>Address: {{Description}}</p>,<p>Address: {{Description}}</p>,1526,F1972BC9-B59A-4EA3-84CF-FEDA7EFF29A1,www.uu.nl/EN,{{Phone}},NULL,3239,,,Utrecht University
9A9D8666-D19D-4DE2-BDC1-0AA2BA1E9841,UniversityofWisconsinMilwaukee,جامعة ويسكونسن - ميلووكي,"University of Wisconsin, Milwaukee",<p>Address: {{Description}}</p>,<p>Address: {{Description}}</p>,1511,BC4FF43D-C0A2-4C29-B47F-88A728EC2509,NULL,{{Phone}},NULL,2898,,,"University of Wisconsin, Milwaukee"
F3F9F5E7-1EAA-4E5D-B0C2-C83A08896071,VancouverIslandUniversity,جامعة جزيرة فانكوفر,Vancouver Island University,<p>Address: {{Description}}</p>,<p>Address: {{Description}}</p>,1528,8460877D-3973-4A88-8B26-F4397E2F1316,NULL,{{Phone}},NULL,3808,,,Vancouver Island University
6C552D52-F7B1-46E9-B848-C95AD5DBBEA2,UniversityofWyoming,جامعة وايومنغ,University of Wyoming,<p>Address: {{Description}}</p>,<p>Address: {{Description}}</p>,1516,BC4FF43D-C0A2-4C29-B47F-88A728EC2509,http://www.uwyo.edu/,{{Phone}},NULL,2744,,,University of Wyoming
1A69CC68-D96E-4D36-A8A2-216D775DD0FA,VatelHotelTourismBusinessSchool,مدرسة فاتيـل للفندقة والسياحة,"Vatel, Hotel & Tourism Business School",<p>Address: {{Description}}</p>,<p>Address: {{Description}}</p>,1530,697C7D6B-6E81-416B-8F94-C01AE8A678E1,NULL,{{Phone}},NULL,4465,,,"Vatel, Hotel & Tourism Business School"
C845552F-2DAE-49F4-AB23-6DD02909D609,VelloreInstituteofTechnologyVIT,معهد فيلور للتقنية,Vellore Institute of Technology (VIT),<p>Address: {{Description}}</p>,<p>Address: {{Description}}</p>,1531,0C296880-4F70-452A-987E-723E428B63EB,NULL,{{Phone}},NULL,4357,,,Vellore Institute of Technology (VIT)
F6885721-21F1-46AC-84A1-BA6A772C43B0,VictoriaUniversity,جامعة فيكتوريا,Victoria University,<p>Address: {{Description}}</p>,<p>Address: {{Description}}</p>,1532,6E24A731-2BBB-4725-9084-2225987A78DF,NULL,{{Phone}},NULL,4088,,,Victoria University
5C859CB8-96FE-401A-A32F-0CD66409CF66,VictoriaUniversityofWellington,جامعة فيكتوريا في ويلينغتون,Victoria University of Wellington,<p>Address: {{Description}}</p>,<p>Address: {{Description}}</p>,1533,62524CBE-D439-4F93-BCDD-D11019993951,www.victoria.ac.nz/,{{Phone}},NULL,1296,,,Victoria University of Wellington
A1E98B82-C00A-4E21-B8FD-0174A6BDD9CF,UniversitySouthernCalifornia,جامعة جنوب كاليفورنيا,University Southern California,<p>Address: {{Description}}</p>,<p>Address: {{Description}}</p>,1519,BC4FF43D-C0A2-4C29-B47F-88A728EC2509,NULL,{{Phone}},NULL,2588,,,University Southern California
AB60CB85-C4D9-460A-88D0-EB9E3124FDD0,ViennaUniversityofTechnology,جامعة فيينا للتكنولوجيا,Vienna University of Technology,<p>Address: {{Description}}</p>,<p>Address: {{Description}}</p>,1535,BC04E008-3F0A-43AA-A4F2-2DB917054D97,www.tuwien.ac.at/,{{Phone}},NULL,3548,,,Vienna University of Technology
26FDB223-32E6-4F4E-A667-E39D85F9596E,UniversityWisconsnMilwaukee,جامعة ويسكونسن - ميلووكي,University Wisconsn Milwaukee,<p>Address: {{Description}}</p>,<p>Address: {{Description}}</p>,1520,BC4FF43D-C0A2-4C29-B47F-88A728EC2509,NULL,{{Phone}},NULL,1569,,,University Wisconsn Milwaukee
6DDFA776-F5E5-4B6D-8144-A83CC5A53FD7,UtahStateUniversity,جامعة ولاية يوتا,Utah State University,<p>Address: {{Description}}</p>,<p>Address: {{Description}}</p>,1524,BC4FF43D-C0A2-4C29-B47F-88A728EC2509,http://www.usu.edu/,{{Phone}},NULL,419,,,Utah State University
9AE00415-601F-4565-A5A7-3EF29B9C4279,VirginiaCommonwealthUniversityQatar,جامعة فرجينيا كومنولث - قطر,"Virginia Commonwealth University, Qatar",<p>Address: {{Description}}</p>,<p>Address: {{Description}}</p>,1538,D1DF472C-5D2E-47DD-98AD-D5E693C5BA6F,NULL,{{Phone}},NULL,271,,,"Virginia Commonwealth University, Qatar"
C1241445-1F49-4929-AD62-6F2CBED002A8,ValenciaCollege,كلية فالنسيا,Valencia College*,<p>Address: {{Description}}</p>,<p>Address: {{Description}}</p>,1527,BC4FF43D-C0A2-4C29-B47F-88A728EC2509,NULL,{{Phone}},NULL,1851,,,Valencia College*
EB61EEB5-366A-4A9F-88E1-A8B0F4C7E4CA,VanderbiltUniversity,جامعة فاندربيلت,Vanderbilt University,<p>Address: {{Description}}</p>,<p>Address: {{Description}}</p>,1529,BC4FF43D-C0A2-4C29-B47F-88A728EC2509,http://www.vanderbilt.edu/,{{Phone}},NULL,20,,,Vanderbilt University
D6832C7A-8DF0-4661-9D36-9F68FD6CAEC1,VictorValleyCollege,كلية فيكتور فالي,Victor Valley College,<p>Address: {{Description}}</p>,<p>Address: {{Description}}</p>,1534,BC4FF43D-C0A2-4C29-B47F-88A728EC2509,NULL,{{Phone}},NULL,3515,,,Victor Valley College
E0CEC0AE-8D38-4B55-AF5C-18953FE0F63B,VocationalTrainingCouncilVTC,مجلس التدريب المهني,Vocational Training Council (VTC),<p>Address: {{Description}}</p>,<p>Address: {{Description}}</p>,1542,F37D6EB9-D5C6-4EBE-8371-647AA54C44E6,NULL,{{Phone}},NULL,4558,,,Vocational Training Council (VTC)
D55263D4-794C-4D94-B167-C46C7E1B895B,VrijeUniversiteitAmsterdam,جامعة فيريجي أمستردام,Vrije Universiteit Amsterdam,<p>Address: {{Description}}</p>,<p>Address: {{Description}}</p>,1543,F1972BC9-B59A-4EA3-84CF-FEDA7EFF29A1,www.vu.nl/en/,{{Phone}},NULL,3737,,,Vrije Universiteit Amsterdam
53A28E02-53E2-48CE-9189-A961F985110D,VrijeUniversiteitBrussel,جامعة بروكسل الحرة,Vrije Universiteit Brussel,<p>Address: {{Description}}</p>,<p>Address: {{Description}}</p>,1544,C09AC279-57A9-4005-919D-15A67287434A,www.vub.ac.be/,{{Phone}},NULL,3334,,,Vrije Universiteit Brussel
9B341B7F-206F-40F6-85A7-AA57A3E0EA2D,WageningenUniversityResearch,جامعة واجينينجن للأبحاث,Wageningen University & Research,<p>Address: {{Description}}</p>,<p>Address: {{Description}}</p>,1545,F1972BC9-B59A-4EA3-84CF-FEDA7EFF29A1,www.wageningenur.nl/.,{{Phone}},NULL,3245,,,Wageningen University & Research
18D2F60F-4239-4CF4-96DC-9175D562F97E,VillanovaUniversity,جامعة فيلانوفا,Villanova University,<p>Address: {{Description}}</p>,<p>Address: {{Description}}</p>,1536,BC4FF43D-C0A2-4C29-B47F-88A728EC2509,http://www.villanova.edu/,{{Phone}},NULL,2900,,,Villanova University
8C3A5F40-E915-463B-BF74-11412AFC1B8C,VirginiaCommonwealthUniversity,جامعة كومنولث فرجينيا,Virginia Commonwealth University,<p>Address: {{Description}}</p>,<p>Address: {{Description}}</p>,1537,BC4FF43D-C0A2-4C29-B47F-88A728EC2509,http://www.vcu.edu/,{{Phone}},NULL,22,,,Virginia Commonwealth University
CEF65729-6638-4F93-AFF8-7F07FA94444E,VirginiaPolytechnicInstituteandStateUniversity,جامعة فرجينيا التقنية,Virginia Polytechnic Institute and State University,<p>Address: {{Description}}</p>,<p>Address: {{Description}}</p>,1539,BC4FF43D-C0A2-4C29-B47F-88A728EC2509,NULL,{{Phone}},NULL,4157,,,Virginia Polytechnic Institute and State University
1526D268-1B98-43C0-A81E-B7D403D1113C,WarsawUniversityofTechnology,جامعة وارسو للتكنولوجيا,Warsaw University of Technology,<p>Address: {{Description}}</p>,<p>Address: {{Description}}</p>,1549,B80ECB7E-90EB-4927-A467-802F78E41549,www.pw.edu.pl/engpw,{{Phone}},NULL,3734,,,Warsaw University of Technology
8DBC4F86-E624-41EB-A474-0CEB44ADB684,WasedaUniversity,جامعة واسيدا,Waseda University,<p>Address: {{Description}}</p>,<p>Address: {{Description}}</p>,1550,075E0DF0-A9BD-4C34-B089-95FF2D4D2A8A,http://www.waseda.ac.jp/,{{Phone}},NULL,2082,,,Waseda University
BE64D22A-5156-48EB-BDFF-9FD14D577C8D,VirginiaTech,جامعة فيرجينيا التقنية,Virginia Tech,<p>Address: {{Description}}</p>,<p>Address: {{Description}}</p>,1540,BC4FF43D-C0A2-4C29-B47F-88A728EC2509,https://www.vt.edu/,{{Phone}},NULL,2747,,,Virginia Tech
7D455FC5-ECB3-4668-BEBF-7C0CF7CFAF9C,VirginiaTechAVUniversity,جامعة فيرجينيا تك,Virginia Tech(AV) University,<p>Address: {{Description}}</p>,<p>Address: {{Description}}</p>,1541,BC4FF43D-C0A2-4C29-B47F-88A728EC2509,NULL,{{Phone}},NULL,1469,,,Virginia Tech(AV) University
60887F43-24C9-4BFA-A8B6-9C6F475B8103,WakeForestUniversity,جامعة ويك فورست,Wake Forest University,<p>Address: {{Description}}</p>,<p>Address: {{Description}}</p>,1546,BC4FF43D-C0A2-4C29-B47F-88A728EC2509,http://www.wfu.edu/,{{Phone}},NULL,420,,,Wake Forest University
682EDD41-2078-49D1-B9AD-E1F22CC7FAFE,WallaWallaCommunityCollege,كلية والا والا المجتمعية,Walla Walla Community College,<p>Address: {{Description}}</p>,<p>Address: {{Description}}</p>,1548,BC4FF43D-C0A2-4C29-B47F-88A728EC2509,NULL,{{Phone}},NULL,3519,,,Walla Walla Community College
BD29EE3C-1879-4853-A495-9E881ED69510,WashingtonStateUniversity,جامعة ولاية واشنطن,Washington State University,<p>Address: {{Description}}</p>,<p>Address: {{Description}}</p>,1551,BC4FF43D-C0A2-4C29-B47F-88A728EC2509,http://www.wsu.edu/,{{Phone}},NULL,28,,,Washington State University
2D7FEDEC-1350-4A1B-BD66-74E024603F00,WashingtonUniversityinStLouis,جامعة واشنطن في سانت لويس,Washington University in St. Louis,<p>Address: {{Description}}</p>,<p>Address: {{Description}}</p>,1552,BC4FF43D-C0A2-4C29-B47F-88A728EC2509,wustl.edu/,{{Phone}},NULL,29,,,Washington University in St. Louis
95511442-8B67-4163-8717-0D157E06CE14,WebsterUniversityinGeneva,جامعة ويبستر في جنيف,Webster University in Geneva,<p>Address: {{Description}}</p>,<p>Address: {{Description}}</p>,1557,4E364110-075B-4CF7-A201-DEB66B8C8505,NULL,{{Phone}},NULL,685,,,Webster University in Geneva
E7733F63-6788-4280-8BA5-0AD9C45DFB8B,WeillCornellMedicalCollegeQatar,كلية وايل كورنيل للطب - قطر,"Weill Cornell Medical College, Qatar",<p>Address: {{Description}}</p>,<p>Address: {{Description}}</p>,1558,D1DF472C-5D2E-47DD-98AD-D5E693C5BA6F,NULL,{{Phone}},NULL,182,,,"Weill Cornell Medical College, Qatar"
948C1BCA-3C2A-41D4-9653-6626C310B65E,WayneStateUniversity,جامعة ولاية وين,Wayne State University,<p>Address: {{Description}}</p>,<p>Address: {{Description}}</p>,1553,BC4FF43D-C0A2-4C29-B47F-88A728EC2509,NULL,{{Phone}},NULL,4158,,,Wayne State University
4587FAD4-4F7C-4B58-837F-2F81127D311C,WebsterUniversity,جامعة ويبستر,Webster University,<p>Address: {{Description}}</p>,<p>Address: {{Description}}</p>,1556,BC4FF43D-C0A2-4C29-B47F-88A728EC2509,http://www.webster.edu/,{{Phone}},NULL,691,,,Webster University
0D7E8E94-6890-4F68-9F62-2BAD0895C14F,WesternKentuckyUniversity,جامعة كنتاكي الغربية,Western Kentucky University,<p>Address: {{Description}}</p>,<p>Address: {{Description}}</p>,1559,BC4FF43D-C0A2-4C29-B47F-88A728EC2509,http://www.wku.edu/,{{Phone}},NULL,3581,,,Western Kentucky University
B148363F-6C12-422D-B45E-191DCA033031,WesternSydneyUniversity,جامعة ويسترن سيدني,Western Sydney University,<p>Address: {{Description}}</p>,<p>Address: {{Description}}</p>,1562,6E24A731-2BBB-4725-9084-2225987A78DF,www.uws.edu.au/,{{Phone}},NULL,3545,,,Western Sydney University
EB0BCDC8-6EDF-4B79-8A1F-316F09279831,WesternUniversity,جامعة ويسترن,Western University,<p>Address: {{Description}}</p>,<p>Address: {{Description}}</p>,1563,8460877D-3973-4A88-8B26-F4397E2F1316,uwo.ca/,{{Phone}},NULL,430,,,Western University
4D919C5C-E511-4F7F-926E-771B36F0B05C,WesternMichiganUniversity,جامعة ميشيغان الغربية,Western Michigan University,<p>Address: {{Description}}</p>,<p>Address: {{Description}}</p>,1560,BC4FF43D-C0A2-4C29-B47F-88A728EC2509,http://www.wmich.edu/,{{Phone}},NULL,2752,,,Western Michigan University
13D0FEDA-2954-4D4C-B5DE-C367A2C254D1,WHUOttoBeisheimSchoolofManagement,مدرسة أوتو بيسهايم للإدارة,WHU - Otto Beisheim School of Management,<p>Address: {{Description}}</p>,<p>Address: {{Description}}</p>,1565,B6929437-CF78-40FE-B9EF-6AF0F35AE3D1,NULL,{{Phone}},NULL,4468,,,WHU - Otto Beisheim School of Management
5FEC48B2-F6FC-4388-8044-6F6EC17EFE92,WesternOregonUniversity,جامعة وسترن أوريغون,Western Oregon University,<p>Address: {{Description}}</p>,<p>Address: {{Description}}</p>,1561,BC4FF43D-C0A2-4C29-B47F-88A728EC2509,NULL,{{Phone}},NULL,2043,,,Western Oregon University
E6D72064-152C-4B75-AED9-C308346020B1,WestVirginiaUniversity,جامعة وست فرجينيا,West Virginia University,<p>Address: {{Description}}</p>,<p>Address: {{Description}}</p>,1564,BC4FF43D-C0A2-4C29-B47F-88A728EC2509,http://www.wvu.edu/,{{Phone}},NULL,692,,,West Virginia University
575606EC-B298-429B-9BE4-D26D659EB1D2,WilliamMary,جامعة ويليام وماري,William & Mary,<p>Address: {{Description}}</p>,<p>Address: {{Description}}</p>,1566,BC4FF43D-C0A2-4C29-B47F-88A728EC2509,http://www.wm.edu/,{{Phone}},NULL,285,,,William & Mary
94281841-EE0C-439D-8F67-B0E88EF16882,WilliamsCollege,كلية ويليامز,Williams College*,<p>Address: {{Description}}</p>,<p>Address: {{Description}}</p>,1567,BC4FF43D-C0A2-4C29-B47F-88A728EC2509,NULL,{{Phone}},NULL,34,,,Williams College*
9925506F-2BAB-44BF-8F03-73FEF7EA2688,WuhanUniversity,جامعة ووهان,Wuhan University,<p>Address: {{Description}}</p>,<p>Address: {{Description}}</p>,1570,FFC985AF-DE1D-4346-9536-42391A71E6AD,www.whu.edu.cn,{{Phone}},NULL,3558,,,Wuhan University
CCA6FF3E-C4CF-4858-8754-FE5DF80C333E,WUViennaUniversityofEconomicsandBusiness,جامعة الاقتصاد والأعمال بفيينا,WU (Vienna University of Economics and Business),<p>Address: {{Description}}</p>,<p>Address: {{Description}}</p>,1571,BC04E008-3F0A-43AA-A4F2-2DB917054D97,NULL,{{Phone}},NULL,4414,,,WU (Vienna University of Economics and Business)
A25DD5B2-8F91-4FC9-99B9-B16A6E34B899,XianJiaotongUniversity,جامعة شيان جياوتونغ,Xi'an Jiaotong University,<p>Address: {{Description}}</p>,<p>Address: {{Description}}</p>,1572,FFC985AF-DE1D-4346-9536-42391A71E6AD,www.xjtu.edu.cn,{{Phone}},NULL,3185,,,Xi'an Jiaotong University
1A457C6A-EF3B-45E4-8E3E-6578730AA3C6,WoodburyUniversity,جامعة وودبيري,Woodbury University,<p>Address: {{Description}}</p>,<p>Address: {{Description}}</p>,1568,BC4FF43D-C0A2-4C29-B47F-88A728EC2509,NULL,{{Phone}},NULL,2907,,,Woodbury University
B50D31C7-7377-4852-8396-E5CE22A625F8,YarmoukUniversity,جامعة اليرموك,Yarmouk University,<p>Address: {{Description}}</p>,<p>Address: {{Description}}</p>,1574,10764C65-F3FD-469D-8849-7171F7CD4024,NULL,{{Phone}},NULL,466,,,Yarmouk University
87A53D84-7431-4F28-9089-C436A91542EA,YemenUniversity,جامعة اليمن,Yemen University,<p>Address: {{Description}}</p>,<p>Address: {{Description}}</p>,1575,61157F92-B2B4-41D2-9E1A-551A9FE835AE,NULL,{{Phone}},NULL,1063,,,Yemen University
C0AAEB1C-C90F-48BC-9478-A8A6B7170879,YaleUniversity,جامعة ييل,Yale University,<p>Address: {{Description}}</p>,<p>Address: {{Description}}</p>,1573,BC4FF43D-C0A2-4C29-B47F-88A728EC2509,http://www.yale.edu/,{{Phone}},NULL,37,,,Yale University
04510270-EC03-4E7B-947A-083BE59F672B,YokohamaNationalUniversity,جامعة يوكوهاما الوطنية,Yokohama National University,<p>Address: {{Description}}</p>,<p>Address: {{Description}}</p>,1577,075E0DF0-A9BD-4C34-B089-95FF2D4D2A8A,http://www.ynu.ac.jp/,{{Phone}},NULL,3755,,,Yokohama National University
6E8C9545-929B-4485-8F1F-04005BE91A77,YonseiUniversity,جامعة يونسي,Yonsei University,<p>Address: {{Description}}</p>,<p>Address: {{Description}}</p>,1578,4EC45433-C178-4920-91B5-51459C956B21,http://www.yonsei.ac.kr/,{{Phone}},NULL,360,,,Yonsei University
00DBA869-B7E2-462D-B3BD-C1121D8707E7,YeshivaUniversity,جامعة يشيفا,Yeshiva University,<p>Address: {{Description}}</p>,<p>Address: {{Description}}</p>,1576,BC4FF43D-C0A2-4C29-B47F-88A728EC2509,NULL,{{Phone}},NULL,2600,,,Yeshiva University
E80A2386-97AB-4A5F-833D-BB9786BCD973,YorkUniversity,جامعة يورك,York University,<p>Address: {{Description}}</p>,<p>Address: {{Description}}</p>,1580,8460877D-3973-4A88-8B26-F4397E2F1316,http://www.yorku.ca/,{{Phone}},NULL,3177,,,York University
64885B42-273C-412C-9504-98583F3EF5B0,YoungsanUniversity,جامعة يونغسان,Youngsan University,<p>Address: {{Description}}</p>,<p>Address: {{Description}}</p>,1581,4EC45433-C178-4920-91B5-51459C956B21,NULL,{{Phone}},NULL,4504,,,Youngsan University
00782DC0-C236-4973-8F52-2C97BB843E3C,YrkeshgskolanSwedishHigherVocationalEducation,التعليم المهني العالي في السويد,Yrkeshögskolan (Swedish Higher Vocational Education),<p>Address: {{Description}}</p>,<p>Address: {{Description}}</p>,1582,4EE77F72-AB6D-46D7-A924-03342D48A1DE,NULL,{{Phone}},NULL,4577,,,Yrkeshögskolan (Swedish Higher Vocational Education)
BF8E23DE-0569-4A31-9B8E-9EA5C5390E8F,ZagazigUniversity,جامعة الزقازيق,Zagazig University,<p>Address: {{Description}}</p>,<p>Address: {{Description}}</p>,1583,C65B85B5-8772-4DFB-89FF-AD6AD178E561,NULL,{{Phone}},NULL,694,,,Zagazig University
3E5C12A1-A696-4CB5-86E2-BF619EE0D925,ZayedUniversity,جامعة زايد,Zayed University,<p>Address: {{Description}}</p>,<p>Address: {{Description}}</p>,1584,1BDC81B7-A509-4181-AB12-0010F8535AC4,NULL,{{Phone}},NULL,3354,,,Zayed University
52B3C79D-EB69-49FE-A42B-813DB1F3B527,ZhejiangUniversity,جامعة تشجيانغ,Zhejiang University,<p>Address: {{Description}}</p>,<p>Address: {{Description}}</p>,1585,FFC985AF-DE1D-4346-9536-42391A71E6AD,www.zju.edu.cn,{{Phone}},NULL,3187,,,Zhejiang University
ECFBCC97-CBE6-4D5A-BF66-80F02198ABDF,ZurichUniversityofAppliedSciencesZHAW,جامعة زيورخ للعلوم التطبيقية,Zurich University of Applied Sciences (ZHAW),<p>Address: {{Description}}</p>,<p>Address: {{Description}}</p>,1586,4E364110-075B-4CF7-A201-DEB66B8C8505,NULL,{{Phone}},NULL,4578,,,Zurich University of Applied Sciences (ZHAW)
69892BF7-957E-4F81-83F7-3B4D8AC23785,ZurichUniversityoftheArts,جامعة زيورخ للفنون,Zurich University of the Arts,<p>Address: {{Description}}</p>,<p>Address: {{Description}}</p>,1587,4E364110-075B-4CF7-A201-DEB66B8C8505,NULL,{{Phone}},NULL,4551,,,Zurich University of the Arts
