JobNumber,JobGroupNumber,JobClassNumber,OrgScope,JobNameAr,JobNameEn
4321,283,4,1,أخصائي تقييم طلبة لغة عربية أول,Senior Student Assessment Specialist - Arabic
3788,283,3,1,اخصائي إسكان,Housing Specialist
3498,283,3,1,اخصائي تنسيق قاعدة بيانات أول,Senior Database Coordination Specialist
4026,283,3,1,اخصائي توجيه لغة عربية أول,Senior Arabic Language Supervision Specialist
3792,283,5,1,استشاري إسكان,Housing Consultant
3790,283,4,1,خبير إسكان,Housing Expert
3765,283,4,1,خبير تدريب رياضيات,Mathematics Training Expert
3766,283,4,1,خبير توجيه تربيه خاصه أول,Senior Special Education Supervision Expert
3726,283,3,1,خبير شؤون مؤسسات التعليم العالي,Higher Education Institutions Affairs Expert
3767,283,3,1,خبير شؤون ماليه أول,Senior Financial Affairs Expert
3785,283,3,1,خبير مراكز تعليمية وتدريبية أول,First Educational and Training Centers Expert
3727,283,3,1,خبير مصادر تعلم أول,First Education Resources Expert
2146,14,3,1,فني كهربائي ثاني,2nd Electric Technician
2144,14,3,1,فني كهربائي رابع,4th Electric Technician
2309,15,3,1,كهربائي موتورات ثالث,3rd Motors Electrician
3764,283,3,1,مدقق داخلي أول,1st Internal Auditor
2415,22,3,1,مدير مشروع كلية شمال الأطلنطي وجامعة كالجاري – قطر,Project Manager of North Atlantic College and University of Calgary- Qatar
2052,64,3,1,مراقب نقليات ثالث,3rd transportation Controller
2053,64,3,1,مراقب نقليات ثاني,2nd transportation Controller
2051,64,3,1,مراقب نقليات رابع,4th transportation Controller
1937,74,3,1,مساعد كاتب شئون مالية أول,Senior Assistant Clerk for Financial Affairs
4875,22,3,1,مساعد مدير إدارة التعاون الدولي,Assistant Director of International Cooperation Department
3728,55,3,1,ملاحظ عمال ملفات خامس,5th Files Clerk Supervisor
4300,64,5,3,مندوب ثالث,3rd Public Services
4304,55,5,3,مندوب رابع,4th Representative
3077,163,5,1,منسق علاقات عامة,PR Coordinator
4251,163,5,1,منسق مشتريات,Procurement Coordinator
2801,113,3,1,استشاري  شؤون معلمين,Teachers Affairs Consultant
2847,283,3,1,باحثة شؤون معلمين ثاني,2nd Teachers Affairs Researcher
1797,173,3,1,أخصائي   أعلامي أول,Senior Media  Specialist
1315,283,3,1,أخصائي  ميدان,Field Specialist
3474,67,5,1,أخصائي أنشطة مدرسية,School Activities Specialist
4913,63,,1,أخصائي أنظمة أول,Senior System Specialist
3854,283,,1,أخصائي أول,First Specialist
3210,63,3,1,أخصائي أول أمن تكنولوجيا المعلومات,First Specialist of Information Technology Security
1195,283,3,1,أخصائي أول مدارس,Senior School Specialist
1180,283,3,1,أخصائي أول مدارس خاصة,Senior Private Schools  Specialist
3955,283,,2,أخصائي إدارة البريد الالكتروني أول,Senior Email Management Specialist
3752,283,4,1,أخصائي إدارة برامج ومشاريع,Program and Project Management Specialist
2588,283,3,1,أخصائي إدارة مشاريع,Project Management Specialist
2628,283,3,3,أخصائي إرشاد طلابي,STUDENTS COUNSELING SPECIALIST
1910,283,3,1,أخصائي إرشاد وتطوير مهني,Guidance and professional Development Specialist
1280,283,3,1,أخصائي إنتاج,Production Specialist
1782,163,3,1,أخصائي اتصال ومعلومات,Communication and Information Specialist
1783,163,3,1,أخصائي اتصال ومعلومات أول,Senior Communication and Information Specialist
1495,283,3,1,أخصائي اتفاقات,Agreements Specialist
1320,207,5,2,أخصائي اجتماعي,Social Specialist
1321,143,3,1,أخصائي اجتماعي أول,Senior Social Specialist
1326,283,3,1,أخصائي احصاء أول,Senior Statistic Specialist
3328,283,3,1,أخصائي احصائي وتحليل بيانات,Statistics and Data Analysis Specialist
1804,283,3,1,أخصائي ارشاد أول,Senior Guidance Specialist
3284,283,,1,أخصائي ارشاد اكاديمي ومهني,Academic and Career Counseling Specialist
4303,283,5,1,أخصائي ارشاد طلابي نفسي,Psychological and Student Counseling Specialist
2898,283,5,1,أخصائي ارشاد طلابي نفسي ثالث,3nd Student Psychiatrist
4262,283,5,2,أخصائي اعتماد أكاديمي أول,Senior Academic Accreditation Specialist
1330,163,3,1,أخصائي اعلام,Media Specialist
1331,283,3,1,أخصائي اعلام أول,Senior Media Specialist
4095,283,3,1,أخصائي البحث العلمي,Scientific Research Specialist
3763,283,3,1,أخصائي الجودة,Quality  Specialist
4328,283,3,1,أخصائي الجودة أول,Senior Quality  Specialist
1397,283,3,1,أخصائي الدعم الأضافي,Additional Support Specialist
1398,283,3,1,أخصائي الدعم الأضافي أول,Senior Additional Support Specialist
2870,283,3,1,أخصائي الدعم الإضافي أول,First Additional Support Specialist
50304,283,3,1,أخصائي انتاج,أخصائي انتاج
1399,283,3,1,أخصائي بحث علمي,Scientific Research Specialist
1400,283,3,1,أخصائي بحث علمي أول,Senior Scientific Research Specialist
4277,283,3,1,أخصائي بحوث أول,Senior Research Specialist
1339,63,3,1,أخصائي برامج,Program Specialist
1340,63,3,1,أخصائي برامج أول,Senior Program Specialist
3808,283,,1,أخصائي برامج اجتماعية,Social Programs Specialist
3604,283,3,1,أخصائي بروتوكول,Protocol Specialist
3605,283,3,1,أخصائي بروتوكول  أول,1st Protocol Specialist
1922,283,3,1,أخصائي بعثات,Scholarship Researcher
1923,283,3,1,أخصائي بعثات أول,Senior Scholarship Specialist
4217,283,3,2,أخصائي بيانات تدريب أول,Senior Training Data Specialist
1290,63,3,1,أخصائي تجهيزات,Supplies Specialist
1335,283,3,1,أخصائي تحليل بيانات,Data Analysis Specialist
1334,283,3,1,أخصائي تحليل بيانات أول,1st Data Analysis Specialist
1333,283,3,1,أخصائي تحليل بيانات ثاني,2nd Data Analysis Specialist
2194,283,3,1,أخصائي تحليل سياسات,Policies Analysis Specialist
2195,283,3,1,أخصائي تحليل سياسات أول,Senior Policies Analysis Specialist
4329,63,3,1,أخصائي تحليل نظم أول,Senior System Analysis Specialist
3759,283,4,1,أخصائي تخطيط إستراتيجي,Strategic Planning Specialist
3173,283,,2,أخصائي تخطيط استراتيجي وأبحاث,Strategic Planning and Research Specialist
3508,283,3,1,أخصائي تخطيط برامج تدريبية,Training Programs Planning Specialist
3509,283,3,1,أخصائي تخطيط برامج تدريبية أول,Senior Training Programs Planning Specialist
1970,273,3,2,أخصائي تدريب,Training Specialist
1971,283,3,1,أخصائي تدريب أول,Senior Training Specialist
3247,283,,2,أخصائي تدريب رياضيات,Mathematics Training Specialist
3624,283,4,1,أخصائي تدريب رياضيات  أول,Senior Mathematics Training Specialist
3245,283,,2,أخصائي تدريب لغة انجليزية,English Training Specialist
4106,283,3,1,أخصائي تدريب لغة انجليزية أول,Senior English Language Training specialist
3246,283,,2,أخصائي تدريب لغة عربية,Arabic Training Specialist
3956,283,,2,أخصائي تدريب لغة عربية أول,Senior Arabic Training Specialist
3516,283,3,1,أخصائي تدريب وتنمية قدرات,Training And Development Specialist
4020,283,3,1,أخصائي تدريب وتنمية قدرات أول,Senior  Training And Development Specialist
3512,67,5,1,أخصائي تدريب وتنمية قدرات ثاني,Second Training And Development Specialist
1867,283,3,1,أخصائي تدقيق بيانات وضبط الجودة,Data Auditing and Quality Control Specialist
1868,283,3,1,أخصائي تدقيق بيانات وضبط الجودة أول,Senior Data Auditing and Quality Control Specialist
3141,283,3,1,أخصائي تدقيق لغوي,PROOFREADING SPECIALIST
3139,283,3,1,أخصائي تدقيق لغوي ثاني,SECOND PROOFREADING SPECIALIST
4202,263,3,1,أخصائي تدقيق مالي,Financial Audit Specialist
3308,283,,1,أخصائي تراخيص,Licensing Specialist
2706,283,5,2,أخصائي تربية خاصة أول,Senior Special Education Specialist
1275,283,3,1,أخصائي ترجمة,Translation Specialist
1276,283,3,1,أخصائي ترجمة أول,Senior Translator Specialist
3114,283,3,1,أخصائي تصميم ديكور,Interior Design Specialist
1821,283,3,1,أخصائي تصميم رسوم أول,1st Graphic Designing Specialist
3180,283,3,1,أخصائي تطوير,Development Specialist
3692,283,3,1,أخصائي تطوير تربية خاصة,Special Education Development Specialist
3178,283,3,1,أخصائي تطوير ثاني,Second Development Specialist
4098,283,3,1,أخصائي تطوير مناهج,Curriculum Development Specialist
3206,283,3,1,أخصائي تطوير مناهج أول,First Curriculum Development Specialist
1295,283,3,1,أخصائي تطوير مهني,Professional Development Specialist
1911,283,3,1,أخصائي تطوير مهني أول,Senior Guidance and professional Development Researcher
2477,113,3,1,أخصائي تطوير مهني ثالث,3rd Professional Development Specialist
2481,113,3,1,أخصائي تعليم,Education Specialist
2480,113,3,1,أخصائي تعليم أول,1st Education Specialist
2603,283,3,1,أخصائي تعليم أول,Senior Education Specialist
2551,63,3,1,أخصائي تعليم إلكتروني أول,Senior E-learning  Specialist
2549,63,3,1,أخصائي تعليم إلكتروني ثالث,3rd E-Education Specialist
2451,113,3,1,أخصائي تعليم تربوي,Pedagogical Education Specialist
4111,283,3,1,أخصائي تعليم تربوي أول,Senior Pedagogical Education Specialist
4123,63,2,1,أخصائي تعليم تقني,Technical Education Specialist
2520,63,3,1,أخصائي تعليم تكنولوجيا ثالث,3rd IT Education Specialist
3208,283,5,3,أخصائي تعليم كبار,Adult Education Specialist
2838,283,3,1,أخصائي تعليم كبار أول,1st Adult Education Specialist
3738,283,3,1,أخصائي تعليم لغات,Language Education Specialist
1379,283,3,1,أخصائي تعليم مبكر,Stages of Early Education Specialist
3280,283,3,1,أخصائي تعليم مبكر ( مسار أدبي ),Early Years Education Specialist Arts Pathway)
3281,283,4,3,أخصائي تعليم مبكر ( مسار علمي ),Early Education Specialist (Science Stream)
4108,283,3,1,أخصائي تعليم مبكر (مسار أدبي) أول,"Senior Early Years Education Specialist, (Arabic, Islamic Studies and Social Sciences)"
4107,283,3,1,أخصائي تعليم مبكر (مسار علمي) أول,"Senior Early Years Education Specialist, (Science, math and English)"
3737,283,3,1,أخصائي تعليم وتدريب ذوي الاحتياجات الخاصة,Special Needs Education and Training Specialist
3957,283,,2,أخصائي تعليم وتدريب ذوي الاحتياجات الخاصة أول,Senior Special Needs Education and Training Specialist
4241,283,3,1,أخصائي تفتيش مباني أول,Senior Building Inspection Specialist
4849,63,3,1,أخصائي تقنية المعلومات,Information Technology Specialist
4112,283,3,1,أخصائي تقنية المعلومات أول,Senior Information Technology Specialist
2440,283,3,1,أخصائي تقييم,Assessment Specialist
2439,283,3,1,أخصائي تقييم أول,1st Assessment Specialist
3288,283,3,1,أخصائي تقييم المدارس الخاصة,Private Schools Evaluation Specialist
2437,283,3,1,أخصائي تقييم ثالث,3rd Assessment Specialist
2438,283,3,1,أخصائي تقييم ثاني,2nd Assessment Specialist
1285,283,3,1,أخصائي تقييم طلبة,Students Evaluation Specialist
50307,283,3,1,أخصائي تقييم طلبة,أخصائي تقييم طلبة
1284,283,3,1,أخصائي تقييم طلبة أول,1st Students Evaluation Specialist
3551,283,4,1,أخصائي تقييم طلبة تربية إسلامية اول,Senior Student Assessment Specialist - Islamic Education
1282,283,3,1,أخصائي تقييم طلبة ثالث,3rd Students Evaluation Specialist
1283,283,3,1,أخصائي تقييم طلبة ثاني,2nd Students Evaluation Specialist
3552,283,4,1,أخصائي تقييم طلبة لغة عربية,Student Assessment Specialist - Arabic
1849,283,3,1,أخصائي تقييم مادة,Subject Evaluation Specialist
1848,283,3,1,أخصائي تقييم مادة أول,1st Subject Evaluation Specialist
1847,283,3,1,أخصائي تقييم مادة ثاني,2nd Subject Evaluation Specialist
1362,283,3,1,أخصائي تقييم مدارس,Schools Evaluation Specialist
1361,283,3,1,أخصائي تقييم مدارس أول,Senior School Evaluation Specialist
1359,283,3,1,أخصائي تقييم مدارس ثالث,3rd Schools Evaluation Specialist
1360,283,3,1,أخصائي تقييم مدارس ثاني,2nd Schools Evaluation Specialist
50306,283,3,1,أخصائي تقييم مدارس حكومية وخاصة,أخصائي تقييم مدارس حكومية وخاصة
3227,263,3,1,أخصائي تكلفة تقديرية أول,Senior Cost Estmation Specialist
1856,283,3,1,أخصائي تنسيق خدمات,Service Coordination Specialist
4191,283,3,1,أخصائي تنسيق خدمات اول,Senior Services Specialist
3468,283,,1,أخصائي تنفيذي,Executive Specialist
4103,283,3,1,أخصائي تنفيذي أول,Senior Executive Specialist
3770,283,4,1,أخصائي توجية إدارة اعمال,Business Administration Supervision Specialist
3553,283,4,1,أخصائي توجية فنون بصرية ومسرح,Visual Literary and Drama Supervision Specialist
4280,283,5,2,أخصائي توجيه  رياضيات أول,Senior Mathematics Supervision Specialist
4212,113,3,1,أخصائي توجيه أحياء,Supervision Specialist(Biology)
3554,283,4,1,أخصائي توجيه تربوي أول,Senior Education Supervision Specialist
3652,283,4,1,أخصائي توجيه تربية إسلامية,Islamic Education Supervision Specialist
3555,283,4,1,أخصائي توجيه تربية إسلامية أول,Senior Islamic Education Supervision Specialist
3556,283,4,1,أخصائي توجيه تربية بدنية,Physical Education Supervision Specialist
3557,283,4,1,أخصائي توجيه تربية بدنية أول,Senior Physical Education Supervision Specialist
3627,283,4,1,أخصائي توجيه تربية خاصة,Special Education Supervision Specialist
3558,283,4,1,أخصائي توجيه تربية خاصة أول,Senoir Special Education Supervision Specialist
4286,283,5,2,أخصائي توجيه تربية رياضية,Physical Education Supervision Specialist
4287,283,5,2,أخصائي توجيه تربية رياضية أول,Senior Physical Education Supervision Specialist
4885,113,2,1,أخصائي توجيه تعليم مبكر لغة انجليزية,English Language Early Years Education Supervision Specialist
4281,283,5,2,أخصائي توجيه تكنولوجيا معلومات,Information Technology Supervision Specialist
4282,283,5,2,أخصائي توجيه تكنولوجيا معلومات أول,Senior Information Technology Supervision Specialist
4284,283,5,2,أخصائي توجيه دراسات اجتماعية,Social Studies Supervision Specialist
4285,283,5,2,أخصائي توجيه دراسات اجتماعية أول,Senior Social Studies Supervision Specialist
4192,283,3,1,أخصائي توجيه رياض أطفال,Kindergarten Supervision Specialist
3629,283,4,1,أخصائي توجيه رياض أطفال أول,Senior Kindergarten Supervision Specialist
4872,283,2,1,أخصائي توجيه رياض أطفال أول,Senior kindergarten Supervision Specialist
4215,113,3,1,أخصائي توجيه رياضيات,Supervision Specialist(Mathematics)
3630,283,4,1,أخصائي توجيه علوم,Science Supervision Specialist
3632,283,4,1,أخصائي توجيه فنون بصرية أول,Senior Visual Arts Supervision Specialist
4288,283,5,2,أخصائي توجيه فنون بصرية ومسرح أول,Senior Visual Arts and Theater Supervision Specialist
4213,113,3,1,أخصائي توجيه فيزياء,Supervision Specialist(Physics)
4214,113,3,1,أخصائي توجيه كيمياء,Supervision Specialist(Chemistry)
4283,283,5,2,أخصائي توجيه كيمياء,Chemistry Supervision Specialist
4211,113,3,1,أخصائي توجيه لغة إنجليزية,Supervision Specialist(English Language)
4134,283,3,1,أخصائي توجيه لغة عربية,Arabic Language Supervision Specialist
3639,283,3,1,أخصائي توجيه مصادر تعلم أول,Senior Learning Sources Supervision Specialist
3560,283,4,1,أخصائي توجيه مناهج أول,Senior Curriculum Supervision Specialist
3633,283,4,1,أخصائي توجيه مناهج مختبرات مدرسية أول,Senior School Lab Curriculum Supervision Specialist
3625,283,4,1,أخصائي توجيه  علوم أول,Senior Science Supervision Specialist
3626,283,4,1,أخصائي توجيه  لغة انجليزية أول,Senior English Supervision Specialist
3748,283,3,1,أخصائي جودة البرمجيات,Software Quality Specialist
3715,283,3,1,أخصائي خدمات,Services Specialist
4260,283,3,1,أخصائي خدمة جمهور أول,Senior Customer Service Specialist
1300,283,3,1,أخصائي دراسات دولية,International Studies Specialist
1301,283,3,1,أخصائي دراسات دولية أول,Senior International Studies Specialist
3276,283,3,1,أخصائي دعم اضافي( اسرى ),Additional Education Support Specialist (family).
4267,283,3,1,أخصائي دور حضانة أول,Senior Nurseries Specialist
1367,283,3,1,أخصائي رخص مهنية,Professional Licensing Specialist
1366,283,3,1,أخصائي رخص مهنية أول,1st Professional Licensing Specialist
1364,283,3,1,أخصائي رخص مهنية ثالث,3rd Professional Licensing Specialist
1365,283,3,1,أخصائي رخص مهنية ثاني,2nd Professional Licensing Specialist
4105,283,3,1,أخصائي رياض أطفال أول,Senior Kindergarten Specialist
3286,283,,1,أخصائي رياض اطفال,Kindergarten Specialist
1240,283,3,1,أخصائي سكرتارية أول,Senior Secretarial Specialist
1239,283,3,2,أخصائي سكرتارية تنفيذية,Secretarial Specialist
3348,28,5,3,أخصائي سمعيات,Audiologist
1244,283,3,3,أخصائي شؤون إدارية,Administrative Affairs Specialist
1245,283,3,1,أخصائي شؤون إدارية أول,Senior Administrative Affairs Specialist
2220,283,3,1,أخصائي شؤون استقبال,Reception Affairs Specialist
4201,283,3,1,أخصائي شؤون خدمة الجمهور,Public Service Specialist
2542,283,3,1,أخصائي شؤون دولية,International Affaires Specialist
2187,283,3,1,أخصائي شؤون فنية,Technical Affairs Specialist
3290,283,,1,أخصائي شؤون فنية ( معادلة الشهادات الجامعية ),Technical Affairs Specialist (University Degrees Equivilency)
2188,283,3,1,أخصائي شؤون فنية أول,Senior Technical Affairs Specialist
3518,283,3,1,أخصائي شؤون مؤسسات التعليم العالي أول,1st Higher Education Institutions Affairs Specialist
1249,263,3,1,أخصائي شؤون مالية,Financial Affairs Specialist
1250,263,3,1,أخصائي شؤون مالية أول,Senior Financial Affairs Specialist
3169,283,,1,أخصائي شؤون مدارس,School Affairs Specialist
4264,283,3,1,أخصائي شؤون موارد بشرية,Human Resources Affairs Specialist
3644,237,5,2,أخصائي شؤون موظفين,Personnel Affairs specialist
3645,237,5,2,أخصائي شؤون موظفين اول,1st Personnel Affairs specialist
1500,283,3,1,أخصائي شئون منظمات,Organization Affairs Specialist
3650,63,,1,أخصائي شبكات أول,Senior Network Specalist
3236,283,,1,أخصائي صحة وسلامة,Health and Safety Specialist
2873,283,3,1,أخصائي صحة وسلامة أول,Health and Safety Specialist
3299,283,3,1,أخصائي ضمان الجودة,Quality Assurance Specialist
1917,283,3,1,أخصائي طلبات وتحقق,Application specialist
858,293,5,2,أخصائي علاج طبيعي,Physiotherapist
2519,283,5,2,أخصائي علاج وظيفي,Occupational Therapist
2839,283,3,1,أخصائي علاج وظيفي أول,1st Occupational Therapist
1789,163,3,1,أخصائي علاقات عامة,Public Relations Specialist
1790,163,3,1,أخصائي علاقات عامة أول,Senior Public Relations Specialist
3256,283,3,1,أخصائي علوم أول,First Science Specialist
3958,283,3,2,أخصائي قاعدة بيانات أول,Senior Database Specialist
855,283,3,1,أخصائي قانوني,Legal Specialist
1343,53,3,1,أخصائي قانوني,Legal Specialist
1344,53,3,1,أخصائي قانوني أول,Senior Legal Specialist
847,67,5,2,أخصائي قياس سمع,Audiologist
3736,283,3,1,أخصائي كمبيوتر,Computer Specialist
4196,283,3,1,أخصائي مخازن,Warehouse Specialist
4197,283,3,1,أخصائي مخازن أول,Senior Warehouse Specialist
3740,283,3,1,أخصائي مخاطر مؤسسية,Institutional Risk Management Specialist
3092,283,3,1,أخصائي مختبرات علوم أول,First Science Laboratory Specialist
4094,283,3,1,أخصائي مدارس حكومية,Government Schools Specialist
1747,283,3,1,أخصائي مدارس خاصة,Private Schools Specialist
1748,283,3,1,أخصائي مدارس خاصة أول,1st Private Schools Specialist
3136,283,3,1,أخصائي مدارس خاصة ثاني,2st Private Schools Specialist
1378,283,3,1,أخصائي مدارس مستقلة أول,1st Independent Schools Specialist
3167,283,3,1,أخصائي مدارس مستقلة ثالث,3st Independent School Specialist
1896,283,3,1,أخصائي مراكز تدريبية وتعليمية,Training and Educational Centers Licenses Specialist
1897,283,3,1,أخصائي مراكز تدريبية وتعليمية أول,Senior Training and Educational Centers Licenses Specialist
3959,283,,2,أخصائي مشاريع,Project Specialist
4278,283,3,1,أخصائي مشاريع البنية التحتية,Infrastructure Project Specialist
2552,63,3,1,أخصائي مشاريع تعليم إلكتروني,Specialist E-learning projects
4104,283,3,1,أخصائي مشاريع تعليم إلكتروني أول,Senior E-learning Project Specialist
3204,283,3,1,أخصائي مشاريع ثالث,Third Project Specialist
2029,263,3,1,أخصائي مشتريات,Purchasing Specialist
2030,283,3,1,أخصائي مشتريات أول,Senior Purchasing Specialist
2201,283,3,1,أخصائي مصادر تعلم,Learning Resources Specialist
2202,283,3,1,أخصائي مصادر تعلم أول,Senior Learning Resources Specialist
2893,283,3,1,أخصائي مصادر تعلم ثالث,3rd Learning Resources Specialist
1383,283,3,1,أخصائي معايير التربية الرياضية,Physical Education Standards Specialist
1384,283,3,1,أخصائي معايير التربية الرياضية أول,Senior Physical Education Standards Specialist
1385,283,3,2,أخصائي معايير الرياضيات,Mathematics Standards Specialist
1386,283,3,1,أخصائي معايير الرياضيات أول,Senior Mathematics Standards Specialist
1387,283,3,1,أخصائي معايير العلوم الاجتماعية,Social Studies Standards Specialist
1388,283,3,1,أخصائي معايير العلوم الاجتماعية أول,Senior Social Studies Standards Specialist
1395,283,3,1,أخصائي معايير اللغة الانجليزية,English Language Standards Specialist
1396,283,3,2,أخصائي معايير اللغة الانجليزية أول,Senior English Language Standards Specialist
1389,283,3,2,أخصائي معايير اللغة العربية,Arabic Language Standards Specialist
1390,283,3,2,أخصائي معايير اللغة العربية أول,Senior Arabic Language Standards Specialist
3199,283,3,1,أخصائي معايير تربية بصرية,Visual Education Standards Specialist
3198,283,,1,أخصائي معايير تربية بصرية أول,First Visual Education Standards Specialist
1391,63,3,1,أخصائي معايير تكنولوجيا المعلومات,IT Standards Specialist
1392,63,3,1,أخصائي معايير تكنولوجيا المعلومات أول,Senior IT Standards Specialist
2454,113,3,1,أخصائي معايير دعم تعليمي إضافي,Additional Education Support Standards Specialist
1393,283,3,1,أخصائي معايير علوم,Science Standards Specialist
1394,283,3,1,أخصائي معايير علوم أول,Senior Science Standards Specialist
1727,283,3,1,أخصائي معايير علوم اجتماعية ثاني,2nd Social Sciences Standards Researcher
1381,283,3,1,أخصائي معايير علوم اسلامية,Islamic Studies Standards Specialist
1382,283,3,1,أخصائي معايير علوم اسلامية أول,Senior Islamic Studies Standards Specialist
2892,283,3,1,أخصائي معايير لغة عربية ثاني,2nd Arabic Curriculum Standards Specialist
1310,283,3,1,أخصائي مناهج,Curriculum Specialist
3693,283,4,1,أخصائي مناهج أحياء,Biology curriculum specialist
4110,283,3,1,أخصائي مناهج أحياء أول,Senior Biology Curriculum Specialist
1311,283,3,1,أخصائي مناهج أول,Senior Curriculum Specialist
3694,283,4,1,أخصائي مناهج تربية إسلامية,Islamic Studies curriculum specialist
3695,283,4,1,أخصائي مناهج تكنولوجيا معلومات,Information Technology Curriculum specialist
3696,283,4,1,أخصائي مناهج طفولة مبكرة /علمي,Early childhood curriculum specialist / science track
3697,283,4,1,أخصائي مناهج فيزياء,Physics  Curriculum specialist
3698,283,4,1,أخصائي مناهج كيمياء,Chemistry Curriculum specialist
3699,283,4,1,أخصائي مناهج لغة إنجليزية,English Curriculum specialist
4109,283,3,1,أخصائي مناهج لغة إنجليزية أول,Senior English Language Curriculum Specialist
3700,283,4,1,أخصائي مناهج لغة عربية,Arabic Curriculum specialist
3485,283,3,1,أخصائي مناهج مادة الرياضيات,Mathematics Curriculum Specialist
4,283,3,1,أخصائي مناهج/عربي,Curriculum Specialist Arabic
2889,213,3,1,أخصائي منظمات دولية واقليمية ثالث,3rd International and Regional Organizations Specialist
1314,283,3,1,أخصائي ميدان أول,1st Field Specialist
1312,283,3,1,أخصائي ميدان ثالث,3rd Field Specialist
1313,283,3,1,أخصائي ميدان ثاني,2nd Field Specialist
50305,283,3,1,أخصائي ميداني,أخصائي ميداني
3301,63,,1,أخصائي نظم معلومات,Information Systems Specialist
3278,283,5,2,أخصائي نفسي,Psychiatrist
4301,13,,2,أخصائي هندسي أول,Senior Engineering Specialist
4102,283,3,1,أخصائي هندسي انشائي أول,Senior Structural Engineering Specialist
3960,283,,2,أخصائي هندسي تكييف أول,Senior Air Conditioning Engineering Specialist
4115,283,3,1,أخصائي هندسي حاسب آلي أول,Senior Computer Engineering Specialist
4114,283,3,1,أخصائي هندسي شبكات أول,Senior Networks Engineering Specialist
3962,283,,2,أخصائي هندسي عمارة أول,Senior Architectural Engineering Specialist
4100,283,3,1,أخصائي هندسي كهرباء أول,Senior Electrical Engineering Specialist
3961,283,,2,أخصائي هندسي مدني أول,Senior Civil Engineering Specialist
4113,283,3,1,أخصائي هندسي نظم أول,Senior Systems Engineering Specialist
4116,283,3,1,أخصائي هندسي وسائط متعددة أول,Multimedia Engineering Specialist
2234,223,3,1,أخصائي وثائق,Documents Specialist
2235,223,3,1,أخصائي وثائق أول,Senior Documents Specialist
3384,67,5,2,أخصائي ومنسق بحث علمى,Scientific Research Specialist and Coordinator
3805,63,3,1,أخصائي/مطور برامج ذكاء اصطناعي,Senior BI Developer
3623,283,4,1,أخصائي  توجيه لغة إنجليزية طفولة,Early Childhood English Supervision Specialist
3654,283,4,1,أخصائي  توجيه مسار أدبي,Literary Path Supervision Specialist
3660,283,4,1,أخصائي  توجيه مسار أدبي أول,1st Literary Path Supervision Specialist
2800,283,3,1,أخصائي  شؤون معلمين,Teachers Affairs Specialist
2843,283,3,1,أخصائي  شؤون معلمين أول,Teachers Affairs Specialist 1st
3658,283,4,1,أخصائي  مناهج مهارات حياتية,Curriculum Life Skills Specialist
1799,173,3,1,أستشارى  أعلامي,Media  Consultant
1913,283,3,1,أستشارى  إرشاد وتطوير مهني,Guidance and professional Development Consultant
1754,283,3,1,أستشارى إداري,Administrative Consultant
1785,163,3,1,أستشارى اتصال ومعلومات,Communication and Information Consultant
1925,283,3,1,أستشارى بعثات,Scholarship Consultant
1852,283,3,1,أستشارى تقييم مادة,Subject Evaluation Consultant
1792,163,3,1,أستشارى علاقات عامة,Public Relations Consultant
1899,283,3,1,أستشارى مراكز تعليمية وتدريبية,Educational and Training Centers Consultant
3940,283,3,1,أستشارى مراكز تعليمية وتدريبية اول,Senior Educational and Training Centers Consultant
1892,283,3,1,أستشارى معادلة شهادات,Certificates Equivalency Consultant
2237,223,3,1,أستشارى وثائق,Documents Consultant
3943,283,3,1,أستشارى وثائق اول,Senior Documents Consultant
3515,283,5,1,أستشاري تخطيط برامج تدريبية,Training Programs Planning  Consultant
1973,283,3,1,أستشاري تدريب,Training Consultant
4206,283,3,1,أستشاري تدريب أول,Senior Training Consultant
2282,283,3,1,أستشاري تكنولوجيا معلومات,Information Technology Consultant
2111,74,3,1,أمين مخزن أول,1st Storekeeper
2109,74,3,1,أمين مخزن ثالث,3rd Storekeeper
3804,63,3,1,إداري قواعد بيانات,Database Administrator
2461,113,3,1,إستشاري تعليم تربوي,Pedagogical Education Consultant
2462,113,3,1,إستشاري تقييم,Assessment Consultant
2463,113,3,1,إستشاري تقييم مدارس,Schools Assessment Consultant
2464,113,3,1,إستشاري سياسات وأبحاث,Policies and Researches Consultant
3086,283,3,1,إستشاري شؤون إدارية,Administrative Affairs Consultant
2465,53,3,1,إستشاري عقود,Contracts Consultant
2826,273,3,1,إستشاري موارد بشرية,Human Resources Consultant
4143,273,3,1,إستشاري موارد بشرية أول,Senior Human Resources Consultant
130,13,3,1,اختصاصي دعم فني,Technical Support Specialist
587,283,3,1,اخصائي,Specialist
4918,67,5,1,اخصائي أنشطة,Activities Specialist
2701,283,3,1,اخصائي أول علاج طبيعي,1st Physiotherapist Specialist
3789,283,3,1,اخصائي إسكان أول,First Housing Specialist
4127,283,3,1,اخصائي ارشاد أكاديمي ومهني اول,Senior Academic and Career Counseling Specialist
3126,283,3,1,اخصائي ارشاد وتطوير مهنى اول,1st Guidance and professional Development Specialist
50302,283,3,1,اخصائي التربية الخاصة والتعليم الدامج,اخصائي التربية الخاصة والتعليم الدامج
3248,283,3,1,اخصائي انشطة كشفية,Scout Activities Specialist
3249,283,3,1,اخصائي انشطة كشفية أول,First Scout Activities Specialist
3923,283,3,1,اخصائي برامج اجتماعية اول,Senior Social Programs Specialis
3330,283,3,1,اخصائي برامج وانشطة,Programs and Activities Specialist
3341,67,3,2,اخصائي بصريات,Optometrist
3334,237,3,2,اخصائي تخاطب,Speech Therapist
4209,283,4,1,اخصائي تخطيط قوى عاملة,Manpower Planning Specialist
3811,283,3,1,اخصائي تراخيص دور حضانة,Nursery Licensing Specialist
3812,283,3,1,اخصائي تراخيص دور حضانة أول,1st Nursery Licensing Specialist
2705,283,5,2,اخصائي تربية خاصة,Special Education Specialist
4894,283,5,2,اخصائي تربية خاصة ثاني,2nd Special Education Specialist
4906,283,3,1,اخصائي تسجيل ونقل مدارس,School Registration and Transfer Specialist
1357,283,3,1,اخصائي تصميم جرافيك,Graphic Design Specialist
4128,283,3,1,اخصائي تصميم رسوم,Graphic Design Specialist
3437,283,3,1,اخصائي تعليم الكتروني,E-Learning Specialist
3901,283,3,1,اخصائي تفتيش دور الحضانات,Nursery Inspection Specialist
4141,283,3,1,اخصائي تفتيش دور الحضانات أول,Senior  Nursery Inspection Specialist
4177,283,3,1,اخصائي تنسيق خدمات أول,Senior Services Coordination Specialist
3464,283,3,1,اخصائي تنسيق قاعدة بيانات,Database Coordination Specialist
50102,283,3,1,اخصائي توجية تعليم مبكر مسار أدبي,اخصائي توجية تعليم مبكر مسار أدبي
50215,283,3,1,اخصائي توجية فنون بصرية,اخصائي توجية فنون بصرية
4032,283,3,1,اخصائي توجيه إدارة اعمال اول,Senior Business Management Supervision Specialist
50207,283,3,1,اخصائي توجيه احياء,اخصائي توجيه احياء
50211,283,3,1,اخصائي توجيه تاريخ,اخصائي توجيه تاريخ
4130,283,3,1,اخصائي توجيه تاريخ قطر أول,Senior Qatar History Supervision Specialist
50208,283,3,1,اخصائي توجيه تربية إسلامية,اخصائي توجيه تربية إسلامية
50213,283,3,1,اخصائي توجيه تربية رياضية,اخصائي توجيه تربية رياضية
50301,283,3,1,اخصائي توجيه تربيه خاصه,اخصائي توجيه تربيه خاصه
4219,283,5,2,اخصائي توجيه تعليم مبكر رياض أطفال,Early Years Education Supervision Specialist (Kindergarten)
4033,283,3,1,اخصائي توجيه تعليم مبكر رياض أطفال اول,Senior Early Education Kindergarten Supervision Specialist
50104,283,3,1,اخصائي توجيه تعليم مبكر رياض أطفال,اخصائي توجيه تعليم مبكر رياض أطفال
50103,283,3,1,اخصائي توجيه تعليم مبكر لغة إنجليزية,اخصائي توجيه تعليم مبكر لغة إنجليزية
4034,283,3,1,اخصائي توجيه تعليم مبكر لغة انجليزية اول,Senior English Language Early Education Supervision Specialist
4036,283,3,1,اخصائي توجيه تعليم مبكر مسار أدبي,"Early Education Supervision Specialist, (Arabic, Islamic Studies and Social Sciences)"
4035,283,3,1,اخصائي توجيه تعليم مبكر مسار ادبي اول,"Senior Early Education Supervision Specialist, (Arabic, Islamic Studies and Social Sciences)"
4331,283,3,1,اخصائي توجيه تعليم مبكر مسار علمي,"Early Education Supervision Specialist, (Arabic, Islamic Studies and Social Sciences)"
50101,283,3,1,اخصائي توجيه تعليم مبكر مسار علمي,اخصائي توجيه تعليم مبكر مسار علمي
50210,283,3,1,اخصائي توجيه جغرافيا,اخصائي توجيه جغرافيا
50214,283,3,1,اخصائي توجيه حاسب الي,اخصائي توجيه حاسب الي
50203,283,3,1,اخصائي توجيه رياضيات,اخصائي توجيه رياضيات
50204,283,3,1,اخصائي توجيه علوم,اخصائي توجيه علوم
50212,283,3,1,اخصائي توجيه علوم اجتماعية,اخصائي توجيه علوم اجتماعية
50206,283,3,1,اخصائي توجيه فيزياء,اخصائي توجيه فيزياء
50205,283,3,1,اخصائي توجيه كيمياء,اخصائي توجيه كيمياء
50202,283,3,1,اخصائي توجيه لغة انجليزية,اخصائي توجيه لغة انجليزية
50201,283,3,1,اخصائي توجيه لغة عربية,اخصائي توجيه لغة عربية
50209,283,3,1,اخصائي توجيه مهارات حياتية,اخصائي توجيه مهارات حياتية
2709,283,3,2,اخصائي ثاني علاج نطق ولغة,2nd Speech and Language Specialist
3340,67,3,2,اخصائي حركة وتوجه,Orientation and Mobility Specialist
4169,283,3,1,اخصائي دعم لوجستي,Logistics Support Specialist
3436,283,3,1,اخصائي رعاية موهوبين,Gifted Students Care Specialist
3434,283,3,2,اخصائي صحة فم وأسنان,Oral and dental health specialist
2715,227,5,2,اخصائي علاج نطق ولغة,Speech and Language Therapy Specialist
2716,283,3,1,اخصائي قانون اول,1st Law Specialist
3146,283,3,1,اخصائي كيمياء,CHEMISTRY SPECIALIST
3145,283,3,1,اخصائي كيمياء اول,FIRST CHEMISTRY SPECIALIST
3122,217,5,2,اخصائي لغة الإشارة,Sign Language Specialist
4185,263,3,1,اخصائي مالي,Finance Specialist
2227,283,3,1,اخصائي متابعة,Follow-up Specialist
2228,283,3,1,اخصائي متابعة أول,Senior Follow-up Specialist
3432,283,3,1,اخصائي مشاريع أول,Senior Project Specialist
3453,283,3,1,اخصائي مشاريع ثاني,Second Project Specialist
4236,283,3,1,اخصائي مشاريع ومتابعات,Projects and Follow-Up Specialist
2879,283,3,2,اخصائي مصادر تعليم وتعلم,Teaching and Learning Resources Specialist
4290,283,3,1,اخصائي مناهج دراسية,Curriculum Specialist
4193,283,3,1,اخصائي مناهج دراسية أول,Senior Curriculum Specialist
4126,283,3,1,اخصائي مناهج مادة الرياضيات اول,Senior Mathematics Curriculum Specialist
2781,283,5,2,اخصائي نفسي اول,1st Psychologist
2444,283,3,1,استاذ مشارك,Associate Professor
2485,283,3,1,استشارى احصاء وتحليل بيانات,Statistic and Data Analysis Consultant
2197,283,3,1,استشارى تحليل سياسات,Policies Analysis Consultant
3306,283,,1,استشارى تخطيط استراتيجي,Strategic Planning Consultant
1752,283,3,1,استشارى تربوي,Educational Consultant
4316,283,3,1,استشارى تربوي أول,Senior Educational Consultant
3303,283,,1,استشارى تربية خاصة ورعاية الموهوبين,Special Education and Gifted Care Consultant
2419,283,3,1,استشارى تقييم طلبة,Students Assessment Consultant
2623,283,,1,استشارى دراسات دولية,International Studies CONSULTANT
4853,263,3,1,استشارى مالي اول,Senior Financial Consultant
2565,283,3,2,استشاري,Consultant
4055,283,3,1,استشاري  بمكتب وكيل الوزارة المساعد لشؤون التقييم,Consultant at the Office of the Assistant Undersecretary for Evaluation Affairs
3608,283,3,3,استشاري  بروتوكول,Protocol Consultant
3588,283,4,1,استشاري أكاديمي,Academic Consultant
4083,283,4,1,استشاري أكاديمي أول,Senior Academic Consultant
3751,283,4,1,استشاري أكاديمي في التربية الإسلامية,Islamic Education Consultant
3750,283,4,1,استشاري أكاديمي في اللغة العربية,Arabic Language Education Consultant
3456,283,3,2,استشاري أول,1st Consultant
3888,283,3,1,استشاري أول – تقييم طلبة تربية إسلامية,First Islamic Studies Students Evaluation Consultant
3796,283,5,1,استشاري إداري لشؤون المباني أول,First Building Affairs Administrative Consultant
2631,283,3,1,استشاري إرشاد طلابي,STUDENTS COUNSELING CONSULTANT
4863,283,3,1,استشاري إرشاد وتطوير مهني أول,Senior Professional Counselling and Development Consultant
3793,283,5,1,استشاري إسكان أول,First Housing Consultant
3857,113,3,1,استشاري إشراف ورقابة دور الحضانة,Nurseries Supervision and Monitoring Consultant
3927,283,3,1,استشاري اتصال ومعلومات اول,Senior Communication and Information Consultant
3691,283,,1,استشاري اداري لشؤون المباني,Administrative Consultant for Building Affairs
3924,283,3,1,استشاري ارشاد طلابي اول,Senior Student Counseling Consultant
4027,283,3,1,استشاري انشطة,Activities  Consultant
3251,283,3,1,استشاري انشطة كشفية,Scout Activities  Consultant
3941,283,3,1,استشاري انشطة كشفية اول,Senior Scouting Activities Consultant
3524,283,3,1,استشاري بحث علمي,Research Consultant
3893,283,3,1,استشاري بعثات أول,First Scholarships Consultant
3118,283,3,1,استشاري تحليل بيانات,DATA ANALYSIS CONSULTANT
4064,283,3,3,استشاري تحليل سياسات اول,Senior Policy Analysis Consultant
3753,283,3,1,استشاري تخطيط إستراتيجي,Strategic Planning Consultant
4149,283,3,1,استشاري تخطيط برامج تدريبية اول,Senior Training Program Planning Consultant
3511,283,3,3,استشاري تدريب وتنمية قدرات,Training and Capacity Development Consultant
4025,283,3,3,استشاري تدريب وتنمية قدرات اول,Senior  Training and capacity Building Consultant
3263,283,,1,استشاري تدقيق لغوي,Proofreading Consultant
3149,263,3,1,استشاري تدقيق مالي,Financial Audit Consultant
3890,283,3,1,استشاري تراخيص مؤسسات أكاديمية,Academic Institutions Licensing Consultant
3891,283,3,1,استشاري تراخيص مؤسسات أكاديمية أول,First Academic Institutions Licensing Consultant
3614,283,3,3,استشاري تراخيص مدارس خاصة,Private School Licensing Consultant
3824,113,2,1,استشاري تربية خاصة,Special Education consultant
3930,283,3,1,استشاري تربية خاصة ورعاية الموهوبين اول,Senior Special Education and Gifted Students Consultant
2484,113,3,1,استشاري تعليم,Education Consultant
3795,283,5,1,استشاري تعليم أول,First Education Consultant
4037,113,2,1,استشاري تعليم الكتروني,E-Learning Consultant
3814,283,,1,استشاري تفتيش حضانات,Nursery Inspection Consultant
3929,283,3,1,استشاري تفتيش دور حضانات اول,Senior Nursery Inspection Consultant
3813,283,3,1,استشاري تفتيش دور حضانة,Nursery Inspection Consultant
3794,283,5,1,استشاري تقييم أول,First Evaluation Consultant
4299,283,3,1,استشاري تقييم اجتماعيات أول,Senior Social Studies Assessment Consultant
3895,283,3,1,استشاري تقييم طلبة أول,First Student Evaluation Consultant
3526,283,4,1,استشاري تقييم طلبة تربية إسلامية,Student Assessment Consultant - Islamic Education
3527,283,4,1,استشاري تقييم طلبة دراسات اجتماعية,Student Assessment Consultant - Social Studies
3935,283,3,1,استشاري تقييم طلبة دراسات اجتماعية اول,Senior Social Studies  Assessment Consultant
3528,283,4,1,استشاري تقييم طلبة رياضيات,Student Assessment Consultant - Mathematics
3529,283,4,1,استشاري تقييم طلبة علوم,Student Assessment Consultant - Science
3925,283,3,1,استشاري تقييم طلبة علوم اول,Senior Science  Assessment Consultant
3530,283,4,1,استشاري تقييم طلبة لغة انجليزية,Student Assessment Consultant - English
3936,283,3,1,استشاري تقييم طلبة لغة انجليزية اول,Senior English Language Assessment Consultant
3531,283,4,1,استشاري تقييم طلبة لغة عربية,Student Assessment Consultant - Arabic
3939,283,3,1,استشاري تقييم طلبة لغة عربية اول,Senior Arabic Language Assessment Consultant
3889,283,3,1,استشاري تقييم مادة أول,First Subject Evaluation Consultant
4322,283,4,1,استشاري تقييم مادة الدراسات الاجتماعية أول,Senior Social Studies Evaluation Consultant
3892,283,3,1,استشاري تقييم مدارس أول,First Schools Evaluation Consultant
3686,283,4,1,استشاري تواصل اجتماعي,Social Communication Consultant
3898,283,3,1,استشاري تواصل استراتيجي,Strategic Communication Consultant
3532,283,4,1,استشاري توجية تربوي,Education Supervision Consultant
3535,283,4,1,استشاري توجيه إدارة اعمال,Business Administration Supervision Consultant
3533,283,4,1,استشاري توجيه اجتماعيات,Social Sciences Supervision Consultant
4864,283,3,1,استشاري توجيه اجتماعيات أول,Senior Social Studies Supervision Consultant
3534,283,4,1,استشاري توجيه ارشاد اكاديمي,Academic Counselling Supervision Consultant
3536,283,4,1,استشاري توجيه تاريخ قطر,Qatar History Supervision Consultant
3926,283,3,1,استشاري توجيه تاريخ قطر اول,Senior Qatar History  Supervision Consultant
3937,283,3,1,استشاري توجيه تربوي اول,Senior Educational  Supervision Consultant
3932,283,3,1,استشاري توجيه تربية إسلامية اول,Senior Islamic Studies Supervision Consultant
3537,283,4,1,استشاري توجيه تربية اسلامية,Islamic Education Supervision Consultant
3538,283,4,1,استشاري توجيه تربية بدنية,Physical Education Supervision Consultant
3942,283,3,1,استشاري توجيه تربية بدنية اول,Senior Physical Education Supervision  Consultant
3539,283,4,1,استشاري توجيه تربية خاصة,Special Education Supervision Consultatnt
4229,283,3,1,استشاري توجيه تربية خاصة أول,Senior Special Education Supervision Consultant
3621,283,4,1,استشاري توجيه تعليم مبكر,Early Education Supervision Consultant
3821,283,4,1,استشاري توجيه تعليم مبكر أول,Senior Early Education Supervision Consultant
4887,283,4,1,استشاري توجيه تعليم مبكر رياض أطفال,Early Years Education Supervision Consultant Kindergarten
4888,283,4,1,استشاري توجيه تعليم مبكر رياض أطفال أول,Senior Early Years Education Supervision Consultant Kindergarten
4038,113,2,1,استشاري توجيه تعليم مبكر مسار ادبي,"Early Education Supervision Consultant, (Arabic, Islamic Studies and Social Sciences)"
4039,113,2,1,استشاري توجيه تعليم مبكر مسار علمي,"Early Education Supervision Consultant, (Science, Math and English)"
3540,283,4,1,استشاري توجيه حاسب آلي,IT Supervision Consultant
4040,113,2,1,استشاري توجيه دراسات اجتماعية,Social Sciences Supervision Consultant
4230,283,3,1,استشاري توجيه دراسات اجتماعية أول,Senior Social Studies Supervision Consultant
3541,283,4,1,استشاري توجيه رياض أطفال,Kindergarten Supervision Consultant
3542,283,4,1,استشاري توجيه رياضيات,Mathematics Supervision Consultant
3543,283,4,1,استشاري توجيه علوم,Science Supervision Consultant
3934,283,3,1,استشاري توجيه علوم اول,Senior Science Supervision  Consultant
3544,283,4,1,استشاري توجيه فنون بصرية ومسرح,Visual Atrs and Drama Supervision Consultant
4228,283,3,1,استشاري توجيه فنون بصرية ومسرح أول,Senior Visual Arts and Theater Supervision Consultant
3545,283,4,1,استشاري توجيه لغة انجليزية,English Supervision Consultant
3546,283,4,1,استشاري توجيه لغة عربية,Arabic Supervision Consultant
3938,283,3,1,استشاري توجيه لغة عربية اول,Senior Arabic Language Supervision Consultant
3547,283,4,1,استشاري توجيه مسار أدبي,Literary Stream Supervision Consultant
3549,283,4,1,استشاري توجيه مسار علمي,Science Stream Supervision Consultant
3944,283,3,1,استشاري توجيه مسار علمي اول,Senior Science Track Supervision  Consultant
3622,283,4,1,استشاري توجيه مشاريع الكترونية,E-Projects Supervision Consultant
3550,283,4,1,استشاري توجيه مصادر تعلم,Learning Resources Supervision Consultant
4218,283,4,1,استشاري توجيه مصادر تعلم اول,Senior Supervision Consultant (Learning Resources)
4154,283,4,1,استشاري توجيه مهارات حياتية,Life Skills Supervision Consultant
3620,283,4,1,استشاري توجيه  لغة إنجليزية طفولة,Early Childhood English supervision Consultant
3656,283,4,1,استشاري توجيه  مناهج دراسات اجتماعية,Curriculum Social Studies supervision Consultant
4882,283,3,1,استشاري جودة,Quality Consultant
4883,283,3,1,استشاري جودة اول,Senior Quality Consultant
2895,113,3,1,استشاري دعم إضافي,Additional Support Consultant
4268,283,3,1,استشاري دور حضانة,Nurseries Consultant
3882,63,3,1,استشاري سياسات تكنولوجيا المعلومات,IT Policy Consultant
2894,113,3,1,استشاري سياسات وأبحاث تربوية,Educational Policy and Research Consultant
3945,283,3,1,استشاري سياسات وأبحاث تربوية اول,Senior Educational Policies and Research Consultant
3931,283,3,1,استشاري شؤون إدارية اول,Senior Administrative Affairs Consultant
3450,283,3,3,استشاري شؤون تعليم مهني وتقني,Technical and Vocational Education Affairs Consultant
3734,283,3,1,استشاري شؤون مؤسسات التعليم العالي,Higher Education Institutions Affairs  Consultant
4152,283,3,1,استشاري شؤون معلمين اول,Senior Teacher Affairs Consultant
3648,283,4,1,استشاري شؤون موظفين,Personnel Affairs Consultant
3649,283,4,1,استشاري شؤون موظفين أول,1st Personnel Affairs Consultant
3259,283,3,1,استشاري شئون فنية,Technical Affairs Consultant
3258,283,,1,استشاري شئون منظمات,Organizations Affairs Consultant
2872,273,3,1,استشاري صحة وسلامة,Health and Safety Consultant
4151,283,3,1,استشاري صحة وسلامة,Security and Safety Consultant
4862,283,3,1,استشاري صحة وسلامة أول,Senior Health and Safety Consultant
1758,53,3,1,استشاري قانوني,Legal Advisor
3947,283,3,1,استشاري قانوني اول,Senior Legal Consultant
1756,263,3,1,استشاري مالي,Financial Consultant
4172,283,3,1,استشاري مخازن,Warehouses Consultant
4173,283,3,1,استشاري مخازن أول,Senior Warehouses Consultant
3671,283,4,1,استشاري مدارس,Schools Consultant
3933,283,3,1,استشاري مدارس اول,Senior School Consultant
2887,113,3,1,استشاري مدارس خاصة,Private Schools Education Consultant
4298,113,3,1,استشاري مدارس خاصة أول,Senior Private Schools Education Consultant
4150,283,3,1,استشاري مشتريات اول,Senior Procurement Consultant
3823,283,4,1,استشاري مناهج لغة عربية,Arabic Language curriculum consultant
2443,283,3,1,استشاري ميدان,Field Consultant
4146,63,3,1,استشاري نظم معلومات,Information Systems Consultant
4319,13,3,1,استشاري هندسة  زراعية,Agricultural Engineering Consultant
4320,13,3,1,استشاري هندسة  زراعية أول,Senior Agricultural Engineering Consultant
1760,13,3,1,استشاري هندسة مدنية,Engineering Advisor
3112,22,3,1,الامين العام للجنة الوطنية القطرية للتربية والثقافة والعلوم,SECRETARY GENERAL OF THE QATARI NATIONAL COMMITTEE FOR EDUCATION AND CULTURE AND SCIENCE
3637,22,3,1,القائم بأعمال رئيس قسم المشتريات والعقود,Acting Head of Procurement and Contracts Section
3471,22,3,1,القائم باعمال مدير ادارة الموارد البشرية,Acting Human Resources Manager
3470,22,3,1,القائم باعمال وكيل الوزارة المساعد لشؤون الخدمات المشتركة,Acting Assistant Undersecretary of Shared Services Affairs
3902,22,3,1,القائم بمهام رئيس قسم التطبيقات,Acting Head of Applications Section
3472,22,3,1,القائم بمهام رئيس قسم التوظيف والتنظيم,Acting Head of Recruitment and Organization Section
4310,22,3,1,القائم بمهام رئيس قسم الخدمات العامة,Acting Head of General Services Section
4874,22,3,1,القائم بمهام رئيس قسم الشؤون الاوربية والأمريكية,Acting Head of European and American Affairs Section
4870,22,3,1,القائم بمهام رئيس قسم الشؤون الفنية للمعلمين والاداريين,Acting Head of the Technical Affairs Section for Teachers and Administrators
4079,22,3,1,القائم بمهام رئيس قسم العمليات,Acting Head of Operations Section
4122,22,3,1,القائم بمهام رئيس قسم المشتريات,Acting Head of Procurements Section
4121,22,3,1,القائم بمهام رئيس قسم المناقصات والعقود,Acting Head of Tenders and Contracts
3918,22,3,1,القائم بمهام رئيس قسم المنظمات العربية والإسلامية,Acting Head of Arab and Islamic Organizations Section
4858,22,3,1,القائم بمهام رئيس قسم الموازنة,Acting Head of the Budget Section
4161,22,3,1,القائم بمهام رئيس قسم تخطيط البرامج التدريبية,Acting Head of Training Program Planning Section
4257,22,3,1,القائم بمهام رئيس قسم خدمة العملاء,Acting Head of Customer Service Section
4311,22,3,1,القائم بمهام رئيس قسم شؤون المباني,Acting Head of Building Affairs Section
3900,22,3,1,القائم بمهام رئيس قسم شؤون الموظفين,Acting Head of Personnel affairs Section
3487,22,,1,القائم بمهام مدير إدارة البعثات,Acting Director of Scholarship Department
3845,22,3,1,القائم بمهام مدير إدارة التربية الخاصة ورعاية الموهوبين,Acting Director of Special Education and Gifted Students Department
4891,22,3,1,القائم بمهام مدير إدارة التعاون الدولي,Acting Director of International Cooperation Affairs Department
4857,22,3,1,القائم بمهام مدير إدارة الشؤون المالية,Acting Director of the Financial Affairs Department
4871,22,2,1,القائم بمهام مدير إدارة دور الحضانة,Acting Director of Nursery Department
3484,22,,1,القائم بمهام مدير إدارة شؤون المدارس,Acting Director of School Affairs Department
3730,22,3,1,القائم بمهام مدير إدارة شؤون مؤسسات التعليم العالي,Acting Director of Higher Education Institutions Affairs Department
3910,22,3,1,القائم بمهام مدير إدارة مركز معلومات الطلبة,Acting Director of the Student Information Center Department
3729,22,3,1,القائم بمهام مدير إدارة معادلة الشهادات الدراسية الجامعية,Acting Director of University Certificates Equivalency Department
3768,22,3,1,القائم بمهام مدير إدارة نظم المعلومات,Acting Director of Information Systems Department
3497,22,3,1,القائم بمهام مدير ادارة التدقيق الداخلي,Acting Director of Internal Audit Department
3897,22,4,1,القائم بمهام مدير ادارة التعليم المهني والتقني والتخصصي,"Department Acting Director of the Vocational, Technical and Specialized Education"
3651,22,3,1,القائم بمهام مدير ادارة شؤون المدارس الخاصة,Acting Director of Private Schools Affairs Department
4851,22,3,1,القائم بمهام مدير المكتب الفني,Acting Technical Office Director
4227,16,4,2,القائم بمهام مدير مدرسة,Acting School Principal
4323,22,3,1,القائم بمهام مدير مركز خدمات دعم الطلبة,Acting Director of Student Support Services Centre
4247,22,3,1,القائم بمهام مدير مكتب الوزير,Acting Director of the Minister's Office
4907,22,3,1,القائم بمهام مساعد المفوض العام لجميعة الكشافة والمرشدات القطرية,Acting Assistant Chief Commissioner of the Qatar Scouts and Guides Association
4309,22,3,1,القائم بمهام مساعد مدير إدارة التربية الخاصة,Acting Assistant Director of Special Education and Gifted Students Department
4899,22,3,1,القائم بمهام مساعد مدير مكتب الوزير لإدارة المشاريع,Acting Assistant Director of the Minister's Office for Project Management
3517,22,3,1,القائم بمهام وكيل الوزارة المساعد لشؤون التعليم العالي,Acting Assistant Undersecretary for Higher Education Affairs.
3772,22,3,1,القائم يمهام أمين عام اللجنة الوطنية القطرية للتربية والثقافة والعلوم,Acting  Secretary General of Qatar National Commission
3619,22,3,1,القائم يمهام مدير إدارة شؤون المدارس الخاصة,"Acting Director,the Private Schools Affairs Departme"
4159,283,3,1,المكلف بالإشراف على تعيينات وزارة التربية والتعليم والتعليم العالي,Designate Supervisor of Appointments of the Ministry of Education and Higher Education
4243,16,4,2,المكلف بمهام مدير مدرسة الجالية السورية,Acting Principal of the Syrian Community School
4919,22,3,1,المكلف بمهام مساعد مدير إدارة التعليم الالكتروني والحلول الرقمية,Acting Assistant Director of E-Learning and Digital Solutions Department
253,247,5,2,امين مخزن,Store Keeper
4060,247,5,2,امين مخزن – احتياط,Reserve  Store Keeper
3217,74,3,1,امين مخزن خامس,5th Storekeeper
261,283,3,1,باحث,Researcher
2470,53,3,1,باحث   قانوني ثالث,3rd Legal Researcher
4077,283,3,1,باحث أكاديمي ثالث,3rd  Academic Researcher
4072,283,3,1,باحث أكاديمي ثاني,2nd  Academic Researcher
4210,63,3,1,باحث أمن شبكات أول,Senior Network Security Researcher
4208,63,3,1,باحث أمن معلومات أول,Senior Information Security Researcher
3732,63,3,1,باحث أمن معلومات ثاني,Second Information Security Researcher
3760,283,3,1,باحث أو أخصائي منظمات دولية,International Organizations Researcher / Specialist
3965,283,3,1,باحث أول,Senior Researcher
4909,283,3,1,باحث إدارة مشاريع ثالث,3rd Project Management Researcher
2625,283,3,1,باحث إرشاد طلابي ثالث,STUDENTS COUNSELING CONSULTANT
2626,283,3,1,باحث إرشاد طلابي ثاني,STUDENTS COUNSELING EXPERT
3964,283,3,1,باحث إرشاد طلابي نفسي ثالث,Third Researcher of Student Psychological Counselling
1909,283,3,1,باحث إرشاد وتطوير مهني أول,1st Guidance and professional Development Researcher
1908,283,3,1,باحث إرشاد وتطوير مهني ثاني,2nd Guidance and professional Development Researcher
3787,283,3,1,باحث إسكان أول,First Housing Researcher
3441,283,3,1,باحث إسكان ثالث,3rd Housing Researcher
3786,283,3,1,باحث إسكان ثاني,Second Housing Researcher
3841,283,3,1,باحث اتصال ثاني,Second Communication Researcher
529,283,3,1,باحث احصاء,Statistic Researcher
1324,283,3,1,باحث احصاء أول,1st Statistic Researcher
1322,283,3,1,باحث احصاء ثالث,3rd Statistic Researcher
1323,283,3,1,باحث احصاء ثاني,2nd Statistic Researcher
1329,163,3,1,باحث اعلامي أول,1st Media Researcher
1327,163,3,1,باحث اعلامي ثالث,3rd Media Researcher
1328,163,3,1,باحث اعلامي ثاني,2nd Media Researcher
3963,283,3,1,باحث البحث العلمي أول,Senior Scientific Research Researcher
1338,63,3,1,باحث برامج أول,1st Program Researcher
2271,63,3,1,باحث برامج ثالث,3rd Program Researcher
1337,63,3,1,باحث برامج ثاني,2nd Program Researcher
4258,283,3,1,باحث بروتوكول ثالث,3rd Protocol Researcher
4186,283,3,1,باحث بعثات ثالث,2nd Researcher
2469,113,3,1,باحث تحليل بيانات أول,Senior Data Analysis Researcher
3831,113,3,1,باحث تحليل بيانات ثالث,Third data analysis researcher
3830,113,3,1,باحث تحليل بيانات ثاني,second data analysis researcher
2193,283,3,1,باحث تحليل سياسات أول,1st Policies Analysis Researcher
2191,283,3,1,باحث تحليل سياسات ثالث,3rd Policies Analysis Researcher
2192,283,3,1,باحث تحليل سياسات ثاني,2nd Policies Analysis Researcher
4877,283,3,1,باحث تخطيط استراتيجي أول,First Strategic Planning Researcher
3324,283,3,1,باحث تخطيط استراتيجي ثالث,Third Strategic Planning Researcher
2875,283,3,1,باحث تخطيط استراتيجي ثاني,Second Strategic Planning Researcher
3966,283,3,1,باحث تخطيط برامج تدريبية أول,Senior Training Program Planning Researcher
1967,273,3,1,باحث تدريب ثالث,3rd Training Researcher
1968,273,3,1,باحث تدريب ثاني,2nd Training Researcher
3967,283,3,1,باحث تدريب رياضيات أول,Senior Mathematics Training Researcher
3968,283,3,1,باحث تدريب رياضيات ثالث,Third Mathematics Training Researcher
4092,283,3,1,باحث تدريب لغة إنجليزية أول,Senior English Language Training Researcher
3969,283,3,1,باحث تدريب لغة انجليزية ثالث,Third English Training Researcher
3970,283,3,1,باحث تدريب لغة انجليزية ثاني,Second English Training Researcher
3779,273,3,1,باحث تدريب وتطوير إداري ثالث,Third Training and Development Administrative Researcher
4235,273,3,1,باحث تدريب وتطوير إداري ثاني,2nd Administrative Training and Development Researcher
4093,283,3,1,باحث تدريب وتنمية قدرات أول,Senior Training and Capacity Development Researcher
4066,283,3,1,باحث تدريب وتنمية قدرات ثالث,Third Training and Capacity Development Researcher
3971,283,3,1,باحث تدريب وتنمية قدرات ثاني,Second Training and Capacity Development Researcher
1866,283,3,1,باحث تدقيق بيانات وضبط الجودة أول,1st Data Auditing and Quality Control Researcher
3716,283,3,1,باحث تدقيق لغوي اول,First Proof Reading Researcher
3903,283,3,1,باحث تراخيص ثالث,Third Licensing Researcher
3817,283,3,1,باحث تراخيص دور حضانة أول,1st Nursery Licensing Researcher
3816,283,3,1,باحث تراخيص دور حضانة ثاني,2nd Nursery Licensing Researcher
1901,283,3,1,باحث تراخيص مؤسسات أكاديمية ثاني,2nd Academic Institutions Licenses Researcher
3611,283,3,1,باحث تراخيص مدارس خاصة أول,1St Private School Licensing Researcher
3609,283,3,1,باحث تراخيص مدارس خاصة ثالث,3rd Private School Licensing Researcher
3610,283,3,1,باحث تراخيص مدارس خاصة ثاني,2nd Private School Licensing Researcher
1895,283,3,1,باحث تراخيص مراكز تدريبية وتعليمية أول,1st Training and Educational Centers Licenses Researcher
4880,283,3,1,باحث تربوي ثالث,3rd Educational Researcher
4881,283,3,1,باحث تربوي ثاني,2nd Educational Researcher
4895,73,3,2,باحث تربية خاصة ثاني,2nd Special Education Researcher
4131,283,3,1,باحث تسجيل ونقل مدارس أول,Senior School Registration and Transfer Researcher
4226,283,3,1,باحث تسجيل ونقل مدارس ثالث,Third School Registration and Transfer Researcher
3972,283,3,1,باحث تصميم رسوم أول,Senior Graphic Design Researcher
3797,273,3,1,باحث تطوير تعاون دولي ثالث,Third International Cooperation Development Researcher
4867,283,3,1,باحث تطوير تعاون دولي ثاني,2nd International Cooperation Development Researcher
3973,283,3,1,باحث تطوير مناهج أول,Senior Curriculum Development Researcher
4296,283,3,1,باحث تعليم أول,Senior Education Researcher
4279,283,3,1,باحث تعليم تقني اول,Senior Technical Education Researcher
4275,283,3,1,باحث تعليم تقني ثالث,3nd Technical Education Researcher
4270,283,3,1,باحث تعليم تقني ثاني,2nd Technical Education Researcher
3974,283,3,1,باحث تعليم كبار أول,Senior Adult Education Researcher
3948,283,3,1,باحث تفتيش دور حضانات ثاني,2nd  Nursery Inspection Researcher
4314,283,3,1,باحث تقنية معلومات  ثالث,3rd   Information Technology Researcher
4313,283,3,1,باحث تقنية معلومات ثاني,2nd  Information Technology Researcher
3975,283,3,1,باحث تقييم ثالث,Third Evaluation Researcher
3976,283,3,1,باحث تقييم طلبة أول,Senior Student Assessment Researcher
3977,283,3,1,باحث تقييم طلبة ثاني,Second Student Assessment Researcher
3978,283,3,1,باحث تقييم مادة ثاني,Second Subject Assessment Researcher
4087,283,3,1,باحث تقييم ماده أول,Senior Subject Evaluation Researcher
3979,283,3,1,باحث تقييم مدارس أول,Senior School Evaluation Researcher
3980,283,3,1,باحث تقييم مدارس ثالث,Third School Evaluation Researcher
3981,283,3,1,باحث تقييم مدارس ثاني,Second School Evaluation Researcher
4089,283,3,1,باحث تقييم مدارس خاصة أول,Senior Private Schools Evaluation Researcher
3982,283,3,1,باحث تقييم مدارس خاصة ثاني,Second Private Schools Evaluation Researcher
4061,283,3,1,باحث تواصل اجتماعي أول,Senior Social Media Researcher
4063,283,3,1,باحث تواصل اجتماعي ثالث,3nd Social Media Researcher
4062,283,3,1,باحث تواصل اجتماعي ثاني,2nd Social Media Researcher
3983,283,3,1,باحث توجيه إدارة أعمال ثالث,Third Business Management Supervision Researcher
4041,283,2,1,باحث توجيه تعليم مبكر رياض أطفال اول,Second Kindergarten Researcher
4042,283,2,1,باحث توجيه تعليم مبكر لغة انجليزية اول,Senior English Language Early Education Supervision Researcher
4125,63,3,1,باحث ثالث,3rd Researcher
4893,283,3,1,باحث ثاني,2nd Researcher
3493,283,3,1,باحث جودة,Quality Researcher
4239,283,3,1,باحث جودة اول,Senior Quality Researcher
3984,283,3,1,باحث جودة ثالث,Third Quality Researcher
4164,73,3,2,باحث خدمة جمهور أول,Senior Public Service Researcher
4086,283,3,1,باحث خدمة جمهور ثالث,Public Services Researcher
4163,73,3,2,باحث خدمة جمهور ثاني,2nd Public Service Researcher
4076,283,3,1,باحث دور حضانات,Nurseries Researcher
4158,283,3,1,باحث دور حضانات ثاني,Second Nurseries Researcher
4144,283,3,1,باحث رياض أطفال ثاني,Senior Mathematics Training Researcher
4312,283,3,1,باحث سكرتاريا  ثاني,2nd Secretary Researcher
1243,283,3,1,باحث شؤون إدارية أول,1st Administrative Affairs Researcher
1241,283,3,1,باحث شؤون إدارية ثالث,3rd Administrative Affairs Researcher
1242,283,3,1,باحث شؤون إدارية ثاني,2nd Administrative Affairs Researcher
2217,283,3,1,باحث شؤون استقبال ثالث,3rd Reception Affairs Researcher
2218,283,3,1,باحث شؤون استقبال ثاني,2nd Reception Affairs Researcher
3134,283,3,1,باحث شؤون تربية وثقافة أول,1st Educational Researcher  Affairs and Culture
3133,283,3,1,باحث شؤون تربية وثقافة ثاني,2nd Educational Researcher  Affairs and Culture
4221,283,3,1,باحث شؤون توظيف اول,Senior Recruitment Affairs Researcher
4223,283,3,1,باحث شؤون توظيف ثالث,3rd Recruitment Affairs Researcher
4222,283,3,1,باحث شؤون توظيف ثاني,2nd Recruitment Affairs Researcher
2541,283,3,1,باحث شؤون دولية أول,1st International Affaires Researcher
2539,283,3,1,باحث شؤون دولية ثالث,Third International Affairs Researcher
2540,283,3,1,باحث شؤون دولية ثاني,2nd International Affaires Researcher
2186,283,3,1,باحث شؤون فنية أول,1st  Technical Affairs Researcher
2184,283,3,1,باحث شؤون فنية ثالث,3rd Technical Affairs Researcher
2185,283,3,1,باحث شؤون فنية ثاني,2nd  Technical Affairs Researcher
1248,263,3,1,باحث شؤون مالية أول,1st Financial Affairs Researcher
1246,263,3,1,باحث شؤون مالية ثالث,3rd Financial Affairs Researcher
1247,263,3,1,باحث شؤون مالية ثاني,2nd Financial Affairs Researcher
3985,283,3,1,باحث شؤون معلمين ثالث,Third Teacher Affairs Researcher
3643,283,3,1,باحث شؤون موظفين اول,1st Personnel Affairs Researcher
3641,283,3,1,باحث شؤون موظفين ثالث,3rd Personnel Affairs Researcher
3642,283,3,1,باحث شؤون موظفين ثاني,2nd Personnel Affairs Researcher
610,107,3,1,باحث شئون ادارية,Adminiatrative researcher
1499,283,3,1,باحث شئون منظمات دولية أول,1st Organization Affairs Recearher
1497,283,3,1,باحث شئون منظمات دولية ثالث,3rd Organization Affairs Recearher
1498,283,3,1,باحث شئون منظمات دولية ثاني,2nd Organization Affairs Recearher
2874,283,5,1,باحث صحة وسلامة أول,Health and Safety First Researcher
3475,283,3,1,باحث صحة وسلامة ثاني,2nd Health and Safety Researcher
3986,283,3,1,باحث علاج طبيعي أول,Senior Physiotherapy Researcher
4099,283,3,1,باحث علاج نطق ولغة أول,Senior Speech and Language Therapy Researcher
3987,283,3,1,باحث علاج نطق ولغة ثاني,Second Speech and Language Therapy Researcher
3988,283,3,1,باحث علاج وظيفي أول,Senior Occupational Therapy Researcher
3886,283,3,1,باحث في نظام التعليم الفرنسي ودول المغرب العربي,French and Arab Maghreb Countries Education System Researcher
3989,283,3,1,باحث في نظام التعليم الفرنسي ودول المغرب العربي ثالث,Third Researcher in French Education System and Arab Maghreb Countries
4326,53,3,1,باحث قانوني,Legal Researcher
1342,53,3,1,باحث قانوني أول,1st Legal Researcher
1341,53,3,1,باحث قانوني ثاني,2nd Legal Researcher
4912,53,3,1,باحث قانوني عقود ثالث,rd Legal Researcher (Contracts)3
4848,283,3,1,باحث مدارس حكومية أول,First Public School’s Researcher
3990,283,3,1,باحث مدارس حكومية ثالث,Third Public School Researcher
4088,283,3,1,باحث مدارس حكومية ثاني,2nd Public Schools Researcher
1744,283,3,1,باحث مدارس خاصة ثالث,3rd Private Schools Researcher
1745,283,3,1,باحث مدارس خاصة ثاني,2nd Private Schools Researcher
4054,283,3,1,باحث مراكز تعليمية وتدريبية أول,Senior Education and Training Center Researcher
4265,283,3,1,باحث مشاريع,Project Researcher
3991,283,3,1,باحث مشاريع أول,Senior Project Researcher
4910,283,3,1,باحث مشاريع ثاني,2nd Project Researcher
2028,263,3,1,باحث مشتريات أول,1st Purchasing Researcher
2026,263,3,1,باحث مشتريات ثالث,3rd Purchasing Researcher
2027,263,3,1,باحث مشتريات ثاني,2nd Purchasing Researcher
2200,283,3,1,باحث مصادر تعلم أول,1st Learning Resources Researcher
2198,283,3,1,باحث مصادر تعلم ثالث,3rd Learning Resources Researcher
2199,283,3,1,باحث مصادر تعلم ثاني,2nd Learning Resources Researcher
1881,283,3,1,باحث معادلة درجات أول,1st Grades Equivalence Researcher
1886,283,3,1,باحث معادلة شهادت ثالث,3rd Certificates Equivalency Researcher
1887,283,3,1,باحث معادلة شهادت ثاني,2nd Certificates Equivalency Researcher
1713,283,3,1,باحث معايير الدعم تعليمي اضافي ثالث,3rd Additional Educational Support Standards Researcher
4022,283,3,1,باحث معايير العلوم الاجتماعية أول,Senior Social Science Standards Researcher
3992,283,3,1,باحث معايير اللغة الإنجليزية أول,Senior English Standards Researcher
1731,283,3,1,باحث معايير علوم أول,1st Science Standards Researcher
4096,283,3,1,باحث معايير علوم اجتماعية أول,Senior Social Science Standards Researcher
3993,283,3,1,باحث معايير علوم اجتماعية ثاني,Second Social Science Standards Researcher
3994,283,3,1,باحث معايير لغة عربية ثاني,Second Arabic Standards Researcher
4097,283,3,1,باحث معايير لغة عربيه أول,Senior Arabic Language Standards Researcher
1723,283,3,1,باحث معايير مناهج رياضيات ثالث,3rd Mathematics Curriculum Standards Researcher
1720,283,3,1,باحث معايير مناهج لغة إنجليزية ثالث,3rd English Language Curriculum Standards Researcher
1719,283,3,1,باحث معايير مناهج لغة عربية أول,1st Arabic Language Curriculum Standards Researcher
1717,283,3,1,باحث معايير مناهج لغة عربية ثالث,3rd Arabic Language Curriculum Standards Researcher
1743,283,3,1,باحث معاييرتكنولوجيا معلومات أول,1st Information Technology Standards Researcher
3601,283,3,1,باحث معماري ثالث,3rd Architecture Researcher
4865,283,3,1,باحث معماري ثاني,2nd Architectural Researcher
4069,283,3,1,باحث مناهج تاريخ أول,Senior History Curriculum Researcher
4071,283,3,1,باحث مناهج تاريخ ثالث,3rd History Curriculum Researcher
4070,283,3,1,باحث مناهج تاريخ ثاني,2nd History Curriculum Researcher
1722,283,3,1,باحث مناهج لغة إنجليزية  أول,1st English Language  Standards Researcher
3849,283,3,1,باحث مناهج مهارات حياتية أول,Senior Life Skills Curriculum Researcher
3657,283,3,1,باحث مناهج مهارات حياتية ثاني,2nd Curriculum Life Skills Researcher
4178,73,3,2,باحث منظمات دولية ثالث,3rd International Organization Researcher
3995,283,3,1,باحث منظمات دولية وإقليمية ثاني,Second International and Regional Organizations Researcher
4091,283,3,1,باحث منظمات دوليه وإقليمية أول,Senior International and Regional Organizations Researcher
3996,283,3,1,باحث ميدان أول,Senior Field Researcher
3997,283,3,1,باحث ميدان ثالث,Third Field Researcher
3998,283,3,1,باحث ميدان ثاني,Second Field Researcher
2529,283,3,1,باحث ميداني أول,1st Field Researcher
2527,283,3,1,باحث ميداني ثالث,3rd Field researcher
2528,283,3,1,باحث ميداني ثاني,2nd Field Researcher
4090,283,3,1,باحث نظم معلومات أول,Senior Information Systems Researcher
3911,63,3,1,باحث نظم معلومات ثالث,3rd Information Systems Researcher
3599,63,3,1,باحث نظم معلومات ثاني,2nd Information Systems Researcher
4261,147,5,2,برنامج تمكين,Empowerment Program
2179,55,3,1,حارس أول,1st Guard
2177,55,3,1,حارس ثالث,3rd Guard
2178,55,3,1,حارس ثاني,2n Guard
2176,55,3,1,حارس رابع,4th Guard
141,283,3,1,خبير,Expert
1912,283,3,1,خبير  إرشاد وتطوير مهني,Guidance and professional Development Expert
1798,173,3,1,خبير  إعلامي,Media Expert
3597,283,4,1,خبير  تقييم طلبة تربية إسلامية,Student Assessment Specialist - Islamic Education Expert
3595,283,4,1,خبير  تقييم طلبة تربية إسلامية أول,Senior Student Assessment Specialist - Islamic Education Expert
2388,283,3,1,خبير أتفاقات,Agreements Expert
3885,283,3,1,خبير أتفاقات أول,Senior Agreements Expert
3739,283,4,1,خبير أكاديمي,Academic Expert
3640,283,3,1,خبير أنشطة,Activities and Events Expert
3449,283,3,1,خبير أول,Senior Expert
3613,283,3,1,خبير أول تراخيص مدارس خاصة,1st Private School Licensing Expert
3677,283,3,1,خبير إحصاء وتحليل بيانات,Statistics and Data Analysis Expert
4233,283,2,1,خبير إحصاء وتحليل بيانات أول,Senior Statistics and Data Analysis Expert
1753,283,3,1,خبير إداري,Administrative Expert
3409,283,,1,خبير إداري أول,Senior Administrative Expert
1805,283,3,1,خبير إرشاد,Guidance Expert
2630,283,3,1,خبير إرشاد طلابي,Student Counseling Expert
3791,283,4,1,خبير إسكان أول,First Housing Expert
4232,283,2,1,خبير إعلامي أول,Senior Media Expert
1784,163,3,1,خبير اتصال ومعلومات,Communication and Information Expert
3391,163,3,1,خبير اتصال ومعلومات أول,1st Communication and Information Expert
3460,283,3,1,خبير اجتماعي,Social Expert
3463,283,,1,خبير اجتماعي أول,Senior social expert
3404,283,3,1,خبير ارشاد طلابي أول,Senior Student Counseling Expert
3714,283,3,1,خبير ارشاد وتطوير مهني,Guidance and Professional Development Expert
3718,283,3,1,خبير ارشاد وتطوير مهني أول,First Guidance and Professional Development Expert
3757,283,3,1,خبير استشاري سياسات وأبحاث تربوية,Educational Policy and Research Consultant
4225,283,4,1,خبير اعتماد أكاديمي أول,Senior Academic Accreditation Expert
2868,283,3,1,خبير امن وسلامة,Security and Safety Expert
3615,283,3,1,خبير امن وسلامة أول,First Safety and Security Expert
3483,283,3,1,خبير انشطة أول,Senior Activity Expert
3250,283,3,1,خبير انشطة كشفية,Scout Activities Expert
3401,283,,1,خبير انشطة كشفية أول,1st Scout Activities Expert
3761,283,4,3,خبير بحث علمي,Scientific Research Expert
3741,283,3,1,خبير برامج,Software Expert
3606,283,3,1,خبير بروتوكول,Protocol Expert
3607,283,3,1,خبير بروتوكول  أول,1st Protocol Expert
1924,283,3,1,خبير بعثات,Scholarship Expert
3406,283,3,1,خبير بعثات أول,Senior Scholarships Expert
2279,63,3,1,خبير تجهيزات,Supplies Expert
3672,63,3,1,خبير تجهيزات أول,First Supplies Expert
3117,283,3,1,خبير تحليل بيانات,DATA ANALYSIS EXPERT
3754,283,3,1,خبير تحليل بيانات وإحصاء,Data Analysis and Statistics Expert
2196,283,3,1,خبير تحليل سياسات,Policies Analysis Expert
3917,283,3,1,خبير تخطيط استراتيجي وحوكمة,Strategic Planning and Governance Expert
4190,283,3,1,خبير تخطيط برامج تدريبية,Training Programs Planning Expert
3914,283,3,1,خبير تخطيط وسياسات,Planning and Policy Expert
1972,283,3,1,خبير تدريب,Training Expert
3999,283,3,1,خبير تدريب لغة عربية,Arabic Training Expert
2876,283,3,2,خبير تدريب وتطوير,Training and Development Expert
3510,283,3,1,خبير تدريب وتنمية قدرات,Training and Capacity Development Expert
3712,283,3,1,خبير تدريب وتنمية قدرات أول,First Training and Capacity Development Expert
4162,283,3,1,خبير تدقيق لغة عربية,Arabic Proofreader Expert
4000,283,3,1,خبير تدقيق مالي أول,Senior Financial Audit Expert
3922,283,3,1,خبير تراخيص دور حضانة,Nursery Licensing Expert
4266,283,3,1,خبير تراخيص دور حضانة أول,Senior Nurseries Licensing Expert
3372,283,,1,خبير تراخيص مؤسسات اكاديمية أول,First Academic Institutions Licensing Expert
3612,283,3,1,خبير تراخيص مدارس خاصة,Private School Licensing Expert
3458,283,3,1,خبير تربوي أول,Senior Educational Expert
4884,283,2,1,خبير تربية بدنية,Physical Education Expert
4124,283,2,1,خبير تربية خاصة,Special Education Expert
3435,283,2,1,خبير تربية خاصة اول,Senior Special Education Expert
1749,283,3,1,خبير تطوير مهني,Professional Development Expert
4237,283,2,1,خبير تعاون دولي,International Cooperation Expert
2483,113,3,1,خبير تعليم,Education Expert
3389,283,3,1,خبير تعليم أول,Senior Education Expert
4852,113,3,1,خبير تعليم إلكتروني أول,Senior E-learning Expert
4043,113,2,1,خبير تعليم الكتروني,E-learning Expert
4244,113,3,1,خبير تعليم تقني,Technical Education Expert
4305,283,3,1,خبير تعليم تقني أول,Senior Technical Education Expert
3828,113,3,1,خبير تعليم كبار,Adult Education Expert
4245,113,3,1,خبير تعليم كبار اول,Senior Adult Education Expert
3840,283,3,1,خبير تفتيش دور حضانة,Nursery Inspection Expert
3818,283,3,1,خبير تفتيش دور حضانة أول,1st Nursery Inspection Expert
1862,283,3,1,خبير تقييم,Evaluation Expert
3412,283,3,1,خبير تقييم أول,"1,st Evaluation Expert"
2416,283,3,1,خبير تقييم طلبة,Students Assessment Expert
3496,283,3,1,خبير تقييم طلبة أول,"1,st Students Assessment Expert"
3561,283,4,1,خبير تقييم طلبة لغة انجليزية,Student Assessment Expert - English
3682,283,4,1,خبير تقييم طلبة لغة انجليزية أول,First Student Assessment Expert - English
1851,283,3,1,خبير تقييم مادة,Subject Evaluation Expert
4207,283,3,1,خبير تقييم مادة أول,Senior Subject Evaluation Expert
4170,283,4,1,خبير تقييم مادة الدراسات الاجتماعية أول,Senior Social Studies Evaluation Expert
1079,283,3,1,خبير تقييم مدارس,School Evaluation Expert
2417,283,3,1,خبير تقييم مدارس,School Evaluation Expert
3400,283,3,1,خبير تقييم مدارس أول,1st School Evaluation Expert
4074,283,3,1,خبير تنسيق قاعدة بيانات,Database Coordination Expert
2877,283,3,2,خبير تواصل اجتماعي,Social communication Expert
3562,283,4,1,خبير توجية تاريخ قطر,Qatar History Supervision Expert
3590,283,4,1,خبير توجيه إدارة أعمال أول,Senior Business Administration Supervision Expert
4914,113,3,1,خبير توجيه إدارة اعمال,Business administration supervision expert
3563,283,4,1,خبير توجيه اجتماعيات,Social Sciences Supervision Expert
3827,283,4,1,خبير توجيه اجتماعيات أول,First Social Studies Supervision Expert
3589,283,4,1,خبير توجيه ارشاد أكاديمي أول,Senior Academic Counselling Supervision Expert
3635,283,4,1,خبير توجيه ارشاد اكاديمي,Expert Academic Counseling Supervision
3596,283,4,1,خبير توجيه تاريخ قطر أول,Senior Qatar History Supervision Expert
3564,283,4,1,خبير توجيه تربوي,Education Supervision Expert
3673,283,4,1,خبير توجيه تربوي أول,First Educational Supervision Expert
3591,283,4,1,خبير توجيه تربية إسلامية,Islamic Education Supervision Expert
3548,283,4,1,خبير توجيه تربية إسلامية أول,Senior Islamic Education Supervision Expert
3565,283,4,1,خبير توجيه تربية بدنية,Physical Education Supervision Expert
3592,283,4,1,خبير توجيه تربية بدنية أول,Physical Education Supervision Expert
3566,283,4,1,خبير توجيه تربية خاصة,Special Education Supervision Expert
4044,113,2,1,خبير توجيه تعليم مبكر رياض أطفال,Early Education Kindergarten Supervision Expert
4045,113,2,1,خبير توجيه تعليم مبكر رياض أطفال اول,Senior Early Education Kindergarten Supervision Expert
4046,113,2,1,خبير توجيه تعليم مبكر لغة انجليزية,English Language Early Education Supervision Expert
4047,113,2,1,خبير توجيه تعليم مبكر لغة انجليزية اول,Senior English Language Early Education Supervision Expert
4048,113,2,1,خبير توجيه تعليم مبكر مسار ادبي,"Early Education Supervision Expert, (Arabic, Islamic Studies and Social Sciences)"
4049,113,2,1,خبير توجيه تعليم مبكر مسار ادبي اول,"Senior Early Education Supervision Expert, (Arabic, Islamic Studies and Social Sciences)"
4050,113,2,1,خبير توجيه تعليم مبكر مسار علمي اول,"Senior Early Education Supervision Expert, (Science, math and English)"
3921,283,4,1,خبير توجيه تكنلوجيا معلومات اول,Senior Information Technology Supervision Expert
3636,283,4,1,خبير توجيه تكنولوجيا معلومات,Information Technology Supervision Expert
4051,283,2,1,خبير توجيه دراسات اجتماعية اول,Senior Social Sciences Supervision Expert
3567,283,4,1,خبير توجيه رياض أطفال,Kindergarten Supervision Expert
3771,283,4,1,خبير توجيه رياض أطفال أول,Senior Kindergarten Supervision Expert
3568,283,4,1,خبير توجيه رياضيات,Mathematics Supervision Expert
3675,283,4,1,خبير توجيه رياضيات أول,First Mathematics Supervision Expert
3653,283,4,1,خبير توجيه علوم,Science Supervision Expert
3825,283,4,1,خبير توجيه علوم أول,First Science supervision Expert
3569,283,4,1,خبير توجيه فنون بصرية ومسرح,Visual Atrs and Drama Supervision Expert
3593,283,4,1,خبير توجيه فنون بصرية ومسرح  أول,Senior Visual Atrs and Drama Supervision Expert
3668,283,4,1,خبير توجيه فنون بصريه,Visual Art Supervision Expert
4234,283,2,1,خبير توجيه لغة إنجليزية أول,Senior English Language Supervision Expert
4873,283,2,1,خبير توجيه لغة إنجليزية طفولة,Childhood English Language Supervision Expert
4878,113,2,1,خبير توجيه لغة إنجليزية طفولة اول,Senior Childhood English Language Supervision Expert
3669,283,4,1,خبير توجيه لغة انجليزيه,English Supervision Expert
3570,283,4,1,خبير توجيه لغة عربية,Arabic Supervision Expert
3559,283,4,1,خبير توجيه لغة عربية أول,Senior Arabic Supervision Expert
4308,33,2,1,خبير توجيه مختبرات علوم أول,Senior School Lab Curriculum Science Supervision Expert
3571,283,4,1,خبير توجيه مسار أدبي,Literary Stream Supervision Expert
3594,283,4,1,خبير توجيه مسار أدبي أول,Senior Literary Stream Supervision Expert
3572,283,4,1,خبير توجيه مصادر تعلم,Learning Resources Supervision Expert
4052,113,3,1,خبير توجيه مصادر تعلم اول,Senior Learning Resources Supervision Expert
3573,283,4,1,خبير توجيه مناهج,Curriculum Supervsion Expert
3667,283,4,1,خبير توجيه مناهج أول,First Curriculum Supervsion Expert
4153,283,4,1,خبير توجيه مهارات حياتية أول,Senior Life Skills Supervision Expert
3634,283,4,1,خبير توجيه  تعليم مبكر,Early Education Supervision Expert
3820,283,4,1,خبير توجيه  تعليم مبكر أول,Senior Early Education Supervision Expert
3665,283,3,1,خبير ثقافي,Cultural Expert
4078,283,3,1,خبير ثقافي أول,Senior Cultural Expert
3638,283,3,1,خبير جرافيك,Graphic Expert
4147,63,3,1,خبير جرافيك اول,Senior Graphic Expert
3758,283,3,1,خبير جودة,Quality Expert
3833,283,3,1,خبير جودة أول,First Quality Expert
2624,283,,1,خبير دراسات دولية,International Studies expert
3676,283,3,1,خبير دراسات دوليه أول,First International Studies Expert
2272,283,3,1,خبير رخص مهنية,Professional Licenses Expert
2896,283,3,1,خبير رياض أطفال,Kindergarten Expert
2538,283,3,1,خبير سكرتارية,Secretary  Expert
3711,283,3,1,خبير سكرتارية أول,First Secretary Expert
3273,283,3,1,خبير سياسات وابحاث,Policy and Research Expert
3856,283,3,1,خبير سياسات وابحاث أول,First Policy and Research Expert
2533,283,3,1,خبير شؤون إدارية,Administrative Affairs Expert
3371,283,3,1,خبير شؤون ادارية أول,First Administrative Affairs Expert
3598,283,3,1,خبير شؤون خدمة الجمهور,Public Service Affairs Exper
3826,283,3,1,خبير شؤون خدمة الجمهور أول,First Customer Service Expert
2866,283,3,1,خبير شؤون فنية,Technical Affairs Expert
3115,263,3,1,خبير شؤون مالية,FINANCIL AFFAIRS EXPERT
2799,283,3,1,خبير شؤون معلمين,Teachers Affairs Expert
3408,283,3,1,خبير شؤون معلمين أول,First Teachers Affairs Expert
2632,213,3,1,خبير شؤون منظمات دولية,Organizations Expert
3386,283,3,1,خبير شؤون منظمات دولية أول,First Organizations Expert
3457,283,3,1,خبير شؤون موظفين,Personnel Affairs Experts
3646,283,3,1,خبير شؤون موظفين,Personnel Affairs Expert
3647,283,3,1,خبير شؤون موظفين أول,1st Personnel Affairs Expert
2871,283,3,1,خبير صحة وسلامة,Health and Safety Expert
3459,283,3,1,خبير صحة وسلامة أول,Senior Health and Safety Expert
1791,163,3,1,خبير علاقات عامة,Public Relations Expert
3414,283,3,1,خبير علاقات عامة اول,Senior Public Relations Expert
727,283,3,1,خبير قانوني,Legal Expert
1757,283,3,1,خبير قانوني,Legal Expert
3375,283,3,1,خبير قانوني أول,Senior Legal Expert
3744,283,3,1,خبير قوى عاملة,Manpower expert
1755,263,3,1,خبير مالي,Financial Expert
4028,263,3,1,خبير مالي أول,Senior Financial Expert
4137,283,3,1,خبير مخازن,Wearhouse Expert
4175,283,3,1,خبير مخازن أول,Senior Warehouses Expert
4263,283,4,3,خبير مختبرات علوم أول,Senior Science Laboratory Expert
1876,283,3,1,خبير مدارس,Schools Expert
3507,283,3,1,خبير مدارس اول,1st Schools Expert
1877,283,3,1,خبير مدارس خاصة,Private Schools Expert
3388,283,3,1,خبير مدارس خاصة أول,Senior Private Schools Expert
1898,283,3,1,خبير مراكز تعليمية وتدريبية,Educational and Training Centers Expert
3678,283,3,1,خبير مستودع أول,First Warehouse Expert
2471,63,3,1,خبير مشاريع,Projects Expert
3462,283,3,1,خبير مشاريع أول,1st Projects Expert
2031,283,3,1,خبير مشتريات,Purchasing Expert
3476,283,3,1,خبير مشتريات أول,Senior Purchasing Expert
2203,283,3,1,خبير مصادر تعلم,Learning Resources Expert
3735,283,3,1,خبير معادلة الشهادات,Certificate Equivalency Expert
1891,283,3,1,خبير معادلة شهادات,Certificates Equivalency Expert
4001,283,3,1,خبير معادلة شهادات أول,Senior Certificate Equivalency Expert
1860,283,3,1,خبير مناهج,Curriculum Expert
4084,283,3,1,خبير مناهج أول,Senior Curriculum Expert
3659,283,4,1,خبير مناهج دراسات اجتماعية أول,1st Curriculum Social Studies Expert
3855,283,4,3,خبير مناهج فيزياء,Physics Curriculum Expert
4255,283,4,3,خبير مناهج فيزياء  أول,Senior Physics Curriculum Expert
4859,113,3,1,خبير مناهج لغة إنجليزية أول,Senior English Language Curriculum Expert
3762,283,4,3,خبير مناهج لغة انجليزية,English Curriculum Expert
3684,283,4,1,خبير مناهج لغة عربية أول,First Arabic Curriculum Expert
4179,13,2,1,خبير مهندسي مباني اول,Senior Building Engineers Expert
2442,283,3,1,خبير ميدان,Field Expert
3402,283,3,1,خبير ميدان أول,Senior Field Expert
3452,63,3,1,خبير نظم معلومات,Information Systems Expert
3466,283,3,1,خبير نظم معلومات أول,1st Information Systems Expert
3230,283,3,1,خبير هندسة زراعية,Agricultural Engineering Expert
3674,283,3,1,خبير هندسه زراعيه أول,First Agricultural Engineering Expert
1759,13,3,1,خبير هندسي,Engineering Expert
3405,13,3,1,خبير هندسي أول,Senior Engineering Expert
4198,283,2,1,خبير هندسي مدني,Civil Engineering Expert
2236,223,3,1,خبير وثائق,Documents Expert
3713,283,3,1,خبير وثائق أول,First Documents  Expert
871,55,3,1,خياط أول,1st Tailor
3378,147,5,2,دبلوم,Diploma
4854,22,3,1,رئيس اللجنة الوطنية للمؤهلات والاعتماد الأكاديمي,Chairman of the National Committee for Qualifications and Academic Accreditation
1451,22,3,1,رئيس قسم إدارة المرافق,Head of Facility Management Section
3427,22,3,1,رئيس قسم ارشاد الطلبة,Head of Student Counseling Section
1487,22,3,1,رئيس قسم الاحصاء,Head of Statistics Section
3425,22,3,1,رئيس قسم الارشاد الاكاديمي,Head of Academic Counseling Section
292,22,3,1,رئيس قسم الاستعلامات,Head of Inquiry Section
1449,22,3,1,رئيس قسم الاسكان,Head of Housing Section
4140,22,3,1,رئيس قسم الاشراف على مراكز الخدمات التعليمية,Head of Education Centers Supervision Section
3332,22,,1,رئيس قسم الاشراف والدعم,Head of Supervision and Suupport Section
3113,22,3,1,رئيس قسم الاعلام,HEAD OF MEDIA SECTION
3419,22,,1,رئيس قسم الانشطة والبرامج,Head of Programmes and ActivitiesSection
3574,22,4,1,رئيس قسم البحث العلمي,Head of Research Section
3755,22,3,1,رئيس قسم التخطيط الإستراتيجي,Head of the Strategic Planning Section
3421,22,,1,رئيس قسم التخطيط والدعم,Head of Planning and Support Section
4187,22,3,1,رئيس قسم التدريب التربوي,Head of Educational Training Section
2819,22,3,1,رئيس قسم التدريب والتطوير,Head of Training and Development Section
3578,22,4,1,رئيس قسم التدريب وتنمية القدرات,Head of Training and Capacity Building Section
3579,22,4,1,رئيس قسم التربية البدنية,Head of Physical Education Section
3443,22,3,1,رئيس قسم التربية الخاصة,Head of Special Education Section
1453,22,3,1,رئيس قسم الترجمة,Head of Tranlation Section
1460,22,3,1,رئيس قسم التطبيقات,Head of Applications Section
3575,22,4,1,رئيس قسم التعليم المبكر التأسيسي,Head of Early Education Foundation Section
3428,22,,1,رئيس قسم التعليم المهني والتقني,Head of Technical and Vocational Education Section
2260,22,3,1,رئيس قسم التغذية,Head of Diet Section
300,22,3,1,رئيس قسم التكييف والتبريد,Head of Cooling and A/C Section
3315,22,3,1,رئيس قسم الجودة,Head of Quality Section
3756,22,3,1,رئيس قسم الجودة,Head of Quality Section
1446,22,3,1,رئيس قسم الخدمات العامة,Head of Public Services Section
1444,22,3,1,رئيس قسم الخزينة والشيكات,Head of Treasury and Checks Section
3479,22,3,1,رئيس قسم الدراسات القانونية والعقود,Head of Legal Studies and Contracts Section
3422,22,,1,رئيس قسم الرخص والمعايير المهنية,Head of Professional Licences and Standards
1439,22,3,1,رئيس قسم الرواتب والأجور,Head of Payroll and Wages Section
308,22,3,1,رئيس قسم السفريات,Head of Travel Section
3219,22,3,1,رئيس قسم السياسات والابحاث التربوية,Head Policy and Educational Research Section
3469,22,3,1,رئيس قسم الشؤون الاسيوية والافريقية,Head of Asian and African Affairs
3213,22,3,1,رئيس قسم الشؤون الاوربية والامريكية,Head of European and American Affairs Section
551,22,3,1,رئيس قسم الشئون العربية والاسلامية,Head of Arabic and Islamic Affairs Dept.
2818,22,3,1,رئيس قسم العلاقات الحكومية,Head of Government Relation Section
1481,22,3,1,رئيس قسم العلاقات العامة,Head of Public Relations Section
3582,22,4,1,رئيس قسم العلوم الاجتماعية,Head of Social Science Section
3583,22,4,1,رئيس قسم العلوم الشرعية,Head of Islamic Education Section
1464,22,3,1,رئيس قسم العمليات,Head of Operations Section
3584,22,4,1,رئيس قسم الفنون البصرية والمسرح,Head of Visual Literary and Drama Section
3478,22,3,1,رئيس قسم القضايا والتحقيقات,Head of Cases and Investigations Section
3585,22,4,1,رئيس قسم اللغة الانجليزية,Head of English Section
3586,22,4,1,رئيس قسم اللغة العربية,Head of Arabic Section
314,22,3,1,رئيس قسم الليلي والمنازل,Head of Night and External Students Section
1442,22,3,1,رئيس قسم المحاسبة,Head of Accounting Section
315,22,3,1,رئيس قسم المخازن العامة,Head of General Stores Section
1450,22,3,1,رئيس قسم المشتريات والعقود,Head of Procurement  and Contracts Section
3576,22,4,1,رئيس قسم المواد الدراسية,Head of Subjects Section
1443,22,3,1,رئيس قسم الموازنة,Head of Budgetary Section
2817,22,3,1,رئيس قسم النقليات,Head of Transportation Section
3688,22,3,1,رئيس قسم اليونسكو,Head of the UNESCO Section
3505,22,3,1,رئيس قسم بيانات وسجلات الطلبة,Head of Student Data and Records Section
2786,22,3,1,رئيس قسم تخطيط البرامج التدريبية,Head of Training Programs Planning Section
4898,22,3,1,رئيس قسم تدريب إدارى,Head of  Administrative Training Section
4067,22,3,1,رئيس قسم تراخيص المراكز التعليمية,Head of Educational Centers Licensing Section
323,22,3,1,رئيس قسم تعليم الكبار,Head of Adult Education Section
3502,22,4,1,رئيس قسم تقييم التعليم المبكر,Head of the Early Education Assessment Section
3503,22,3,1,رئيس قسم تقييم المدارس الحكومية,Head of the Public Schools Evaluation Section
3504,22,3,1,رئيس قسم تقييم المدارس الخاصة,Head of the Private Schools Assessment Section
3500,22,4,1,رئيس قسم تقييم المواد الأدبية,Head of the Humanities Assessment Section
3501,22,4,1,رئيس قسم تقييم المواد العلمية,Head of the Science Assessment Section
3120,22,3,1,رئيس قسم تمويل المدارس,Head of Schools Finance Section
2785,22,3,1,رئيس قسم خدمة العملاء,Head of Customer Service Section
1472,22,3,1,رئيس قسم دعم المستخدمين,Head of Users Support Section
3806,22,,1,رئيس قسم دور الحضانة,Head of the Nursery Section
2261,22,3,1,رئيس قسم رعاية الطلاب,Head of Students Welfare Section
3455,22,3,1,رئيس قسم رعاية الموهوبين,Head of Gifted and Talented Section
3577,22,4,1,رئيس قسم رياض الأطفال,Head of Kindergarten Section
3420,22,3,1,رئيس قسم رياض الاطفال,Head of Kindergarten Section
620,22,3,1,رئيس قسم سيارات الدوحة,Head of Doha Automobile Dept.
3499,22,4,1,رئيس قسم شؤون الاختبارات,Head of Examination Affairs Section
1438,22,3,1,رئيس قسم شئون الموظفين,Head of Personnels Section
3424,22,3,1,رئيس قسم قبول وتسجيل الطلبة,Head of Student Admission and Registration Section
3687,22,3,1,رئيس قسم مصادر التعلم,Head of Learning Resources Section
3506,22,3,1,رئيس قسم معادلة وتصديق الشهادات المدرسية,Head of the School Certificates Equivalency and Attestation Section
331,22,3,1,رئيس مراقبي الحراس,Head of Watchmen Control Section
3915,283,3,1,رئيس مفتشي صيانة مباني,Inspector Chief Building Maintenance
3916,283,3,1,رئيس مفتشي صيانة مباني أول,Senior Building Maintenance Inspector
3580,22,4,1,رئيسة قسم الرياضيات,Head of Mathematics Section
3581,22,4,1,رئيسة قسم العلوم,Head of Science Section
1647,74,3,1,رسام أول,1st Artist
1645,74,3,1,رسام ثالث,3rd Artist
3769,14,3,1,رسام هندسي أول,Senior Engineering Drafter
13,19,5,1,سائق,Driver
4002,25,3,1,سائق أول,Senior Driver
4003,25,3,1,سائق خامس,Fifth Driver
1978,25,3,1,سائق خفيف أول,1st Light Driver
1976,25,3,1,سائق خفيف ثالث,3rd Light Driver
4004,25,3,1,سائق خفيف خامس,Fifth Light Driver
4005,25,3,1,سائق رابع,Fourth Light Driver
4271,25,3,1,سائق نقل خفيف سادس,6th Light vehicle Driver
888,283,3,1,سكرتير أول,Senior Secretary
332,283,3,1,سكرتير ادارة,Department Secretary
3078,283,,1,سكرتير تنفيذي,Executive Secretary
1238,283,3,1,سكرتير تنفيذي أول,1st Executive Secretary
1236,283,3,1,سكرتير تنفيذي ثالث,3rd Executive Secretary
1237,283,3,1,سكرتير تنفيذي ثاني,2nd Executive Secretary
2736,283,5,2,سكرتير ثالث,3rd Secretary
2737,283,5,2,سكرتير ثان,2nd Secretary
1216,74,3,1,سكرتير رابع,Fourth Secretary
333,17,5,2,سكرتير مدرسة,School Secretary
4058,17,5,2,سكرتير مدرسة – احتياط,Reserve School Secretary
4292,163,5,1,ضابط اتصال,Communication  Clerk
4291,163,5,3,ضابط الفرقة الكشفية والانضباط المدرسي,Scout Group and School Discipline Officer
1667,64,3,1,طابع أول,1st Typist
3345,37,7,2,طابع برايل,Braille Typist
3355,28,5,2,طابع برايل,Braille Typist
1665,64,3,1,طابع ثالث,3rd Typist
1666,64,3,1,طابع ثاني,2nd Typist
1664,64,3,1,طابع رابع,4th Typist
4890,64,4,1,طالب مبتعث,Scholarship Student
1063,57,5,2,طبيب,Doctor
3433,283,,2,طبيب,Physician
3909,57,5,2,طبيب زائر,Visiting Physician
3377,147,5,2,طموح,Ambition
257,55,5,1,عامل,Worker
2059,55,3,1,عامل باص رابع,4th Bus driver
2129,55,3,1,عامل بدالة أول,1st Operator
2127,55,3,1,عامل بدالة ثالث,3rd Operator
2126,55,3,1,عامل بدالة رابع,4th Operator
2293,55,3,1,عامل تصوير ثالث,3rd Office Boy
928,267,5,2,عامل خدمات,Services Worker
1827,55,3,1,عامل خدمات أول,1st worker
2738,55,5,2,عامل خدمات اول,1st Service Worker
1825,55,3,1,عامل خدمات ثالث,3rd worker
1128,283,3,1,عامل خدمات ثاني,Second Services Worker
1218,19,5,1,عامل خدمات ثاني,"Second ""Services"" Helper"
1826,55,3,1,عامل خدمات ثاني,2nd worker
3733,55,3,1,عامل خدمات خامس,Fifth Services Worker
1824,55,3,1,عامل خدمات رابع,4th worker
2740,55,5,2,عامل خدمات رابع,4th Service Worker
4006,55,3,1,عامل خدمات سادس,Sixth Service Worker
4007,55,3,1,عامل صيانة رابع,Fourth Maintenance Worker
3442,283,,1,عامل صيانه ثالث,Third Maintenance Worker
2365,15,3,1,عامل فني تجليد ثالث,3rd Bookbinder
2301,15,3,1,عامل فني ثالث,3rd Technician
2300,15,3,1,عامل فني رابع,4th Technician
2373,15,3,1,عامل فني صيانة ثالث,3rd Maintenance Technician
4138,55,5,2,عامل فني فك وتركيب رابع,Installation and Uninstallation Technician
1929,55,3,1,عامل ملفات أول,1st Files Clerk
1927,55,3,1,عامل ملفات ثالث,3rd Files Clerk
1928,55,3,1,عامل ملفات ثاني,2nd Files Clerk
4845,55,3,3,عامل ملفات خامس,5th Files Clerk
1926,55,3,1,عامل ملفات رابع,4th Files Clerk
4171,55,3,3,عامل ملفات سادس,6th Filing Worker
4030,19,5,1,عاملة العناية بالأطفال,Child Care Worker
3116,14,3,1,فنى بناء ثالث,3rd Costruction Technician
4101,283,3,1,فنى بناء ثاني,2nd Construction Technician
1571,24,3,1,فني اتصالات أول,1st Communication Technician
1569,24,3,1,فني اتصالات ثالث,3rd Communication Technician
1570,24,3,1,فني اتصالات ثاني,2nd Communication Technician
358,55,3,1,فني تجليد,Binding Technician
4085,197,3,2,فني تقني,IT Technician
4307,37,3,2,فني تقني معلومات,IT Technician
3042,197,5,2,فني تقنية معلومات,IT Technician
4118,63,5,2,فني تقنية معلومات أول,1st Information Technology Technician
4008,24,5,2,فني تقنية معلومات ثالث,Third Information Technology Technician
4009,63,5,2,فني تقنية معلومات ثاني,Second Information Technology Technician
1505,14,3,1,فني تكييف وتبريد أول,1st  Air condition Technician
1503,14,3,1,فني تكييف وتبريد ثالث,3rd Air condition Technician
1504,14,3,1,فني تكييف وتبريد ثاني,2nd Air condition Technician
1502,14,3,1,فني تكييف وتبريد رابع,4th Air condition Technician
1547,24,3,1,فني حاسب آلي  أول,1st Computer Technician
1545,24,3,1,فني حاسب آلي  ثالث,3rd Computer Technician
1546,24,3,1,فني حاسب آلي  ثاني,2nd Computer Technician
1511,14,3,1,فني حدادة ثالث,3rd Blacksmith Technician
2830,15,3,1,فني خراطة وبرادة ثاني,2nd Turning and Filling Technician
596,55,3,1,فني خياطة وتطريز,Tailoring and embroidery Technecian
3344,37,7,2,فني سمعيات,Audiology Technician
1579,24,3,1,فني شبكات أول,1st Networks Technician
1577,24,3,1,فني شبكات ثالث,3rd Network Technician
1578,24,3,1,فني شبكات ثاني,2nd Networks Technician
4117,28,5,2,فني صيانة,Maintenance Technician
2102,14,3,1,فني صيانة مباني ثالث,3rd Building Maintenance Technician
2170,14,3,1,فني صيانة مباني ثاني,2nd Building Maintenance Technician
2101,14,3,1,فني صيانة مباني رابع,4th Building Maintenance Technician
3358,28,5,2,فني عمليات صناعية,Industrial Operations Technician
3360,55,3,3,فني كهرباء ثالث,Electrical Technician III
1528,14,3,1,فني لحام ثاني,2nd Welding Technician
3361,28,,1,فني ميكانيكا,Mechanical Technician
1534,14,3,1,فني نجارة رابع,4th Carpentry Technician
1563,24,3,1,فني نظم أول,1st Systems Technician
4136,24,5,2,فني وثائق إلكترونية رابع,4th Electronic Documents Technician
4139,55,3,1,فني ورش,Workshops Technician
3357,28,,1,فني ورش تكنولوجيا معلومات,IT Workshops Technician
1555,24,3,1,فني وسائط متعددة أول,1st Multimedia Technician
1554,24,3,1,فني وسائط متعددة ثاني,2nd Multimedia Technician
3872,63,3,1,قائد عمليات الامن السيبراني,IT Technical Security Lead
565,97,5,1,كاتب,Female Typist
1774,74,3,1,كاتب أرشيف أول,1st Archive Clerk
1773,74,3,1,كاتب أرشيف ثاني,2nd Archive Clerk
1771,74,3,1,كاتب أرشيف رابع,4th Archive Clerk
4259,64,3,1,كاتب أنشطة كشفية,Scouting Activities Clerk
3850,64,3,1,كاتب أنشطة كشفية اول,Senior Scouting Activities Clerk
2216,64,3,1,كاتب اتصال أول,1st Communication Officer
2214,64,3,1,كاتب اتصال ثالث,3rd Communication Officer
2215,64,3,1,كاتب اتصال ثاني,2nd Communication Officer
2213,64,3,1,كاتب اتصال رابع,4th Communication Officer
3152,74,3,1,كاتب ارشفة وتوثيق ثاني,SECOND ARCHIVING AND DOCUMENT CONTROL CLERK
3164,74,3,1,كاتب استعلامات ثالث,3rd Information Clerk
3165,74,3,1,كاتب استعلامات ثاني,2nd Information Clerk
3163,74,3,1,كاتب استعلامات رابع,4th Information Clerk
1766,74,3,1,كاتب استقبال أول,1st Receptionist
1764,74,3,1,كاتب استقبال ثالث,3rd Receptionist
1765,74,3,1,كاتب استقبال ثاني,2nd Receptionist
1763,74,3,1,كاتب استقبال رابع,4th Receptionist
4075,74,3,1,كاتب تسجيل ونقل مدارس ثالث,3rd School Registration and Transfer Clerk
4324,74,3,1,كاتب تسجيل ونقل مدارس رابع,4th School registration and transfer clerk
2434,283,3,1,كاتب تقييم طلبة ثالث,3rd Students Assessment Clerk
2851,64,3,1,كاتب تواصل أول,1st Communications Clerk
2853,64,3,1,كاتب تواصل ثالث,3st Communications Clerk
2852,64,3,1,كاتب تواصل ثاني,2st Communications Clerk
4238,74,3,1,كاتب ثاني,2nd Clerk
4249,74,3,1,كاتب خدمة جمهور,Public Services Clerk
4167,74,3,1,كاتب خدمة جمهور أول,Senior Public Service Clerk
4165,74,3,1,كاتب خدمة جمهور ثالث,3rd Public Service Clerk
4166,74,3,1,كاتب خدمة جمهور ثاني,2nd Public Service Clerk
4080,74,3,1,كاتب خدمة جمهور رابع,Public Services Clerk
1637,74,3,1,كاتب سكرتارية أول,1st Secretarial Clerk
1635,74,3,1,كاتب سكرتارية ثالث,3rd Secretarial Clerk
1636,74,3,1,كاتب سكرتارية ثاني,2nd Secretarial Clerk
2886,74,3,1,كاتب سكرتارية خامس,5th Secretarial Clerk
1634,74,3,2,كاتب سكرتارية رابع,4th Secretarial Clerk
1610,74,3,1,كاتب شؤون إدارية رابع,4th Administrative Clerk
731,97,5,1,كاتب شؤون ادارية,Adminstrative Clerk
4246,97,5,1,كاتب شؤون ادارية ثالث,3rd Administrative Affairs Clerk
3490,64,3,1,كاتب شؤون توظيف ثالث,Third Recruitment Affairs Clerk
4240,64,3,1,كاتب شؤون توظيف ثاني,2nd Recruitment Clerk
3489,283,3,1,كاتب شؤون توظيف رابع,4th Recruitment Clerk
4160,74,3,1,كاتب شؤون فنية ثالث,3rd Technical Affairs Clerk
1613,74,3,1,كاتب شئون إدارية أول,1st Administrative Clerk
1611,74,3,1,كاتب شئون إدارية ثالث,3rd Administrative Clerk
1612,74,3,1,كاتب شئون إدارية ثاني,2nd Administrative Clerk
1605,74,3,1,كاتب شئون مالية أول,1st Financial Clerk
1604,74,3,1,كاتب شئون مالية ثاني,2nd Financial Clerk
1627,74,3,1,كاتب شئون موظفين ثالث,3rd Perssonels Affairs Clerk
1628,74,3,1,كاتب شئون موظفين ثاني,2nd Perssonels Affairs Clerk
1626,74,3,1,كاتب شئون موظفين رابع,4th Perssonels Affairs Clerk
2208,64,3,1,كاتب علاقات ثالث,3rd Public Relations Officer
2209,64,3,1,كاتب علاقات ثاني,2nd Public Relations Officer
3717,64,3,1,كاتب مشتريات ثالث,Third Procurement Clerk
4024,64,3,1,كاتب مشتريات ثاني,Second Purchasing Clerk
3690,64,3,1,كاتب مشتريات رابع,Fourth Procurement Clerk
2421,24,3,1,كاتب وثائق ثالث,3rd Documents Clerk
2155,15,3,1,كهربائي أول,1st Electrician
2153,15,3,1,كهربائي ثالث,3rd Electrician
2076,15,3,1,كهربائي سيارات ثالث,3rd Electrical Mechnic
1263,63,3,1,مبرمج,Programmer
519,63,3,1,مبرمج حاسب آلي,Computer Programmer
1274,283,3,1,مترجم أول,1st Translator
2743,283,5,2,مترجم اول,1st Translator
1272,283,3,1,مترجم ثالث,3rd Translator
1273,283,3,1,مترجم ثاني,2nd Translator
26,27,5,2,محاسب,Accountant
1269,263,3,1,محاسب أول,1st Accountant
2890,263,3,1,محاسب تكلفة تقديرية أول,Senior Cost Estimation Accountant
2745,283,3,1,محاسب ثالث,3rd Accountant
1268,263,3,1,محاسب ثاني,2nd Accountant
4256,173,3,1,محرر صحفي أول,Senior News Editor
3454,173,3,1,محرر صحفي ثالث,Third Press Editor
3829,173,3,1,محرر صحفي ثاني,Second Press Editor
2620,74,,1,محصل رابع,Fourth collector
373,87,5,2,محضر مختبر,Laboratorian
3322,87,5,2,محضر مختبر احياء,Laboratory Assistant(Biology)
3320,87,5,2,محضر مختبر فيزياء,Laboratory Assistant(Physics)
3321,87,5,2,محضر مختبر كيمياء,Laboratory Assistant(Chemistry)
4195,63,3,1,محلل أعمال,Business Analyst
3746,63,3,1,محلل أنظمة أعمال,Business Systems Analyst
4021,63,3,1,محلل أنظمة أعمال أول,Senior Business Systems Analyst
3881,63,3,1,محلل إدارة المخاطر,Risk Management Analyst
3871,63,3,1,محلل إدارة الهوية والوصول,Identity & Access Management Analyst
3873,63,3,1,محلل استمرارية الاعمال خدمات التعافي من الكوارث,Disaster Recovery Analyst
3883,63,3,1,محلل الحوكمة الأمنية والمخاطر والامتثال,GRC Analyst
3875,63,3,1,محلل خصوصية,Privacy Analyst
1264,63,3,1,محلل مبرمج,Senior Developer
3870,63,3,1,محلل مخاطر وتهديدات,Risk and Security Analyst
1265,63,3,1,محلل نظم,System Analyst
1266,63,3,1,محلل نظم أول,1st System Analyst
3514,283,3,1,مخرج أفلام,Film Director
88,64,5,1,مدخل بيانات,Data Entry
2609,283,3,1,مدخل بيانات أول,1st Data Entry Clerk
2748,64,5,2,مدخل بيانات ثالث,3rd Data Entry
2608,24,3,1,مدخل بيانات ثاني,2nd Data Entry Clerk
2606,64,3,1,مدخل بيانات رابع,4th Data Entry Clerk
517,283,3,2,مدرب,Instructor
3368,28,5,2,مدرب امن وسلامة,Security and Safety Trainer
3031,28,4,2,مدرب تكنولوجيا معلومات,Information Technology Instructor
566,28,5,2,مدرب رياضة,Clerk
3253,283,3,1,مدرب فنون موسيقية ثالث,Third Music Arts Instructor
860,28,5,2,مدرب مهني مساعد,Assistant professional trainer
1271,263,3,1,مدقق  مالي,Financial/Auditor
2573,283,3,1,مدقق داخلي ثالث,Third Internal Auditor
3799,283,3,1,مدقق داخلي ثاني,Second Internal Auditor
3666,283,3,1,مدقق لغوي,Proof Reader
3743,283,4,1,مدقق لغوي (للغة العربية),Proofreading Specialist (Arabic)
1419,22,3,1,مدير إدارة البعثات,Director of Scholarships Department
2796,22,3,1,مدير إدارة التخطيط والجودة,Director of Planning and Quality Department
4065,22,3,1,مدير إدارة التخطيط والسياسات التربوية والابتكار,"Director of Planning, Educational Policies And Innovation Department"
2805,22,3,1,مدير إدارة التدقيق الداخلي,Director of Internal Audit Department
4068,22,3,1,مدير إدارة التربية الخاصة,Director of Special Education Department
3160,22,3,1,مدير إدارة التربية الخاصة ورعاية الموهوبين,Director of Special Education and Gifted Students Department
4081,22,3,1,مدير إدارة التعليم الإلكتروني والحلول الرقمية,Director of e-Learning and Digital Solutions Department
2797,22,3,1,مدير إدارة التعليم المبكر,Director of Early Years Education Department
2808,22,4,1,مدير إدارة التوجيه التربوي,Director of Educational Supervision Department
1445,22,3,1,مدير إدارة الخدمات العامة,Director of General Services Department
1484,22,3,1,مدير إدارة السياسات والأبحاث التربوية,Director of Educational Policy and Research Department
1345,22,3,1,مدير إدارة الشؤون القانونية,Director of Legal Affairs Department
4142,22,3,1,مدير إدارة الشؤون المالية,Director of the Financial Affairs Department
1440,22,3,1,مدير إدارة الشؤون المالية والإدارية,Director of Financial and Administrative Affairs Department
2814,22,3,1,مدير إدارة الصحة والسلامة,Director of Health and Safety Department
1476,22,3,1,مدير إدارة العلاقات العامة والاتصال,Director of Public Relations and Communications Department
3859,22,3,1,مدير إدارة المشتريات والمناقصات,Director of Purchasing and Tenders Department
3186,22,4,1,مدير إدارة المناهج الدراسية ومصادر التعلم,Director of Curriculum and Learning Resources Department
1434,22,3,1,مدير إدارة الموارد البشرية,Director of Human Resources Department
2810,22,3,1,مدير إدارة تراخيص المدارس الخاصة,Director of Private Schools Licensing Department
1403,22,3,1,مدير إدارة تقييم الطلبة,Director of Students Assessment Department
1402,22,3,1,مدير إدارة تقييم المدارس,Director of Schools Evaluation Department
3858,22,2,1,مدير إدارة دور الحضانة,Director of Nurseries Department
1489,22,3,1,مدير إدارة شؤون التعاون الدولي,Director of International Cooperation Affairs Department
1431,22,3,1,مدير إدارة شؤون المدارس,Director of School Affairs Department
1432,22,4,1,مدير إدارة شؤون المدارس الخاصة,Director of Private Schools Affairs Department
3157,22,3,1,مدير إدارة شؤون المعلمين,Director of Teachers Affairs Department
2811,22,3,1,مدير إدارة مراكز الخدمات التعليمية,Director of Educational Services Centers Department
3207,22,3,1,مدير إدارة مركز معلومات الطلبة,Director of Students Information Center
3161,22,3,1,مدير إدارة معادلة الشهادات الدراسية الجامعية,Director of University Degrees Equivalency Department
1456,22,3,1,مدير إدارة نظم المعلومات,Director of Information Systems Department
4204,22,4,1,مدير ادارة التعليم المهني والتقني والتخصصي,"Director of Vocational, Technical and Specialized Education Department"
530,12,3,1,مدير ادارة التفتيش الاداري والمالي,Director of Administrative and Financial Inspection Department
4876,22,2,1,مدير ادارة المدارس ورياض الأطفال الخاصة,Director of Private Schools and Kindergartens Department
4018,22,3,1,مدير ادارة شؤون المدارس والطلبة,Director of Schools and Students Affairs Department
1064,16,4,2,مدير المجمع وصاحب الترخيص,Complex Manager & License Owner
4847,22,3,1,مدير المركز العربي للتدريب التربوي لدول الخليج,Director of The Arab Educational Training Center for the Gulf States
4903,22,3,1,مدير المكتب الفني,Director of the Technical Office
4253,16,4,2,مدير روضة,kindergarten Principal
163,22,3,1,مدير قسم الخدمات العامة,General Services Section Manager
165,12,3,1,مدير قسم تطبيقات تكنولوجيا المعلومات,IT Apps. Section Manager
220,12,3,1,مدير قسم عمليات تكنولوجيا المعلومات,IT Operations Section Manager
91,27,5,2,مدير مالي واداري,Financial & Admin. Manager
1060,16,4,2,مدير مدرسة,School Manager
1032,36,5,2,مدير مرحلة,Stage director
3159,22,4,1,مدير مركز التدريب والتطوير,Director of Training and Development Center
3162,22,3,1,مدير مركز رؤى للتقييم والاستشارات والدعم,Director of Roua Assessment Advice&Support Center
2564,13,3,1,مدير مشروع,Project Manager
3265,22,3,1,مدير مكتب,Office Manager
1418,22,3,1,مدير مكتب الارشاد الجامعي والمهني,Director of College & Career Counseling office
1401,22,3,1,مدير مكتب الرخص المهنية,Director of Professional Licensing Office
3103,22,3,1,مدير مكتب المراكز التعليمية,Director of Educational  Centers Office
1230,22,3,1,مدير مكتب الوزير,Director of the Minister's Office
4023,22,3,1,مدير مكتب الوكيل المساعد لشؤون الخدمات المشتركة,Director of the Office of the Assistant Undersecretary for Shared Services Affairs
1404,22,3,1,مدير مكتب جمع البيانات,Director of Data Collection Office
857,22,3,1,مدير مكتب سعادة وكيل الوزارة,Head of H.E. Undersecretary Office
3104,22,3,1,مدير مكتب شؤون مؤسسات التعليم العالي,Director of Higher Education Institution's Affair's Office
1488,22,3,1,مدير مكتب مراجعة البرامج والتدقيق,Director of Programs Review and Auditing Office
2806,22,3,1,مدير مكتب وكيل الوزارة,Director of the Undersecretary's Office
4252,22,3,1,مدير مكتب وكيل الوزارة المساعد لشؤون التعليم الخاص,Director of the Office of the Assistant Undersecretary for Private Education Affairs
3600,22,3,1,مدير مكتب وكيل الوزارة المساعد للشؤون التعليمية,Manager of Assistant Undersecretary for Educational Affairs
1234,12,3,1,مدير هيئة التقييم,Director of Evaluation Institute
2259,22,3,1,مدير وحدة الأقسام الداخلية,Manager of Internal Department Unit
1270,263,3,1,مراجع مالي,Financial/Auditor
933,55,5,1,مراسل,Messenger
2174,55,3,1,مراسل أول,1st Messenger
2172,55,3,1,مراسل ثالث,3rd Messenger
2173,55,3,1,مراسل ثاني,2nd Messenger
2849,55,3,1,مراسل جوازات,Immigration Officer
2850,55,3,1,مراسل جوازات أول,1st Immigration Officer
4010,55,3,1,مراسل خامس,Fifth Messenger
2171,55,3,1,مراسل رابع,4th Messenger
4011,55,3,1,مراسل سادس,Sixth Messenger
2548,69,5,2,مرافق الدعم,Support Attendant
4133,24,5,1,مراقب  طلبة رابع,4th Students Supervisor
3036,64,3,1,مراقب تطوير مهني ثاني,Second Professional Development Controller
1957,24,3,1,مراقب تكنولوجيا أول,1st Technology Monitor
1955,24,3,1,مراقب تكنولوجيا ثالث,3rd Technology Monitor
1956,24,3,1,مراقب تكنولوجيا ثاني,2nd Technology Monitor
3129,64,3,1,مراقب تواصل اجتماعي ثالث,3rd Social Media Monitor
4844,64,3,1,مراقب حراس أول,First Superintendent
2429,283,3,1,مراقب خدمات مشتركة ثالث,3rd Shared Services Monitor
3810,64,,1,مراقب دور حضانة ثالث,3rd Nursery Superintendent
4148,44,3,1,مراقب دور حضانة ثاني,Second Nursery Supervisor
2408,54,3,1,مراقب رصد ثالث,3rd Monitoring Observer
2406,54,3,1,مراقب رصد خامس,5th Monitoring Observer
3617,24,3,1,مراقب قاعدة بيانات طلاب أول,1th Students database monitor
2891,24,3,1,مراقب قاعدة بيانات طلاب ثالث,3th Students database monitor
3616,24,3,1,مراقب قاعدة بيانات طلاب ثاني,2th Students database monitor
2517,24,3,1,مراقب قاعدة بيانات طلاب رابع,4th Students database monitor
2425,14,3,1,مراقب مباني ثالث,3rd Building Superintendent
2249,74,3,1,مراقب مخازن  ثالث,3rd Warehouse Superintedent
2251,283,3,1,مراقب مخازن أول,1st Warehouse Superintedent
4200,74,3,1,مراقب مخازن ثاني,2nd Warehouse Foreman
2250,283,3,1,مراقب مستودع ثاني,2nd Warehouse Superintedent
3899,117,5,2,مربية أطفال,Baby Sitter
1040,187,5,2,مرشد أكاديمي,Academic Advisor
1801,283,3,1,مرشد ثاني,2nd Guide
4932,28,4,2,مسؤول البحث والابتكار (معلم بحث وابتكار),Research & Innovation Officer (Research & Innovation Teacher)
178,57,5,2,مسؤول المشتريات,Procurement Officer
58,27,3,1,مسؤول مالي,Finance Officer
473,47,5,2,مسؤول مركز  مصادر التعلم,learning sources officer
2447,64,3,1,مساعد القبول والتسجيل,Admission and Registration Assistant
3416,287,5,2,مساعد امين مخزن,Assistant Storekeeper
3417,287,5,2,مساعد امين مكتبة,Assistant Librarian
2316,15,3,1,مساعد بناء,Construction Assistant
1998,15,3,1,مساعد حداد,Assistant Blacksmith
2284,15,3,1,مساعد سباك,Assistant Plumber
3418,287,5,2,مساعد سكرتير مدرسة,Assistant School Secretary
2006,15,3,1,مساعد صباغ,Assistant Painter
4273,267,5,2,مساعد عامل خدمات,Assistnat Services Worker
2332,15,3,1,مساعد عامل فني أسقف,Ceiling Finisher/ Installer Assistant
2324,15,3,1,مساعد عامل فني المنيوم,Aluminium Technician Assistant
2340,15,3,1,مساعد عامل فني زجاج,Glass Worker Assistant
2348,15,3,1,مساعد عامل فني سيلوتكس,False/Ceiling Installer Assistant
2356,15,3,1,مساعد عامل فني مفاتيح,Locksmith Assistant
2253,14,3,1,مساعد فنى نجارة أول,Senior Carpentry Technician Assistant
2083,14,3,1,مساعد فني تكييف وتبريد,Assistant Cooling and Conditioning Technician
2084,14,3,1,مساعد فني تكييف وتبريد أول,Senior Assistant Cooling and Conditioning Technician
2100,14,3,1,مساعد فني صيانة مباني أول,Senior Assistant Building Maintenance Technician
2160,14,3,1,مساعد فني لحام,Welding Technician Assistant
2161,14,3,1,مساعد فني لحام أول,1st Welding Technician Assistant
2274,74,3,1,مساعد كاتب أرشيف,Archivist Assistant
2275,74,3,1,مساعد كاتب أرشيف أول,Senir Archivist Assistant
2836,64,3,1,مساعد كاتب أرشيف خامس,5th Archivist Assistant
2189,64,3,1,مساعد كاتب استقبال,Receptionist Assistant
2835,64,3,1,مساعد كاتب استقبال خامس,5th Archivist Assistant
1975,74,3,1,مساعد كاتب سكرتارية أول,Senior Secretarial Clerk Assistant
1934,74,3,1,مساعد كاتب شئون إدارية,Assistant Clerk for Administrative Affairs
1935,74,3,1,مساعد كاتب شئون إدارية أول,Senior Assistant Clerk for Administrative Affairs
2516,64,3,1,مساعد كاتب وثائق أول,1st Assistant Clerk
2152,15,3,1,مساعد كهربائي,Electricians Assistant
1203,22,3,1,مساعد لمدير مكتب نظم المعلومات,Assistant Director of IT Office
4325,74,3,1,مساعد مدقق حسابات,Assistant Auditor
1435,22,3,1,مساعد مدير  الموارد البشرية والإدارية,Assistant Manager of Human and Administrative Resources
4855,22,3,1,مساعد مدير إدارة التدقيق الداخلي,Assistant Director of the Internal Audit Department
3521,22,3,1,مساعد مدير إدارة التربية الخاصة,Assistant Director of Special Education and Gifted Students Department
3520,22,4,1,مساعد مدير إدارة التوجيه التربوي,Assistant Director of the Department of Educational Supervision
1441,22,3,1,مساعد مدير إدارة الشؤون المالية والادارية,Assistant Director of the Financial and Administrative Affairs Department
4295,22,3,1,مساعد مدير إدارة العلاقات العامة والاتصال,Assistant Director of Public Relations and Communications Department
3913,22,3,1,مساعد مدير إدارة الموارد البشرية,Assistant Director of Human Resources Department
4082,22,3,1,مساعد مدير إدارة شؤون المدارس والطلبة,Assistant Director of Schools and Students Affairs Department
3522,22,3,1,مساعد مدير إدارة شؤون المعلمين,Assistant Director of the Department of Teachers Affairs
3326,22,3,1,مساعد مدير ادارة التعليم المبكر,Assistant Director of Early Years Education Department
751,22,3,1,مساعد مدير ادارة الحسابات,Assistant Manager of Accounting Dep.
4294,22,3,1,مساعد مدير مكتب الوزير لشؤون البحوث والسياسات,Assistant Director of the Minister's Office for Research and Policy Affairs
2784,22,3,1,مساعد مدير مكتب الوزير لشؤون المتابعة,Assistant Director of the Minister's Office for Follow-Up Affairs
3822,23,4,1,مساعد مدير مكتب الوزير لشؤون المتابعة,Assistant Manager of the Minister Office for the Follow up Affairs
2783,22,3,1,مساعد مدير مكتب الوزير لشؤون خدمة الجمهور,Assistant Director of the Minister's Office for Public Service
4293,22,3,1,مساعد مدير مكتب الوزير للشؤون الإعلامية والاتصال,Assistant Director of the Minister's Office for Media and Communication Affairs
1962,22,3,1,مساعد مدير مكتب تكنولوجيا المعلومات,Assistant Director of Information Technology Office
2446,22,3,1,مساعد مدير مكتب سعادة الوزير,Assistant Manager of Office of His Excellency the Minister
3800,47,5,2,مساعد مسؤول مصادر التعلم,Learning Resources Assistant Officer
3481,147,5,2,مساعد مشرف اداري,Assistant Administrative Superintendent
2276,24,3,1,مساعد معاين اتصالات,Communication Previewer Assistant
813,77,5,2,مساعد معلم,assistant teacher
3343,77,7,2,مساعد معلم برايل,Assistant Braille Teacher
3351,77,5,2,مساعد معلم برايل,Assistant Braille Teacher
2824,77,5,2,مساعد معلم تربية خاصة,Special Education Assistant Teacher
3342,77,5,2,مساعد معلم موسيقى,Assistant Music Teacher
420,22,3,1,مساعد ملحق,Assistant Attache
1672,64,3,1,مساعد مندوب هجرة,Assistant Immigration Officer
3415,287,5,2,مساعد موظف استقبال,Assistant Receptionist
1990,15,3,1,مساعد نجار,Assistant Carpenter
3587,23,4,1,مساعدة مدير مكتب تقييم الطلبة,Assistant Director of Student Assessment Office
4315,22,3,1,مساعدًا لمدير إدارة نظم المعلومات لشؤون المدارس بالوزارة,Assistant Director of Information Systems Department for Ministry School Affairs
2283,283,3,1,مستشار,Consultant
3689,283,3,1,مستشار  بمكتب سعادة الوزير,Advisor at the Minister Office
4019,283,2,1,مستشار أكاديمي,Academic Advisor
4145,283,3,1,مستشار اعتماد أكاديمي,Academic Accreditation Consultant
3488,283,,1,مستشار التعليم العالي,Higher Education Consultant
2881,113,3,1,مستشار الوزير  للشؤون المالية,Minister's Advisor For Financial Affairs
3444,113,3,1,مستشار في إدارة التربية الخاصة,Special Education Consultant
3663,283,4,1,مستشار لشؤون التعاون الدولي,International Cooperation Affairs Advisor
3662,283,4,1,مستشار لشؤون التعليم العالي,Higher Education Affairs Advisor
3661,283,4,1,مستشار للشؤون الأكاديمية,Academic Affairs Advisor
1776,74,3,1,مشرف أرشيف ثالث,3rd Archive Supervisor
4318,74,3,1,مشرف أنشطة كشفية اول,Senior Scouting Activities Supervisor
1572,24,3,1,مشرف اتصالات رابع,4th Communication Supervisor
441,283,5,1,مشرف اجتماعي,Social Superintendent
425,147,5,2,مشرف اداري,Administrative Superintendent
4056,147,5,2,مشرف اداري- احتياط,Reserve Administrative Supervisor
2888,74,3,1,مشرف ارشيف,Archive Supervisor
2825,63,3,1,مشرف الموقع الالكتروني,Webmaster
4156,283,3,1,مشرف تراخيص ثاني,Second Licensing Supervisor
4157,283,3,1,مشرف تراخيص رابع,Fourth Licensing Supervisor
1659,24,3,1,مشرف تصوير ثالث,3rd Photography Supervisor
2120,283,3,1,مشرف تفتيش إسكان أول,Senior Housing Inspection Supervisior
3815,283,,1,مشرف تفتيش دور حضانة أول,1 st Nursery Inspection Supervisor
3223,283,3,1,مشرف تفتيش صحة وسلامة,Health and Safety Inspection Supervisor
3224,283,3,1,مشرف تفتيش صحة وسلامة أول,1rd Health and Safety Inspection Supervisor
2097,283,3,1,مشرف تفتيش صيانة مباني,Building Maintenance Inspection Supervisor
2098,283,3,1,مشرف تفتيش صيانة مباني أول,Senior Building Maintenance Inspection Supervisor
1352,283,3,1,مشرف تفتيش مباني,Building Inspecting Supervisor
2125,283,3,1,مشرف تفتيش مقاصف أول,Senior Canteen Inspection Supervisor
4199,283,3,1,مشرف تقني معلومات رابع,4th Information Technology Supervisor
1506,14,3,1,مشرف تكييف وتبريد رابع,4th Air Conditioning and Cooling system Supervisor
1548,24,3,1,مشرف حاسب آلي  رابع,4th Computer Supervisor
4254,74,3,1,مشرف خدمة جمهور ثالث,3rd Customer Service Supervisor
1592,24,3,1,مشرف دعم ثاني,2nd Support Supervisor
4327,283,,1,مشرف رقابة ثالث,3th Control Supervisor
4269,283,,1,مشرف رقابة رابع,4th Control Supervisor
3681,283,3,1,مشرف سكرتارية رابع,Fourth Secretary Supervisor
4915,74,3,1,مشرف شؤون إدارية ثالث,3rd  administrative affairs supervisor
4031,64,3,2,مشرف شؤون إدارية رابع,4th Administrative Affairs Supervisor
1214,57,3,2,مشرف شؤون موظفين,Personnel Supervisor
1581,24,3,1,مشرف شبكات ثالث,3rd Networks Supervisor
2105,14,3,1,مشرف صيانة مباني ثالث,3rd Building Maintenance Supervisor
2106,14,3,1,مشرف صيانة مباني ثاني,2nd Building Maintenance Supervisor
1669,64,3,1,مشرف طباعة ثالث,3rd typewriting Supervisor
1670,64,3,1,مشرف طباعة ثاني,2nd typewriting Supervisor
1668,64,3,1,مشرف طباعة رابع,4th typewriting Supervisor
3731,283,5,1,مشرف طلاب,Students Supervisor
3710,147,5,2,مشرف طلاب أول,First Student Supervisor
3708,147,5,2,مشرف طلاب ثالث,Third Student Supervisor
3709,147,5,2,مشرف طلاب ثاني,Second Student Supervisor
2432,63,3,1,مشرف قاعدة بيانات,Database Supervisor
4231,283,3,1,مشرف كتبة اتصال رابع,4th Communication Clerk Supervisor
1767,74,3,1,مشرف كتبة استقبال رابع,4th Reception Supervisor
1639,74,3,1,مشرف كتبة سكرتارية ثالث,3rd Secretarial Clerk Supervisor
1638,74,3,1,مشرف كتبة سكرتارية رابع,4th Secretarial Clerk Supervisor
1616,74,3,1,مشرف كتبة شئون إدارية ثاني,2nd Administrative Clerks Supervisor
1614,74,3,1,مشرف كتبة شئون إدارية رابع,4th Administrative Clerks Supervisor
2148,14,3,1,مشرف كهربائيين رابع,4th Electricians Supervisor
2115,74,3,1,مشرف مخازن أول,1st Warehouse Supervisor
2113,74,3,1,مشرف مخازن ثالث,3rd Warehouse Supervisor
2114,74,3,1,مشرف مخازن ثاني,2nd Warehouse Supervisor
2112,74,3,1,مشرف مخازن رابع,4th Warehouse Supervisor
3907,283,5,1,مشرف مساعد,Assistant Supervisor
4029,283,3,1,مشرف مستودع أول,First Warehouse Supervisor
3679,283,3,1,مشرف مستودع ثاني,First Warehouse Supervisor
3851,14,3,1,مشرف مشتريات أول,First Purchasing Supervisor
3853,14,3,1,مشرف مشتريات ثالث,Third Purchasing Supervisor
3852,14,3,1,مشرف مشتريات ثاني,Second Purchasing Supervisor
3847,14,3,1,مشرف مشتريات رابع,Fourth Purchasing Supervisor
3928,283,3,1,مشرف مفتش دور حضانات,Nursery Inspector Supervisor
447,257,5,2,مشرف مقصف,Canteen Superintendent
4059,147,5,2,مشرف مقصف – احتياط,Reserve Canteen Supervisor
3894,283,3,1,مشرف ملاحظ حراسة وأمن ثاني,Second Security Foreman Supervisor
3370,283,3,1,مشرف ملاحظ حراسة وامن ثالث,Third Security Guard Supervisor
3127,64,3,1,مشرف ملاحظ حراسة وامن رابع,4th Security Guards Supervisor
4012,14,3,1,مشرف مندوبي خدمات رابع,Fourth Follow-Up Representative Supervisor
2056,64,3,1,مشرف نقليات ثالث,3rd transportation Supervisor
2057,64,3,1,مشرف نقليات ثاني,2nd transportation Supervisor
1556,24,3,1,مشرف وسائط متعددة رابع,4th Multimedia Supervisor
4289,283,3,1,مصمم ثاني,2ND DESIGNER
4892,283,3,1,مصمم جرافيك,Graphic Designer
1356,283,3,1,مصمم جرافيك أول,1st Graphic Designer
1354,283,3,1,مصمم جرافيك ثالث,3rd Graphic Designer
1355,283,3,1,مصمم جرافيك ثاني,2nd Graphic Designer
3745,63,3,1,مصممUI-UX,UI-UX Designer
1654,24,3,1,مصور رابع,4th Photographer
4276,63,3,1,مطور برامج ذكاء اعمال اول,Senior Business Intelligence Software Developer
3749,63,3,1,مطور ذكاء الأعمال,BI Developer
3802,63,3,1,مطور واجهة المستخدمين,Senior UI/UX Developer
4846,55,3,1,معاون سكرتارية,Secretary Assistant
4184,55,3,1,معاون فني كهرباء,Electrical Technician Assistant
4013,55,5,2,معاون كاتب وثائق,Assistant Documents Clerk
4224,55,5,2,معاون مندوب,Assistant Representative
4188,267,3,1,معاون مندوب اول,Senior Public Services Assistant Officer
4014,55,5,2,معاون مندوب هجرة,Assistant Immigration Representative
4194,55,5,2,معاون مندوب هجرة أول,Senior Assistant Passports and Immigration Representative
3461,283,3,1,معاين علاقات  عامة ثاني,Public Relations Inspector II
2622,14,,1,معاين مباني ثالث,Third Building Previewer
516,28,4,2,معلم,Teacher
897,28,4,1,معلم,Teacher
3431,28,4,2,معلم AP,AP Teacher
3380,28,4,2,معلم STEM,STEM Teacher
2515,28,4,2,معلم إدارة أعمال,Business Administration Teacher
3951,28,4,2,معلم إدارة-إقتصاد,Management and Economics teacher
2617,28,4,2,معلم إعلام,Media Teacher
623,28,4,2,معلم احياء,Biology Teacher
378,28,4,2,معلم الفنون البصرية,Art Education Teacher
3523,28,4,2,معلم الكترونيات وأتصالات,Electronics and Communications Teacher
3338,28,4,2,معلم المهارات الحياتية,Life SkillsTeacher
2532,28,4,2,معلم المواد التخصصية,Teacher  of specialized subjects
379,28,4,2,معلم اناشيد,Music Education Teacher
2616,28,4,2,معلم برامج الهندسة,Engineering Programs Teacher
3339,28,4,2,معلم برايل,Braille Teacher
3350,28,4,2,معلم برايل,Braille Teacher
3920,147,5,2,معلم تاريخ قطر,Qatar History Teacher
389,28,4,2,معلم تربية خاصة,Special Education Teacher
377,28,4,2,معلم تربية رياضية,Physical Education Teacher
2863,28,4,2,معلم تربية مسرحية,Theatre Education Teacher
3327,28,4,2,معلم تصميم,Interior Design Teacher
3394,28,4,2,معلم تصميم داخلي,Interior Design Teacher
3486,28,4,1,معلم تقني,Technical Teacher
4924,28,4,2,معلم تكنولوجيا التصميم (DT),Design Technology (DT) Teacher
381,28,4,2,معلم حاسب آلي,Computer Teacher
1061,28,4,2,معلم دراما,Drama Coordinator
791,28,4,2,معلم دعم إضافي,Additional Support teacher
3482,28,4,2,معلم رياض اطفال,Kindergarten teacher
567,28,4,2,معلم رياضيات,Mathematics Teacher
880,28,4,2,معلم صعوبات تعلم,Learning Difficulties Teacher
3215,28,4,2,معلم طفولة لغة انجليزية,English Teacher Early Education
563,28,4,2,معلم علم اجتماع,Social Science eacher
3445,28,4,2,معلم علم نفس,Psychology Teacher
386,28,4,2,معلم علوم,Science Teacher
2557,18,4,2,معلم علوم إدارية,Teacher  of Administrative Sciences
671,28,4,2,معلم علوم اجتماعية,Social Science Teacher
541,28,4,2,معلم علوم شرعية,Islamic Studies (Sharia) Teacher
3446,28,4,2,معلم فلسفة,Philosophy Teacher
3447,28,4,2,معلم فنون عمارة وتصميم,Architecture and Design Arts Teacher
605,28,4,2,معلم فيزياء,Physics Teacher
3218,28,,2,معلم قانون,Law teacher
593,28,4,2,معلم كيمياء,Chemistry Teacher
2614,28,4,2,معلم لغة ألمانية,German language teacher
2621,28,4,2,معلم لغة إسبانية,Spanish language teacher
384,28,4,2,معلم لغة عربية,Arabic Language Teacher
385,28,4,3,معلم لغة عربية ودراسات اسلامية,Arab and Islamic Studies teacher
387,28,4,2,معلم لغة فرنسية,French Language
3473,28,4,2,معلم لغة هندية,Indian Language teacher
2598,28,4,2,معلم لغة يابانية,Japanese language Teacher
383,28,4,2,معلم لغةانجليزية,English Language Teacher
4886,113,4,1,معلم مبتعث,Teacher on Scholarship
3356,28,5,2,معلم متدرب,Trainee Teacher
3365,28,4,2,معلم محاسبة,Accounting Teacher
4931,28,4,2,معلم مختبر المحاكاة الطبية,Medical Simulation Lab Instructor
372,28,4,2,معلم مسار ادبي,literary path teacher
382,28,4,2,معلم مسار علمي,scientific path teacher
3346,28,4,2,معلم مسار مهني,Vocational Track Teacher
740,28,4,2,معلم مهارات بحثية ومكتبية,Research and Office skills teacher
607,28,4,2,معلم مواد تجارية,Trade subjects teacher
3347,28,4,2,معلم موسيقى,Music Teacher
3337,28,4,2,معلم موسيقي,Music Teacher
3364,28,4,2,معلم نظم وتكنولوجيا معلومات,Information Systems and Technology Teacher
4925,28,4,2,معلم/مهندس مختبر الطب الحيوي / التكنولوجيا الحيوية,Biomedical / Biotechnology Lab Teacher–Engineer
2117,283,3,1,مفتش إسكان ثاني,2nd Housing Inspector
3807,283,,1,مفتش دور حضانات أول,1st Nursery Inspector
3819,283,,1,مفتش دور حضانة ثالث,3rd Nursery Inspector
3809,283,,1,مفتش دور حضانة ثاني,2nd Nursery Inspector
3222,283,,1,مفتش صحة وسلامة أول,1rd Health and Safety Inspector
3221,283,,1,مفتش صحة وسلامة ثاني,2rd Health and Safety Inspector
2096,283,3,1,مفتش صيانة مباني أول,1st Building Maintenance inspector
2095,283,3,1,مفتش صيانة مباني ثاني,2nd Building Maintenance inspector
1351,283,3,1,مفتش مباني أول,1st Building Inspector
1349,283,3,1,مفتش مباني ثالث,3rd Building Inspector
2123,283,3,1,مفتش مقاصف أول,1st Canteen Inspector
2121,283,3,1,مفتش مقاصف ثالث,3rd Canteen Inspector
2122,283,3,1,مفتش مقاصف ثاني,2nd Canteen Inspector
597,22,3,1,مفوض عام جمعية الكشافة,Scouts Association Commissioner
4073,55,3,1,ملاحظ  خدمات خامس,5th worker Supervisor
1828,55,3,1,ملاحظ  خدمات رابع,4th worker Supervisor
4242,55,3,1,ملاحظ بدالة خامس,5th Telephone Operator Observer
2005,15,3,1,ملاحظ حدادة أول,1st Blacksmithing Foreman
2003,15,3,1,ملاحظ حدادة ثالث,3rd Blacksmithing Foreman
2002,15,3,1,ملاحظ حدادة رابع,4th Blacksmithing Foreman
2183,55,3,1,ملاحظ حراس أول,1st Guards Foreman
2181,55,3,1,ملاحظ حراس ثالث,3rd Guards Foreman
2182,55,3,1,ملاحظ حراس ثاني,2nd Guards Foreman
4129,55,3,1,ملاحظ حراس خامس,5th Guards Foreman
2180,55,3,1,ملاحظ حراس رابع,4th Guards Foreman
1831,55,3,1,ملاحظ خدمات أول,1st worker Supervisor
1829,55,3,1,ملاحظ خدمات ثالث,3rd worker Supervisor
1830,55,3,1,ملاحظ خدمات ثاني,2nd worker Supervisor
1982,25,3,1,ملاحظ سائقين أول,1st Light Drivers Foreman
1989,25,3,1,ملاحظ سائقين أول,1nd Heavy Driver Foreman
1980,25,3,1,ملاحظ سائقين ثالث,3rd Light Drivers Foreman
1987,25,3,1,ملاحظ سائقين ثالث,3rd Heavy Driver Foreman
1981,25,3,1,ملاحظ سائقين ثاني,2nd Light Drivers Foreman
1988,25,3,1,ملاحظ سائقين ثاني,2nd Heavy Driver Foreman
1979,25,3,1,ملاحظ سائقين رابع,4th Light Drivers Foreman
1986,25,3,1,ملاحظ سائقين رابع,4th Heavy Driver Foreman
2011,15,3,1,ملاحظ صباغة ثالث,3rd painting Foreman
1005,29,5,2,ملاحظ طلبه,Supervisor
2130,55,3,1,ملاحظ عمال بدالة رابع,4th Operators Foreman
4183,55,3,1,ملاحظ عمال خدمات ثالث,3rd Services Workers Supervisor
4181,55,3,1,ملاحظ عمال خدمات خامس,5th Services Workers Supervisor
4182,55,3,1,ملاحظ عمال خدمات رابع,4th Services Workers Supervisor
1931,55,3,1,ملاحظ عمال ملفات ثالث,3rd Files Clerks Supervisor
1930,55,3,1,ملاحظ عمال ملفات رابع,4th Files Clerks Supervisor
2157,15,3,1,ملاحظ كهربائيين ثالث,3rd Electricians Foreman
3773,55,3,1,ملاحظ مراسلين أول,Senior Office Messenger Supervisor
3775,55,3,1,ملاحظ مراسلين ثالث,Third Office Messenger Supervisor
3774,55,3,1,ملاحظ مراسلين ثاني,Second Office Messenger Supervisor
3777,55,3,1,ملاحظ مراسلين خامس,Fifth Office Messenger Supervisor
3776,55,3,1,ملاحظ مراسلين رابع,Fourth Office Messenger Supervisor
2074,15,3,1,ملاحظ ميكانيكي سيارات أول,1st  Mechanic  Foreman
2073,15,3,1,ملاحظ ميكانيكي سيارات ثاني,2nd  Mechanic  Foreman
2071,15,3,1,ملاحظ ميكانيكيي سيارات رابع,4th Mechanic  Foreman
1996,15,3,1,ملاحظ نجارة ثاني,2nd Carpentry Foreman
1994,15,3,1,ملاحظ نجارة رابع,4th Carpentry Foreman
2583,12,3,1,ملحق ثقافي,Cultural Attaché
1878,277,3,2,ممرض,Nurse
2262,44,3,1,ممرض ثالث,3rd Nurse
3513,54,3,1,منتج أفلام,Film Producer
4015,54,3,1,منتج أفلام ثالث,Third Film Producer
4205,54,3,1,منتج أفلام ثاني,2nd Film Producer
965,55,5,3,مندوب,Representative
4869,64,3,1,مندوب خدمات أول,Senior Representative
2776,55,5,1,مندوب خدمات ثالث,3rd Correspondant
3680,55,3,1,مندوب خدمات رابع,Fourth Representative
3148,64,3,1,مندوب قضايا,Legal Correspondant
2584,12,3,1,مندوب قطر الدائم باليونسكو,Qatar’s Permanent Delegate to UNESCO
1687,64,3,1,مندوب متابعة أول,1st Follow up Officer
1685,64,3,1,مندوب متابعة ثالث,3rd Follow up Officer
1686,64,3,2,مندوب متابعة ثاني,2nd Follow up Officer
1683,64,3,1,مندوب متابعة خامس,5th Follow up Officer
1684,64,3,1,مندوب متابعة رابع,4th Follow up Officer
2256,64,3,1,مندوب مشتريات ثالث,3rd Purchases Officer
2254,64,3,1,مندوب مشتريات خامس,5th Purchases Officer
2255,64,3,1,مندوب مشتريات رابع,4th Purchases Officer
1675,55,3,1,مندوب هجرة ثالث,3rd Immigration Officer
1673,64,3,1,مندوب هجرة خامس,5th Immigration Officer
1674,64,3,1,مندوب هجرة رابع,4th Immigration Officer
71,18,5,2,منسق,Coordinator
1794,173,3,1,منسق  أعلامي ثاني,2nd Media Coordinator
1921,283,3,1,منسق  بعثات أول,1st Scholarship Coordinator
1920,283,3,1,منسق  بعثات ثاني,2nd Scholarship Coordinator
1052,18,4,2,منسق  تكنولوجيا المعلومات,Information Technology Coordinator
3396,28,4,2,منسق AP,AP Coordinator
1793,173,3,1,منسق أعلامي  ثالث,3rd Media  Coordinator
4155,18,4,2,منسق أنشطة,Activities Coordinator
4317,283,3,1,منسق أنشطة كشفية أول,Senior Scouting Activities Coordinator
1781,163,3,1,منسق اتصال ومعلومات أول,1st Communication and Information Coordinator
1779,163,3,1,منسق اتصال ومعلومات ثالث,3rd Communication and Information Coordinator
1780,163,3,1,منسق اتصال ومعلومات ثاني,2nd Communication and Information Coordinator
1494,283,3,1,منسق اتفاقات أول,1st Agreements Coordinator
1492,283,3,1,منسق اتفاقات ثالث,3rd Agreement Coordinator
1493,283,3,1,منسق اتفاقات ثاني,2nd Agreements Coordinator
1030,18,4,2,منسق احياء,Biology Coordinator
1038,18,4,2,منسق الدعم الإضافي,Additional Support Coordinator
1042,18,4,2,منسق الفنون البصرية,Art Education Coordinator
1044,18,4,2,منسق اللغة العربية,Arabic Coordinator
2537,68,4,2,منسق المشاريع الالكترونية,Electronic Projects Coordinator
3192,18,4,2,منسق المهارات المهنية,Vocational Skills Coordinator
3603,283,3,1,منسق بروتوكول أول,1st Protocol Coordinator
3477,283,3,1,منسق بروتوكول ثالث,Third Protocol Coordinator
3602,283,3,1,منسق بروتوكول ثاني,2nd Protocol Coordinator
1919,283,3,1,منسق بعثات ثالث,3rd Scholarship Coordinator
2558,18,4,2,منسق بكالوريا,Baccalaureate Coordinator
1289,63,3,1,منسق تجهيزات أول,1st Supplies Coordinator
1287,63,3,1,منسق تجهيزات ثالث,3rd Supplies Coordinator
1288,63,3,1,منسق تجهيزات ثاني,2nd Supplies Coordinator
1839,283,3,1,منسق تربية بدنية ثالث,3rd Physical Education Coordinator
2827,18,4,2,منسق تربية خاصة,Special Education Coordinator
1065,18,4,2,منسق تربية رياضيه,Physical Education Coordinator
1294,283,3,1,منسق تطوير مهني  أول,1st Professional Development Coordinator
3618,18,4,2,منسق تقني,Technical Coordinator
2842,283,3,3,منسق تواصل أول,1st Communications Coordinator
2840,283,3,1,منسق تواصل ثالث,3rd Communications Coordinator
2841,283,5,1,منسق تواصل ثاني,2nd Communications Coordinator
4879,113,2,1,منسق توجيه رياض أطفال أول,Senior kindergarten Supervision Coordinator
1855,283,3,1,منسق خدمات أول,1st Service Coordinator
1853,283,3,1,منسق خدمات ثالث,3rd Service Coordinator
1043,18,4,2,منسق دراسات اجتماعية,Social Studies Coordinator
3448,18,4,2,منسق رياض أطفال ثاني,Second kindergarten coordinator
3440,18,4,1,منسق رياض لأطفال مبادرة,Kindergarten Initiative Coordinator
1045,18,4,2,منسق رياضيات,Mathematic Coordinator
3683,18,4,2,منسق رياضيات ثالث,3rd Mathematic Coordinator
4908,113,3,1,منسق شؤون مؤسسات التعليم العالي ثالث,3rd Higher Education Institutions Affairs Coordinator
4297,113,3,1,منسق شؤون مؤسسات التعليم العالي ثاني,2sd Coordinator of Higher Education Institutions Affairs
2556,283,5,2,منسق شئون إدارية أول,Administrative Affairs Coordinator
1046,48,5,2,منسق شئون الطلاب,Student Affairs Coordinator
2555,18,5,2,منسق شئون مالية,Financial affairs coordinator
2864,18,4,2,منسق طفولة لغة انجليزية,English Coordinator Early Education
2593,283,3,1,منسق علاقات دولية أول,1st International Relations Coordinator
2591,283,3,1,منسق علاقات دولية ثالث,Third International Affairs Coordinator
2592,283,3,1,منسق علاقات دولية ثاني,2nd International Relations Coordinator
1788,163,3,1,منسق علاقات عامة أول,1st Public Relations Coordinator
1786,163,3,1,منسق علاقات عامة ثالث,3rd Public Relations Coordinator
1787,163,3,1,منسق علاقات عامة ثاني,2nd Public Relations Coordinator
1048,18,4,2,منسق علوم,Science Coordinator
2865,18,4,2,منسق علوم اجتماعية,Sociel Science Coordinator
1049,18,4,2,منسق علوم شرعية,Islamic Studies Coordinator
1066,18,4,2,منسق فيزياء,Physics Coordinator
3241,283,3,1,منسق قاعدة بيانات أول,1nd Database Coordinator
1067,18,4,2,منسق كيمياء,Chemistry Coordinator
1050,18,4,2,منسق لغة انجليزية,English Coordinator
3919,18,4,2,منسق مادة تاريخ قطر,Qatar History Coordinator
3492,18,4,2,منسق مادة رياض اطفال,Kindergarten Coordinator
1047,48,4,2,منسق مادة طفولة مبكرة,early childhood Coordinator
3191,18,4,2,منسق مادة لذوي الإعاقة السمعية,Subject Coordinator for the Hearing Impaired
4220,283,3,1,منسق متابعة تقييم أداء وظيفي اول,Senior Performance Appraisal Follow-up Coordinator
4897,113,3,1,منسق متابعة تقييم أداء وظيفي ثالث,3rd  Performance Management  System Coordinator
4168,113,2,1,منسق متابعة تقييم أداء وظيفي ثاني,2nd Performance Appraisal Follow-up Coordinator
4248,283,3,1,منسق مخازن ثالث,2 nd warehouse coordinator
4916,283,3,1,منسق مخازن ثاني,3rd Warehouse Coordinator
3905,117,5,2,منسق مرحلة إبتدائية,Primary Coordinator
1054,18,4,2,منسق مسار أدبي,literary path Coordinator
2615,18,4,2,منسق مسار المهارات الفنية,Tedhnical Skills Coordinator
1055,18,4,2,منسق مسار علمي,scientific path Coordinator
3884,68,3,1,منسق مشاريع,Projects Coordinator
1309,283,3,1,منسق مناهج أول,1st  Curriculum Coordinator
3397,18,4,2,منسق مواد ادبية,Literary Subject Coordinator
2531,18,4,2,منسق مواد تخصصية,Coordinator of specialized subjects
1056,18,4,2,منسق مواد غير اساسية,non-fundamental Coordinator
3379,18,4,2,منسق مواد وبرامج  STEM,STEM Materials and Programs Coordinator
4016,63,4,1,منسق موقع إلكتروني ثالث,Third Website Coordinator
2233,223,3,1,منسق وثائق أول,1st Documents Coordinator
2231,223,3,1,منسق وثائق ثالث,3rd Documents Coordinator
2232,223,3,1,منسق وثائق ثاني,2nd Documents Coordinator
3395,28,4,2,مهندس,Engineer
1255,13,3,1,مهندس  كهرباء ثالث,3rd Electrical Engineer
1256,13,3,1,مهندس  كهرباء ثاني,2nd Electrical Engineer
4135,63,3,1,مهندس أمن معلومات ثاني,Second Information Security Engineer
3878,63,3,1,مهندس إدارة أجهزة الشبكات وامن المعلومات,Network and Security Engineer
3866,63,3,1,مهندس إدارة البريد الالكتروني,Email Management Engineer
3865,63,3,1,مهندس إدارة خدمات حماية الأجهزة,Endpoint Protection Services Engineer
3863,63,3,1,مهندس إدارة وسائل تخزين,Storage Management Engineer
4250,63,3,1,مهندس اتصالات اول,Senior Communication Engineer
3879,63,3,1,مهندس استراتيجية تكنولوجيا المعلومات,Information Technology Policy Engineer
3862,63,3,1,مهندس الأنظمة السحابية والبنية التحتية,Cloud & Infrastructure Architect
3880,63,3,1,مهندس امن الاعمال,Business Security Architect
3876,63,3,1,مهندس امن تطبيقات,Application Security Engineering
3877,63,3,1,مهندس امن تقني,Technical Security Architect
2039,13,3,1,مهندس انشائي أول,1st Structural Engineer
2037,13,3,1,مهندس انشائي ثالث,3rd Structural Engineer
3861,63,3,1,مهندس بيانات,Data Architect
3864,63,3,1,مهندس تشغيل ومراقبة مركز البيانات,Data Center Operations and Monitoring of IT Infrastructure Engineer
4330,13,3,1,مهندس تعليم تقني اول,Senior Technical Education Engineer
3383,28,4,2,مهندس تكنولوجيا,Technology Engineer
2035,13,3,1,مهندس تكييف أول,1st Conditioning Engineer
2033,13,3,1,مهندس تكييف ثالث,3rd C Engineer
2034,13,3,1,مهندس تكييف ثاني,2nd Conditioning Engineer
4306,283,3,1,مهندس جودة ثالث,3rd  Quality Engineer
1940,63,3,1,مهندس حاسب آلي أول,1st IT Engineer
1938,63,3,1,مهندس حاسب آلي ثالث,3rd IT Engineer
1939,63,3,1,مهندس حاسب آلي ثاني,2nd IT Engineer
3747,63,3,1,مهندس حلول,Solution Architect
3867,63,3,1,مهندس خدمات النسخ الاحتياطي والاستعادة,Backup and Restore engineer
3869,63,3,1,مهندس دعم تطبيقات,Application support engineer
4017,63,3,1,مهندس دعم تطبيقات أول,Senior Application Support Engineer
1952,63,3,1,مهندس دعم فني أول,1st Technical Support Engineer
1950,63,3,1,مهندس دعم فني ثالث,3rd Technical Support Engineer
1951,63,3,1,مهندس دعم فني ثاني,2nd Technical Support Engineer
2086,43,3,1,مهندس زراعة ثاني,2nd Agricultural Engineer
2085,43,3,1,مهندس زراعي ثالث,3rd Agricultural Engineer
3803,63,3,1,مهندس شبكات,Network Engineer
1948,63,3,1,مهندس شبكات أول,1st Network Engineer
3801,63,3,1,مهندس ضبط جودة,Senior QA Engineer
3312,283,3,1,مهندس ضمان الجودة اول,Senior QA Engineer
3868,63,3,1,مهندس قواعد بيانات,Database Administrator/ Database Engineer
3381,28,4,2,مهندس كهرباء,Electrical Engineer
2475,13,3,1,مهندس كهرباء أول,1st Electrical Engineer
2476,13,3,1,مهندس كهرباء ثاني,2nd  Electrical Engineer
4923,28,4,2,مهندس مختبر STEM,STEM Lab Engineer
4927,28,4,2,مهندس مختبر الاتصالات,Telecommunica-tions Lab Engineer
4920,28,4,2,مهندس مختبر التصنيع الرقمي,Digital Fabrication Lab Engineer
4922,28,4,2,مهندس مختبر الروبوت,Robotics Lab Engineer
4926,28,4,2,مهندس مختبر الشبكات,Networking Lab Engineer
4921,28,4,2,مهندس مختبر الطاقة,Energy Lab Engineer
4928,28,4,2,مهندس مختبر الكيمياء التحليلية,Analytical Chemistry Lab Engineer/Teacher
3842,28,4,2,مهندس مختبرات العلوم والتكنولوجيا,Engineer of Science and Technology
1253,13,3,1,مهندس مدني أول,1st Civil Engineer
1261,13,3,1,مهندس معماري أول,1st Architect
1259,13,3,1,مهندس معماري ثالث,3rd Architect
1260,13,3,1,مهندس معماري ثاني,2nd Architect
3382,28,4,2,مهندس ميكانيكا,Mechanical Engineer
1965,63,3,1,مهندس نظم أول,1st Systems Engineer
1964,63,3,1,مهندس نظم ثاني,2nd Systems Engineer
239,13,3,1,مهندس وسائط متعددة,Multimedia Engineer
1944,63,3,1,مهندس وسائط متعددة أول,1st Multimedia Engineer
4929,28,4,2,مهندس/معلم مختبر الفيزياء التطبيقية,Applied Physics Lab Teacher / Engineer
4930,28,4,2,مهندس/معلم مختبر علوم الفضاء والطيران,Aerospace & Space Science Lab Teacher / Engineer
3860,63,3,1,موثق تقني,Technical Writer
50303,283,3,1,موجه  لغة فرنسية,موجه  لغة فرنسية
3798,283,4,1,موجه إدارة أعمال,Business Administration Supervisor
3703,283,4,1,موجه إرشاد أكاديمي ومهني,Academic and Carrere Counseling Supervisor
3848,283,4,1,موجه التربية الإسلامية,Instructor of Islamic education
3701,283,4,1,موجه الفنون البصرية والمسرح,Visual Art and Drama Supervisor
3702,283,4,1,موجه اللغة الإنجليزية,English Supervisor
468,283,3,1,موجه تربية رياضية,Inspector Physical Education
3704,283,4,1,موجه دراسات اجتماعية,Social Study Supervisor
3705,283,4,1,موجه رياض أطفال,Kindergarten Supervisor
3706,283,4,1,موجه رياضيات,Mathematics Supervisor
3257,283,3,1,موجه علوم,science supervisor
2869,283,3,2,موجه فنون بصرية,Visual Arts Supervisor
3494,167,3,1,موجه لغة انجليزية-طفولة,English Language Inspector-childhood
492,13,3,1,موجه مختبرات مدرسية,Laboratories Inspector
3707,283,4,1,موجه مسار أدبي,Humanities Track Supervisor
3495,167,3,1,موجه مسار علمي,Scientific Path  Inspector
84,117,5,2,موظف استقبال,Receptionist
4057,117,5,2,موظف استقبال – احتياط,Reserve Receptionist
3896,117,5,2,موظف امن,Security
3904,117,5,2,موظف موارد بشرية,HR Officer
2068,15,3,1,ميكانيكي سيارات ثالث,3rd Mechanic
3022,18,4,2,نائب المدير لشؤون التعليم التقني,Deputy Director for Technical Afffairs
1033,46,4,2,نائب المدير للشؤون الأكاديمية,Deputy Director for Academic Affairs
1035,66,5,2,نائب المدير للشؤون الإدارية بالروضة,Deputy Director for kindergarten
1034,56,5,2,نائب المدير للشؤون الإدارية وشؤون الطلاب,Deputy Director for Management and Student Affairs
2809,22,3,1,وكيل الوزارة المساعد لشؤون التعليم الخاص,Assistant Undersecretary for Private Education Affairs
2815,22,3,1,وكيل الوزارة المساعد لشؤون التعليم العالي,Assistant Undersecretary for Higher Education Affairs
2812,22,3,1,وكيل الوزارة المساعد لشؤون التقييم,Assistant Undersecretary for Evaluation Affairs
2813,22,3,1,وكيل الوزارة المساعد لشؤون الخدمات المشتركة,Assistant Undersecretary of Shared Services Affairs
2807,22,3,1,وكيل الوزارة المساعد للشؤون التعليمية,Assistant Undersecretary for Educational Affairs
489,283,3,1,وكيل مدرسة,Head of master Assistant
4850,12,3,1,وكيل وزارة,Undersecretary
270,12,3,1,وكيل وزارة التربية والتعليم والتعليم العالي,MOEHE  Undersecretary
